frame_idx,time_s,pos_m,lwrist_pos_m,rwrist_pos_m,px_per_m,selection_mode,lwrist_x,lwrist_y,rwrist_x,rwrist_y,lshoulder_x,lshoulder_y,rshoulder_x,rshoulder_y
0,0.0,100.0,112.19355773925781,97.14956665039062,1.0,auto,112.19355773925781,893.2671508789062,97.14956665039062,891.79541015625,115.30494689941406,863.2014770507812,90.22537231445312,861.3438110351562
1,0.016666666666666666,122.0,133.89810180664062,117.69500732421875,1.0,auto,133.89810180664062,894.8246459960938,117.69500732421875,893.6195068359375,136.0799102783203,864.1383666992188,111.0107421875,863.67724609375
2,0.03333333333333333,141.0,152.399169921875,137.85659790039062,1.0,auto,152.399169921875,895.8754272460938,137.85659790039062,894.255615234375,155.32882690429688,865.7039794921875,130.62774658203125,864.4083251953125
3,0.05,158.0,169.45803833007812,154.21957397460938,1.0,auto,169.45803833007812,895.986572265625,154.21957397460938,895.4854736328125,171.9610595703125,865.3472900390625,147.99261474609375,864.2412109375
4,0.06666666666666667,174.0,185.24014282226562,170.6398468017578,1.0,auto,185.24014282226562,895.770751953125,170.6398468017578,893.3030395507812,188.1845703125,866.3877563476562,163.1735382080078,864.708984375
5,0.08333333333333333,189.0,200.37374877929688,185.98043823242188,1.0,auto,200.37374877929688,896.0061645507812,185.98043823242188,894.0684814453125,203.26486206054688,866.9515991210938,178.55804443359375,865.402587890625
6,0.1,204.0,215.15185546875,201.03424072265625,1.0,auto,215.15185546875,896.6116943359375,201.03424072265625,894.9296264648438,218.25900268554688,866.9671630859375,193.65716552734375,865.76953125
7,0.11666666666666667,219.0,230.5384521484375,215.39901733398438,1.0,auto,230.5384521484375,897.4087524414062,215.39901733398438,895.7902221679688,233.62136840820312,867.945068359375,208.71365356445312,866.6268310546875
8,0.13333333333333333,232.0,243.07232666015625,228.57467651367188,1.0,auto,243.07232666015625,896.78515625,228.57467651367188,895.7010498046875,245.93789672851562,867.7379150390625,221.41912841796875,866.2158203125
9,0.15,244.0,256.1148986816406,242.75091552734375,1.0,auto,256.1148986816406,896.9127197265625,242.75091552734375,895.9013671875,258.8548889160156,867.560302734375,234.5699462890625,866.2462768554688
10,0.16666666666666666,257.0,268.5545959472656,254.77206420898438,1.0,auto,268.5545959472656,896.7312622070312,254.77206420898438,895.5626831054688,271.04522705078125,866.5806274414062,247.00714111328125,866.03369140625
11,0.18333333333333332,269.0,281.0560302734375,266.99407958984375,1.0,auto,281.0560302734375,896.7755126953125,266.99407958984375,895.4006958007812,283.69488525390625,867.5947875976562,259.2626647949219,866.3021850585938
12,0.2,282.0,294.03070068359375,280.3896789550781,1.0,auto,294.03070068359375,896.8651123046875,280.3896789550781,896.031494140625,296.31793212890625,867.875244140625,272.3172302246094,866.7406005859375
13,0.21666666666666667,295.0,307.2606506347656,292.1533203125,1.0,auto,307.2606506347656,897.5750122070312,292.1533203125,896.7425537109375,309.55438232421875,868.9882202148438,285.7457275390625,867.333740234375
14,0.23333333333333334,308.0,321.0570373535156,306.5957336425781,1.0,auto,321.0570373535156,898.3946533203125,306.5957336425781,897.7029418945312,322.819091796875,870.1443481445312,298.8867492675781,868.3385009765625
15,0.25,321.0,334.14727783203125,319.9538269042969,1.0,auto,334.14727783203125,899.7058715820312,319.9538269042969,899.3976440429688,335.47076416015625,870.2151489257812,311.80511474609375,869.12939453125
16,0.26666666666666666,334.0,346.080810546875,332.14141845703125,1.0,auto,346.080810546875,899.5924682617188,332.14141845703125,898.6041870117188,348.68524169921875,871.5509643554688,324.87322998046875,869.4449462890625
17,0.2833333333333333,347.0,358.90313720703125,345.5487060546875,1.0,auto,358.90313720703125,900.0592041015625,345.5487060546875,898.8555297851562,361.38177490234375,871.938720703125,337.77398681640625,869.8305053710938
18,0.3,360.0,371.47772216796875,357.8023986816406,1.0,auto,371.47772216796875,899.818115234375,357.8023986816406,899.3507690429688,374.06988525390625,872.4248657226562,350.2835998535156,870.4571533203125
19,0.31666666666666665,372.0,384.2627868652344,369.9678955078125,1.0,auto,384.2627868652344,901.0565795898438,369.9678955078125,901.0513916015625,385.937744140625,871.9256591796875,362.93572998046875,870.7833251953125
20,0.3333333333333333,385.0,397.09765625,382.54815673828125,1.0,auto,397.09765625,900.6459350585938,382.54815673828125,900.2713623046875,398.4110107421875,872.385498046875,375.1681213378906,870.567626953125
21,0.35,397.0,409.2090148925781,394.2816162109375,1.0,auto,409.2090148925781,901.2704467773438,394.2816162109375,901.0203857421875,411.23883056640625,872.0609130859375,388.04656982421875,870.641845703125
22,0.36666666666666664,410.0,421.88958740234375,407.28656005859375,1.0,auto,421.88958740234375,900.9700317382812,407.28656005859375,901.3112182617188,423.9018859863281,872.1517333984375,400.70355224609375,870.6851196289062
23,0.38333333333333336,423.0,435.1060791015625,419.567138671875,1.0,auto,435.1060791015625,901.8236694335938,419.567138671875,901.4984130859375,436.7999267578125,872.4512939453125,413.80902099609375,871.0787353515625
24,0.4,435.0,446.9561767578125,432.6087646484375,1.0,auto,446.9561767578125,901.83203125,432.6087646484375,901.6871337890625,448.654052734375,872.480224609375,425.7701110839844,871.3419799804688
25,0.4166666666666667,447.0,458.57025146484375,444.34039306640625,1.0,auto,458.57025146484375,901.9010009765625,444.34039306640625,901.75732421875,460.13970947265625,873.112548828125,437.4559326171875,871.7008666992188
26,0.43333333333333335,458.0,470.08599853515625,455.3597412109375,1.0,auto,470.08599853515625,902.3917236328125,455.3597412109375,901.6404418945312,471.89385986328125,873.5751342773438,449.18634033203125,872.4397583007812
27,0.45,470.0,481.541015625,467.40673828125,1.0,auto,481.541015625,902.784423828125,467.40673828125,902.5037841796875,483.52069091796875,873.556640625,460.7843017578125,872.5835571289062
28,0.4666666666666667,482.0,493.878662109375,479.6639404296875,1.0,auto,493.878662109375,902.0932006835938,479.6639404296875,900.8198852539062,495.3936767578125,873.3470458984375,473.0870361328125,872.1563110351562
29,0.48333333333333334,495.0,506.31402587890625,491.121337890625,1.0,auto,506.31402587890625,901.8228759765625,491.121337890625,901.11767578125,508.45794677734375,873.7139282226562,485.54949951171875,871.7734985351562
30,0.5,508.0,519.374755859375,504.272216796875,1.0,auto,519.374755859375,901.857666015625,504.272216796875,902.3538208007812,521.3211669921875,873.3985595703125,498.49017333984375,872.0468139648438
31,0.5166666666666667,521.0,532.6429443359375,515.8369750976562,1.0,auto,532.6429443359375,901.423583984375,515.8369750976562,901.7848510742188,534.7031860351562,872.7258911132812,511.7999267578125,871.7499389648438
32,0.5333333333333333,533.0,545.671630859375,526.8759765625,1.0,auto,545.671630859375,901.4625244140625,526.8759765625,901.9093627929688,546.6637573242188,872.63818359375,524.5608520507812,871.690673828125
33,0.55,546.0,558.063232421875,538.0213623046875,1.0,auto,558.063232421875,902.180908203125,538.0213623046875,902.7891235351562,559.52880859375,873.0726318359375,537.1080322265625,872.4530639648438
34,0.5666666666666667,559.0,570.3795166015625,548.9012451171875,1.0,auto,570.3795166015625,901.87255859375,548.9012451171875,903.2630004882812,571.98046875,873.2380981445312,549.4025268554688,872.1860961914062
35,0.5833333333333334,571.0,582.8975830078125,560.6423950195312,1.0,auto,582.8975830078125,901.512451171875,560.6423950195312,902.5026245117188,584.6441040039062,873.5223388671875,561.9140014648438,872.4421997070312
36,0.6,584.0,595.7210693359375,573.3369140625,1.0,auto,595.7210693359375,901.0725708007812,573.3369140625,902.309326171875,597.3560180664062,873.0158081054688,574.7101440429688,872.12060546875
37,0.6166666666666667,598.0,609.1232299804688,586.48779296875,1.0,auto,609.1232299804688,901.3042602539062,586.48779296875,902.0571899414062,610.6337280273438,873.0496826171875,588.115966796875,872.1067504882812
38,0.6333333333333333,611.0,622.5635986328125,599.3368530273438,1.0,auto,622.5635986328125,900.697265625,599.3368530273438,902.433349609375,624.1649169921875,872.9594116210938,601.4114990234375,872.4876708984375
39,0.65,625.0,636.7377319335938,613.9004516601562,1.0,auto,636.7377319335938,900.4216918945312,613.9004516601562,901.7208251953125,638.059326171875,872.0980224609375,615.3998413085938,871.88623046875
40,0.6666666666666666,638.0,649.7933349609375,626.7520751953125,1.0,auto,649.7933349609375,900.1373291015625,626.7520751953125,901.8015747070312,651.0201416015625,871.951904296875,628.398681640625,871.9644775390625
41,0.6833333333333333,651.0,662.1948852539062,637.8633422851562,1.0,auto,662.1948852539062,900.2998046875,637.8633422851562,900.8013916015625,663.6470947265625,872.3906860351562,641.0169677734375,871.6336669921875
42,0.7,663.0,674.554443359375,650.6666870117188,1.0,auto,674.554443359375,900.3204956054688,650.6666870117188,901.8908081054688,675.9022216796875,872.2167358398438,653.5374755859375,871.9927978515625
43,0.7166666666666667,676.0,686.9022216796875,663.2200927734375,1.0,auto,686.9022216796875,899.9170532226562,663.2200927734375,901.5089111328125,688.1675415039062,871.98974609375,665.906494140625,871.8815307617188
44,0.7333333333333333,688.0,699.5892333984375,675.8580932617188,1.0,auto,699.5892333984375,899.73193359375,675.8580932617188,900.9639892578125,700.8983154296875,871.961181640625,678.2640991210938,871.6813354492188
45,0.75,701.0,712.3739013671875,688.389892578125,1.0,auto,712.3739013671875,899.6987915039062,688.389892578125,901.3280639648438,713.7573852539062,872.5390014648438,691.1636962890625,872.02490234375
46,0.7666666666666667,714.0,725.9320678710938,701.3887939453125,1.0,auto,725.9320678710938,900.0709838867188,701.3887939453125,901.5341186523438,726.4024047851562,872.2928466796875,704.38330078125,872.1665649414062
47,0.7833333333333333,728.0,739.1259155273438,714.9359741210938,1.0,auto,739.1259155273438,899.995361328125,714.9359741210938,901.2716674804688,740.0841674804688,872.28857421875,717.8302612304688,872.0034790039062
48,0.8,741.0,752.4508666992188,728.6519775390625,1.0,auto,752.4508666992188,900.7274169921875,728.6519775390625,901.2113647460938,753.8204345703125,872.4512939453125,731.4791259765625,872.49755859375
49,0.8166666666666667,755.0,766.799560546875,742.4451293945312,1.0,auto,766.799560546875,900.6280517578125,742.4451293945312,902.3331298828125,767.1126098632812,873.1630249023438,744.9973754882812,873.10107421875
50,0.8333333333333334,769.0,780.8214721679688,755.6904296875,1.0,auto,780.8214721679688,900.8856811523438,755.6904296875,901.9517822265625,781.7439575195312,873.5715942382812,759.1146850585938,873.46240234375
51,0.85,784.0,795.2311401367188,770.7897338867188,1.0,auto,795.2311401367188,901.2664184570312,770.7897338867188,902.6825561523438,796.0838623046875,874.0660400390625,773.76904296875,873.96533203125
52,0.8666666666666667,799.0,810.8550415039062,786.4268188476562,1.0,auto,810.8550415039062,901.101318359375,786.4268188476562,902.2034301757812,811.890625,874.574462890625,789.2876586914062,874.3334350585938
53,0.8833333333333333,816.0,827.935302734375,803.2918090820312,1.0,auto,827.935302734375,900.795166015625,803.2918090820312,901.4385986328125,829.049560546875,874.379638671875,806.277099609375,874.0594482421875
54,0.9,834.0,844.8876342773438,821.264892578125,1.0,auto,844.8876342773438,901.7967529296875,821.264892578125,902.4689331054688,845.662353515625,873.3508911132812,823.9918823242188,873.8753662109375
56,0.9333333333333333,869.0,880.3975830078125,856.8331909179688,1.0,auto,880.3975830078125,901.5068969726562,856.8331909179688,902.0791015625,881.17919921875,874.3776245117188,859.390625,874.0785522460938
57,0.95,885.0,896.673095703125,873.3631591796875,1.0,auto,896.673095703125,901.7313842773438,873.3631591796875,903.4479370117188,896.6732177734375,875.06787109375,875.167236328125,875.2363891601562
58,0.9666666666666667,898.0,909.6038208007812,886.7142944335938,1.0,auto,909.6038208007812,902.6929321289062,886.7142944335938,905.12109375,910.0960693359375,876.3383178710938,888.4489135742188,876.171142578125
59,0.9833333333333333,909.0,920.4160766601562,897.0294799804688,1.0,auto,920.4160766601562,904.0355834960938,897.0294799804688,905.88525390625,920.381103515625,877.0281372070312,898.9957275390625,876.8533935546875
60,1.0,917.0,928.6744384765625,908.4031982421875,1.0,auto,928.6744384765625,905.7626342773438,908.4031982421875,906.6968994140625,929.0533447265625,877.5665283203125,907.1131591796875,878.49560546875
61,1.0166666666666666,924.0,935.197509765625,915.4940795898438,1.0,auto,935.197509765625,906.9929809570312,915.4940795898438,907.4028930664062,935.166748046875,878.9161987304688,913.99755859375,880.1620483398438
62,1.0333333333333334,930.0,941.10693359375,920.7202758789062,1.0,auto,941.10693359375,908.726806640625,920.7202758789062,909.98583984375,941.462890625,881.482177734375,919.857177734375,881.8525390625
63,1.05,936.0,947.0513305664062,925.8589477539062,1.0,auto,947.0513305664062,910.73583984375,925.8589477539062,912.1157836914062,947.3314819335938,882.8421630859375,925.2587890625,883.8033447265625
64,1.0666666666666667,943.0,954.07666015625,934.8568115234375,1.0,auto,954.07666015625,911.9916381835938,934.8568115234375,913.8299560546875,954.423828125,884.4387817382812,933.0917358398438,885.1385498046875
65,1.0833333333333333,952.0,962.7467041015625,942.2742919921875,1.0,auto,962.7467041015625,913.509765625,942.2742919921875,915.3324584960938,962.8985595703125,885.5284423828125,941.2631225585938,886.4778442382812
66,1.1,960.0,970.837158203125,949.9962158203125,1.0,auto,970.837158203125,914.84716796875,949.9962158203125,916.614990234375,970.7425537109375,885.94775390625,949.2598266601562,887.7472534179688
67,1.1166666666666667,968.0,978.5455322265625,960.6978759765625,1.0,auto,978.5455322265625,916.4263305664062,960.6978759765625,918.005615234375,978.896728515625,888.8484497070312,957.6239013671875,889.6026611328125
68,1.1333333333333333,976.0,987.0015869140625,967.07666015625,1.0,auto,987.0015869140625,917.817626953125,967.07666015625,920.34033203125,987.2099609375,889.4647216796875,965.369384765625,890.1546630859375
69,1.15,984.0,995.195068359375,975.1627197265625,1.0,auto,995.195068359375,919.2649536132812,975.1627197265625,921.4530639648438,996.026123046875,891.7511596679688,973.80615234375,891.8401489257812
70,1.1666666666666667,992.0,1003.205810546875,987.8355712890625,1.0,auto,1003.205810546875,920.5756225585938,987.8355712890625,921.8273315429688,1004.046142578125,893.3778076171875,982.3243408203125,893.1075439453125
71,1.1833333333333333,1001.0,1011.867919921875,997.4866943359375,1.0,auto,1011.867919921875,921.685546875,997.4866943359375,922.244873046875,1012.230712890625,893.8591918945312,991.0018310546875,894.5073852539062
72,1.2,1010.0,1020.2569580078125,1007.0689697265625,1.0,auto,1020.2569580078125,922.77783203125,1007.0689697265625,923.7530517578125,1020.6612548828125,893.9268188476562,999.6973876953125,895.287109375
73,1.2166666666666666,1018.0,1028.8975830078125,1016.420654296875,1.0,auto,1028.8975830078125,923.7298583984375,1016.420654296875,924.5213012695312,1029.825439453125,896.1683959960938,1008.3115234375,896.2429809570312
74,1.2333333333333334,1027.0,1037.2740478515625,1025.02880859375,1.0,auto,1037.2740478515625,924.9903564453125,1025.02880859375,925.7581176757812,1038.0489501953125,897.4498291015625,1016.6156005859375,897.5904541015625
77,1.2833333333333334,1051.0,1062.220947265625,1049.8280029296875,1.0,auto,1062.220947265625,927.9931030273438,1049.8280029296875,928.9097900390625,1062.3568115234375,899.98291015625,1041.427001953125,900.8606567382812
79,1.3166666666666667,1069.0,1080.1605224609375,1066.2410888671875,1.0,auto,1080.1605224609375,930.4771728515625,1066.2410888671875,931.5040893554688,1080.4420166015625,902.3861694335938,1059.3441162109375,903.2136840820312
80,1.3333333333333333,1078.0,1088.73291015625,1074.571533203125,1.0,auto,1088.73291015625,931.2796020507812,1074.571533203125,932.4326782226562,1089.10302734375,903.080078125,1068.200439453125,903.7361450195312
81,1.35,1087.0,1097.734130859375,1084.3665771484375,1.0,auto,1097.734130859375,931.96533203125,1084.3665771484375,932.8423461914062,1097.7393798828125,902.9132080078125,1077.43017578125,904.0040283203125
82,1.3666666666666667,1096.0,1106.477783203125,1091.4609375,1.0,auto,1106.477783203125,932.8233032226562,1091.4609375,932.7246704101562,1106.8890380859375,904.1790771484375,1086.2540283203125,904.66064453125
84,1.4,1113.0,1124.0550537109375,1111.5302734375,1.0,auto,1124.0550537109375,933.8565673828125,1111.5302734375,933.8714599609375,1124.2781982421875,905.378173828125,1103.6337890625,906.2341918945312
85,1.4166666666666667,1123.0,1132.9453125,1118.294677734375,1.0,auto,1132.9453125,934.9197998046875,1118.294677734375,936.6724853515625,1133.6337890625,907.220703125,1112.8916015625,907.1195678710938
87,1.45,1141.0,1151.778076171875,1138.78125,1.0,auto,1151.778076171875,935.87158203125,1138.78125,936.5111083984375,1152.343017578125,908.776611328125,1131.803955078125,908.6944580078125
88,1.4666666666666666,1151.0,1162.135498046875,1147.353759765625,1.0,auto,1162.135498046875,935.489990234375,1147.353759765625,936.598876953125,1162.184326171875,908.269775390625,1141.3917236328125,908.1812744140625
89,1.4833333333333334,1161.0,1171.28466796875,1156.442626953125,1.0,auto,1171.28466796875,935.0223388671875,1156.442626953125,935.1138916015625,1171.38818359375,906.959716796875,1150.6405029296875,907.4949340820312
90,1.5,1170.0,1180.9547119140625,1166.25390625,1.0,auto,1180.9547119140625,934.1824951171875,1166.25390625,935.0657348632812,1181.1607666015625,906.6019287109375,1160.78125,906.877197265625
92,1.5333333333333334,1190.0,1200.4837646484375,1186.650390625,1.0,auto,1200.4837646484375,933.2449340820312,1186.650390625,933.7483520507812,1200.6041259765625,905.5994262695312,1180.4449462890625,905.6698608398438
94,1.5666666666666667,1212.0,1222.240234375,1207.08935546875,1.0,auto,1222.240234375,932.4405517578125,1207.08935546875,933.6770629882812,1222.152099609375,904.8629760742188,1202.1309814453125,904.9840087890625
96,1.6,1235.0,1245.486083984375,1231.594482421875,1.0,auto,1245.486083984375,931.111328125,1231.594482421875,931.51806640625,1245.175048828125,903.2175903320312,1225.7401123046875,903.6942749023438
97,1.6166666666666667,1247.0,1257.79150390625,1244.6002197265625,1.0,auto,1257.79150390625,930.1812744140625,1244.6002197265625,930.001708984375,1257.561279296875,902.6177368164062,1237.7694091796875,902.5819091796875
99,1.65,1198.0,,,1.0,auto,,,,,1191.740966796875,736.8453979492188,,
101,1.6833333333333333,1319.0,1329.1044921875,1314.2139892578125,1.0,auto,1329.1044921875,925.244140625,1314.2139892578125,926.3307495117188,1329.3212890625,897.718017578125,1309.67578125,898.460205078125
102,1.7,1337.0,1347.7965087890625,1335.6009521484375,1.0,auto,1347.7965087890625,923.571533203125,1335.6009521484375,923.88037109375,1347.026123046875,897.182373046875,1327.6820068359375,897.3067016601562
103,1.7166666666666666,1356.0,1365.48779296875,1352.78369140625,1.0,auto,1365.48779296875,922.6903076171875,1352.78369140625,923.67333984375,1365.9110107421875,895.5320434570312,1346.283935546875,896.2887573242188
105,1.75,1394.0,1403.80322265625,1391.9522705078125,1.0,auto,1403.80322265625,920.3380737304688,1391.9522705078125,920.96533203125,1403.6632080078125,892.8720092773438,1384.454833984375,893.3568115234375
106,1.7666666666666666,1412.0,1422.6573486328125,1410.3243408203125,1.0,auto,1422.6573486328125,919.0506591796875,1410.3243408203125,920.1574096679688,1423.1729736328125,892.302001953125,1403.365478515625,892.4120483398438
107,1.7833333333333334,1431.0,1441.3609619140625,1427.1065673828125,1.0,auto,1441.3609619140625,917.9002075195312,1427.1065673828125,919.1587524414062,1441.581787109375,891.6962890625,1422.0758056640625,891.3223266601562
108,1.8,1451.0,1460.2344970703125,1446.102294921875,1.0,auto,1460.2344970703125,917.5083618164062,1446.102294921875,918.37939453125,1461.2239990234375,890.2334594726562,1441.346923828125,890.4979248046875
110,1.8333333333333333,1489.0,1498.9127197265625,1484.9130859375,1.0,auto,1498.9127197265625,915.4190063476562,1484.9130859375,916.3317260742188,1499.35888671875,887.994384765625,1479.85498046875,888.0781860351562
111,1.85,1509.0,1518.7008056640625,1504.0045166015625,1.0,auto,1518.7008056640625,914.3120727539062,1504.0045166015625,915.4843139648438,1519.1072998046875,887.2626342773438,1499.641845703125,887.1919555664062
112,1.8666666666666667,1529.0,1538.9215087890625,1523.9163818359375,1.0,auto,1538.9215087890625,913.3659057617188,1523.9163818359375,914.345458984375,1539.142333984375,885.4844970703125,1519.8963623046875,886.0839233398438
113,1.8833333333333333,1550.0,1559.7037353515625,1544.3367919921875,1.0,auto,1559.7037353515625,912.8673095703125,1544.3367919921875,913.38623046875,1559.62060546875,883.8409423828125,1540.1458740234375,885.1981201171875
114,1.9,1569.0,1579.1456298828125,1564.990478515625,1.0,auto,1579.1456298828125,910.9158935546875,1564.990478515625,911.65478515625,1579.976806640625,883.3282470703125,1560.0032958984375,883.7817993164062
115,1.9166666666666667,1590.0,1599.4481201171875,1584.8162841796875,1.0,auto,1599.4481201171875,910.7227172851562,1584.8162841796875,910.6492919921875,1600.258544921875,882.349609375,1580.2178955078125,882.77880859375
116,1.9333333333333333,1610.0,1619.681640625,1605.504150390625,1.0,auto,1619.681640625,909.925048828125,1605.504150390625,909.6293334960938,1620.691162109375,881.8956909179688,1600.4210205078125,881.8670654296875
117,1.95,1630.0,1639.9217529296875,1625.616455078125,1.0,auto,1639.9217529296875,908.1832885742188,1625.616455078125,908.4063110351562,1640.2291259765625,881.0421142578125,1620.4656982421875,881.189697265625
118,1.9666666666666666,1651.0,1660.97509765625,1646.584228515625,1.0,auto,1660.97509765625,906.7736206054688,1646.584228515625,907.5186157226562,1662.1119384765625,879.5158081054688,1641.7169189453125,879.8804931640625
119,1.9833333333333334,1672.0,1682.9857177734375,1669.2071533203125,1.0,auto,1682.9857177734375,906.0595703125,1669.2071533203125,905.5947265625,1682.7479248046875,879.0175170898438,1662.7835693359375,879.0122680664062
120,2.0,1694.0,1702.93115234375,1685.341796875,1.0,auto,1702.93115234375,904.5625,1685.341796875,905.2711791992188,1704.121337890625,877.4278564453125,1684.20654296875,877.1265869140625
122,2.033333333333333,1735.0,1744.59033203125,1728.428955078125,1.0,auto,1744.59033203125,902.9219360351562,1728.428955078125,903.0939331054688,1745.633056640625,875.1001586914062,1725.531494140625,874.9775390625
123,2.05,1755.0,1764.5709228515625,1749.19384765625,1.0,auto,1764.5709228515625,901.748046875,1749.19384765625,901.556884765625,1766.1495361328125,875.01513671875,1745.748291015625,873.99755859375
125,2.0833333333333335,1797.0,1806.353515625,1790.547119140625,1.0,auto,1806.353515625,900.0439453125,1790.547119140625,900.159423828125,1807.7891845703125,872.412109375,1787.4384765625,872.1983032226562
127,2.1166666666666667,1840.0,1849.83935546875,1835.2633056640625,1.0,auto,1849.83935546875,897.4481811523438,1835.2633056640625,898.0241088867188,1851.482666015625,870.5375366210938,1830.884765625,870.024658203125
128,2.1333333333333333,1862.0,1871.773193359375,1858.426513671875,1.0,auto,1871.773193359375,895.8712158203125,1858.426513671875,896.4008178710938,1872.69775390625,869.4346923828125,1852.23828125,868.81884765625
129,2.15,1883.0,1892.8499755859375,1879.03466796875,1.0,auto,1892.8499755859375,894.3570556640625,1879.03466796875,894.44970703125,1894.533447265625,867.5760498046875,1873.189697265625,867.140625
131,2.183333333333333,1925.0,1934.5904541015625,1923.095458984375,1.0,auto,1934.5904541015625,891.3058471679688,1923.095458984375,891.704345703125,1936.552490234375,864.3222045898438,1915.5181884765625,864.3464965820312
132,2.2,1946.0,1956.6019287109375,1941.2183837890625,1.0,auto,1956.6019287109375,890.9503173828125,1941.2183837890625,891.0155639648438,1957.9071044921875,863.6150512695312,1937.0887451171875,862.7730712890625
133,2.216666666666667,1968.0,1978.1513671875,1962.819580078125,1.0,auto,1978.1513671875,889.24169921875,1962.819580078125,889.5703735351562,1979.63623046875,861.56005859375,1958.741943359375,861.2538452148438
134,2.2333333333333334,1991.0,2000.626220703125,1986.699951171875,1.0,auto,2000.626220703125,887.471435546875,1986.699951171875,888.2549438476562,2002.059814453125,859.9816284179688,1980.9810791015625,860.0872802734375
135,2.25,2014.0,2023.5712890625,2007.506103515625,1.0,auto,2023.5712890625,885.9592895507812,2007.506103515625,886.062744140625,2025.517578125,859.2349853515625,2003.890625,858.201171875
136,2.2666666666666666,2036.0,2045.15576171875,2029.086181640625,1.0,auto,2045.15576171875,885.0191040039062,2029.086181640625,884.9563598632812,2047.5244140625,857.4786376953125,2026.48779296875,856.6337280273438
137,2.283333333333333,2058.0,2067.340087890625,2051.34033203125,1.0,auto,2067.340087890625,883.4090576171875,2051.34033203125,883.2186889648438,2069.74755859375,855.6708984375,2048.6005859375,854.8605346679688
138,2.3,2080.0,2089.5390625,2074.7431640625,1.0,auto,2089.5390625,881.559814453125,2074.7431640625,880.806396484375,2091.64453125,854.2431640625,2070.443359375,853.0608520507812
139,2.316666666666667,2102.0,2111.446533203125,2098.138671875,1.0,auto,2111.446533203125,879.1947021484375,2098.138671875,878.3587646484375,2113.352294921875,852.0239868164062,2092.34326171875,850.8880615234375
140,2.3333333333333335,2124.0,2134.66064453125,2119.710693359375,1.0,auto,2134.66064453125,877.5383911132812,2119.710693359375,877.15869140625,2135.938232421875,849.667724609375,2114.609619140625,849.4072265625
142,2.3666666666666667,2170.0,2180.17626953125,2166.06396484375,1.0,auto,2180.17626953125,873.3953857421875,2166.06396484375,873.4788818359375,2181.674072265625,846.431396484375,2160.03271484375,845.3314819335938
143,2.3833333333333333,2193.0,2203.46728515625,2190.04541015625,1.0,auto,2203.46728515625,871.8453369140625,2190.04541015625,871.2227172851562,2205.446533203125,844.9078979492188,2183.605712890625,843.6329345703125
144,2.4,2218.0,2228.52783203125,2215.2158203125,1.0,auto,2228.52783203125,869.249755859375,2215.2158203125,869.0279541015625,2230.681640625,842.719970703125,2208.66064453125,841.8826904296875
145,2.4166666666666665,2244.0,2252.8427734375,2238.333251953125,1.0,auto,2252.8427734375,868.1873168945312,2238.333251953125,867.8584594726562,2255.4326171875,840.4720458984375,2233.7353515625,839.8480224609375
146,2.433333333333333,2269.0,2278.637939453125,2266.1220703125,1.0,auto,2278.637939453125,866.0093383789062,2266.1220703125,866.0836181640625,2280.656005859375,838.6744384765625,2259.072509765625,838.32958984375
147,2.45,2294.0,2304.04541015625,2291.182373046875,1.0,auto,2304.04541015625,864.5926513671875,2291.182373046875,864.3450317382812,2305.539794921875,837.1713256835938,2283.98974609375,836.5341796875
148,2.466666666666667,13.0,56.18315124511719,56.6131591796875,1.0,auto,56.18315124511719,1736.585205078125,56.6131591796875,1736.608642578125,6.4245452880859375,1761.463134765625,4.977508544921875,1760.353759765625
149,2.4833333333333334,2340.0,2349.97119140625,2333.91650390625,1.0,auto,2349.97119140625,860.427734375,2333.91650390625,860.0382080078125,2352.211181640625,833.6729125976562,2329.695556640625,832.4451904296875
153,2.55,89.0,116.39424133300781,22.716903686523438,1.0,auto,116.39424133300781,1747.9681396484375,22.716903686523438,1760.319091796875,90.56837463378906,1718.9139404296875,-1.31390380859375,1759.91015625
155,2.5833333333333335,2369.0,2378.463134765625,2364.438232421875,1.0,auto,2378.463134765625,840.7662353515625,2364.438232421875,839.6487426757812,2380.91845703125,813.5560913085938,2358.786865234375,812.5942993164062
157,2.6166666666666667,2316.0,2326.348876953125,2312.61962890625,1.0,auto,2326.348876953125,831.436279296875,2312.61962890625,830.957275390625,2327.483154296875,804.0103149414062,2305.346435546875,804.352783203125
159,2.65,2252.0,2262.406005859375,2248.239013671875,1.0,auto,2262.406005859375,823.873291015625,2248.239013671875,823.4666137695312,2264.167724609375,796.027587890625,2242.25634765625,795.1981201171875
160,2.6666666666666665,2219.0,2228.8779296875,2216.1279296875,1.0,auto,2228.8779296875,818.1039428710938,2216.1279296875,818.34375,2230.34716796875,791.1299438476562,2208.3720703125,791.1962890625
162,2.7,2151.0,2161.445068359375,2148.251220703125,1.0,auto,2161.445068359375,809.9267578125,2148.251220703125,810.3820190429688,2162.29296875,782.0455322265625,2140.599853515625,783.4865112304688
163,2.716666666666667,2118.0,2128.3564453125,2113.838623046875,1.0,auto,2128.3564453125,805.8233032226562,2113.838623046875,805.9334716796875,2129.135009765625,778.941650390625,2107.04248046875,779.1723022460938
164,2.7333333333333334,2084.0,2093.925048828125,2081.4892578125,1.0,auto,2093.925048828125,802.937744140625,2081.4892578125,803.431396484375,2094.870361328125,774.8720092773438,2073.1337890625,775.8529663085938
165,2.75,2049.0,2059.06884765625,2045.484130859375,1.0,auto,2059.06884765625,798.5119018554688,2045.484130859375,798.77294921875,2060.5107421875,770.7965087890625,2038.71826171875,771.585205078125
166,2.7666666666666666,2015.0,2024.61572265625,2012.735595703125,1.0,auto,2024.61572265625,794.5399169921875,2012.735595703125,794.9952392578125,2025.35693359375,766.354248046875,2003.697509765625,768.0695190429688
167,2.783333333333333,1979.0,1988.88232421875,1975.099853515625,1.0,auto,1988.88232421875,790.3944702148438,1975.099853515625,789.76611328125,1989.181884765625,762.6425170898438,1967.9798583984375,763.9412841796875
169,2.816666666666667,1907.0,1917.2806396484375,1902.52978515625,1.0,auto,1917.2806396484375,783.1644287109375,1902.52978515625,783.711181640625,1917.644287109375,755.1195068359375,1896.675048828125,756.640869140625
170,2.8333333333333335,1872.0,1881.6068115234375,1869.848388671875,1.0,auto,1881.6068115234375,779.0516967773438,1869.848388671875,779.7404174804688,1882.4122314453125,752.475830078125,1861.1470947265625,753.6591186523438
171,2.85,1836.0,1846.6376953125,1830.9957275390625,1.0,auto,1846.6376953125,776.3031005859375,1830.9957275390625,777.67626953125,1846.08642578125,748.83935546875,1824.8028564453125,750.2142333984375
172,2.8666666666666667,1798.0,1808.493896484375,1791.1046142578125,1.0,auto,1808.493896484375,773.4786376953125,1791.1046142578125,774.3623657226562,1808.4825439453125,745.7006225585938,1787.0093994140625,747.38916015625
173,2.8833333333333333,1758.0,1768.2889404296875,1753.6649169921875,1.0,auto,1768.2889404296875,770.3211059570312,1753.6649169921875,770.9501342773438,1768.385498046875,743.10791015625,1747.3536376953125,744.4249267578125
174,2.9,1716.0,1726.62109375,1714.4271240234375,1.0,auto,1726.62109375,767.699951171875,1714.4271240234375,767.890625,1726.26611328125,739.9227905273438,1705.1890869140625,741.4368286132812
175,2.9166666666666665,1672.0,1682.9058837890625,1668.8887939453125,1.0,auto,1682.9058837890625,762.9537963867188,1668.8887939453125,763.9351806640625,1681.8133544921875,736.3369750976562,1660.961181640625,738.0773315429688
176,2.933333333333333,1624.0,1634.830078125,1620.5048828125,1.0,auto,1634.830078125,759.9056396484375,1620.5048828125,760.512939453125,1633.826416015625,733.0367431640625,1612.9605712890625,734.870849609375
178,2.966666666666667,1535.0,1546.165283203125,1533.175537109375,1.0,auto,1546.165283203125,752.2274169921875,1533.175537109375,753.4953002929688,1543.6962890625,725.72119140625,1522.9796142578125,728.3324584960938
179,2.9833333333333334,1498.0,1508.970458984375,1493.7603759765625,1.0,auto,1508.970458984375,749.6327514648438,1493.7603759765625,750.4358520507812,1507.37255859375,722.5790405273438,1486.3074951171875,724.5173950195312
180,3.0,1468.0,1479.5364990234375,1460.86767578125,1.0,auto,1479.5364990234375,746.3853759765625,1460.86767578125,747.865234375,1478.408935546875,719.9295654296875,1457.2811279296875,721.283203125
181,3.0166666666666666,1447.0,1458.3504638671875,1440.9398193359375,1.0,auto,1458.3504638671875,743.4586791992188,1440.9398193359375,744.573486328125,1456.2862548828125,715.8933715820312,1435.5487060546875,717.7301025390625
182,3.033333333333333,1432.0,1443.80419921875,1427.8043212890625,1.0,auto,1443.80419921875,738.6727294921875,1427.8043212890625,740.3729248046875,1441.3912353515625,712.1689453125,1420.9534912109375,714.1468505859375
183,3.05,1424.0,1435.0335693359375,1417.8956298828125,1.0,auto,1435.0335693359375,736.6241455078125,1417.8956298828125,738.6950073242188,1432.723388671875,708.5628662109375,1412.32080078125,711.1353149414062
184,3.066666666666667,1427.0,1439.348876953125,1422.1878662109375,1.0,auto,1439.348876953125,734.9201049804688,1422.1878662109375,737.1471557617188,1436.3740234375,707.3364868164062,1415.999755859375,710.1900634765625
185,3.0833333333333335,1442.0,1453.5557861328125,1436.749267578125,1.0,auto,1453.5557861328125,735.402099609375,1436.749267578125,737.1887817382812,1450.906005859375,708.7073364257812,1430.65576171875,711.2128295898438
187,3.1166666666666667,1483.0,1494.782958984375,1479.6925048828125,1.0,auto,1494.782958984375,739.8616943359375,1479.6925048828125,741.7675170898438,1490.958740234375,711.8440551757812,1471.05078125,714.74658203125
188,3.1333333333333333,1504.0,1514.03466796875,1495.02490234375,1.0,auto,1514.03466796875,739.951171875,1495.02490234375,743.6773071289062,1511.833984375,713.7403564453125,1491.7943115234375,716.6642456054688
189,3.15,1526.0,1536.203857421875,1516.8707275390625,1.0,auto,1536.203857421875,741.8010864257812,1516.8707275390625,744.6211547851562,1533.557861328125,715.3047485351562,1513.32373046875,717.856201171875
191,3.183333333333333,1570.0,1581.1146240234375,1564.1824951171875,1.0,auto,1581.1146240234375,743.778076171875,1564.1824951171875,746.3128662109375,1577.6142578125,716.925048828125,1557.4920654296875,720.2808837890625
192,3.2,1593.0,1604.9873046875,1590.8160400390625,1.0,auto,1604.9873046875,744.7540283203125,1590.8160400390625,746.0494995117188,1600.979736328125,719.173095703125,1581.0841064453125,721.80419921875
193,3.216666666666667,1617.0,1628.177978515625,1611.45703125,1.0,auto,1628.177978515625,745.6954345703125,1611.45703125,747.6546630859375,1623.77197265625,720.0741577148438,1603.6064453125,722.781494140625
194,3.2333333333333334,1639.0,1651.82763671875,1634.011474609375,1.0,auto,1651.82763671875,746.2445068359375,1634.011474609375,748.2720947265625,1646.9237060546875,721.1205444335938,1626.514892578125,723.883544921875
195,3.25,1663.0,1675.05517578125,1658.6048583984375,1.0,auto,1675.05517578125,747.3001098632812,1658.6048583984375,749.86083984375,1670.6531982421875,723.3287963867188,1649.40380859375,725.6591186523438
196,3.2666666666666666,1686.0,1698.1680908203125,1682.383056640625,1.0,auto,1698.1680908203125,747.970458984375,1682.383056640625,750.7818603515625,1692.40283203125,722.3407592773438,1672.7650146484375,725.6604614257812
197,3.283333333333333,1710.0,1721.78369140625,1705.4727783203125,1.0,auto,1721.78369140625,747.751708984375,1705.4727783203125,751.7294921875,1715.6451416015625,723.044921875,1695.7908935546875,726.5382690429688
198,3.3,1734.0,1745.5762939453125,1730.356201171875,1.0,auto,1745.5762939453125,748.1586303710938,1730.356201171875,751.2769165039062,1739.8267822265625,723.886962890625,1719.9931640625,727.1080322265625
199,3.316666666666667,1758.0,1771.0845947265625,1750.6197509765625,1.0,auto,1771.0845947265625,747.7591552734375,1750.6197509765625,752.5370483398438,1764.0367431640625,724.236328125,1744.0640869140625,728.1571044921875
200,3.3333333333333335,1783.0,1796.055419921875,1778.1611328125,1.0,auto,1796.055419921875,748.8370971679688,1778.1611328125,752.571533203125,1788.7894287109375,725.1832885742188,1767.42822265625,729.3380737304688
201,3.35,1806.0,1818.277099609375,1797.6107177734375,1.0,auto,1818.277099609375,748.9313354492188,1797.6107177734375,755.0333862304688,1812.0118408203125,725.5977172851562,1790.866943359375,730.0468139648438
202,3.3666666666666667,1830.0,1842.8642578125,1823.4998779296875,1.0,auto,1842.8642578125,749.056396484375,1823.4998779296875,753.833251953125,1835.1070556640625,725.7144165039062,1813.9736328125,730.6439819335938
203,3.3833333333333333,1853.0,1865.640869140625,1846.0179443359375,1.0,auto,1865.640869140625,749.6068725585938,1846.0179443359375,754.2562255859375,1858.031494140625,725.5150146484375,1837.0687255859375,730.6752319335938
204,3.4,1877.0,1890.072021484375,1868.9617919921875,1.0,auto,1890.072021484375,748.626220703125,1868.9617919921875,754.5452270507812,1881.2652587890625,725.43701171875,1860.096435546875,731.3286743164062
205,3.4166666666666665,1901.0,1914.3870849609375,1893.9031982421875,1.0,auto,1914.3870849609375,747.4780883789062,1893.9031982421875,753.5025024414062,1905.823974609375,724.2140502929688,1883.705810546875,729.84912109375
206,3.433333333333333,1925.0,1939.4046630859375,1917.16064453125,1.0,auto,1939.4046630859375,746.5051879882812,1917.16064453125,751.3912353515625,1929.0885009765625,723.6690673828125,1908.8900146484375,729.9561157226562
207,3.45,1950.0,1964.9022216796875,1941.5899658203125,1.0,auto,1964.9022216796875,745.35400390625,1941.5899658203125,751.1008911132812,1954.47802734375,723.1962890625,1933.669921875,729.40673828125
208,3.466666666666667,1976.0,1988.974365234375,1968.2430419921875,1.0,auto,1988.974365234375,745.2380981445312,1968.2430419921875,750.2647705078125,1978.993896484375,722.5465698242188,1958.08984375,729.0198364257812
209,3.4833333333333334,2000.0,2013.11865234375,1992.99462890625,1.0,auto,2013.11865234375,744.6992797851562,1992.99462890625,751.1304321289062,2002.898681640625,721.9224243164062,1982.54345703125,728.8768310546875
210,3.5,2024.0,2038.061767578125,2014.4853515625,1.0,auto,2038.061767578125,743.5923461914062,2014.4853515625,752.1234741210938,2026.58056640625,721.7755737304688,2005.862060546875,729.1463623046875
211,3.5166666666666666,2048.0,2060.5537109375,2039.6142578125,1.0,auto,2060.5537109375,743.6864013671875,2039.6142578125,751.6016845703125,2051.03125,720.7781982421875,2030.2080078125,727.6569213867188
212,3.533333333333333,2072.0,2086.0302734375,2062.5166015625,1.0,auto,2086.0302734375,741.9120483398438,2062.5166015625,750.656494140625,2074.479736328125,719.6180419921875,2053.751220703125,727.0906982421875
213,3.55,2098.0,2110.177001953125,2091.29638671875,1.0,auto,2110.177001953125,742.8641967773438,2091.29638671875,750.0191040039062,2099.86962890625,718.3385009765625,2078.266845703125,725.47607421875
214,3.566666666666667,2123.0,2135.74658203125,2111.444091796875,1.0,auto,2135.74658203125,741.1558227539062,2111.444091796875,750.2390747070312,2124.829833984375,717.4445190429688,2104.00048828125,724.6383666992188
215,3.5833333333333335,2149.0,2162.4248046875,2136.65478515625,1.0,auto,2162.4248046875,739.27880859375,2136.65478515625,749.8800048828125,2150.979248046875,715.9285278320312,2130.37109375,723.2887573242188
217,3.6166666666666667,2201.0,2213.2978515625,2188.33984375,1.0,auto,2213.2978515625,737.802734375,2188.33984375,748.0235595703125,2201.7080078125,712.8401489257812,2181.680419921875,721.11962890625
218,3.6333333333333333,2227.0,2238.760498046875,2213.636962890625,1.0,auto,2238.760498046875,736.0579833984375,2213.636962890625,746.2579956054688,2227.49658203125,711.5820922851562,2207.03955078125,719.6201782226562
219,3.65,2252.0,2264.03466796875,2238.78466796875,1.0,auto,2264.03466796875,734.6157836914062,2238.78466796875,745.16796875,2252.76025390625,710.3048706054688,2232.427490234375,718.3694458007812
220,3.6666666666666665,2279.0,2289.526123046875,2265.26953125,1.0,auto,2289.526123046875,734.2373657226562,2265.26953125,744.458251953125,2277.8427734375,708.461181640625,2257.49853515625,717.3469848632812
221,3.683333333333333,2305.0,2315.74609375,2292.661376953125,1.0,auto,2315.74609375,731.1864624023438,2292.661376953125,742.203857421875,2304.16650390625,707.379150390625,2284.04052734375,715.9960327148438
222,3.7,2332.0,2343.16552734375,2319.366943359375,1.0,auto,2343.16552734375,730.2045288085938,2319.366943359375,741.400146484375,2330.379150390625,705.90380859375,2310.653076171875,714.8142700195312
223,3.716666666666667,2360.0,2370.993896484375,2346.8017578125,1.0,auto,2370.993896484375,729.2960815429688,2346.8017578125,740.3795166015625,2357.880615234375,704.0396728515625,2339.178955078125,713.5721435546875
224,3.7333333333333334,2389.0,2400.309326171875,2376.721923828125,1.0,auto,2400.309326171875,726.9459228515625,2376.721923828125,738.6295776367188,2387.0771484375,703.5230712890625,2367.607177734375,712.92529296875
225,3.75,2418.0,2429.259033203125,2405.6708984375,1.0,auto,2429.259033203125,726.6929321289062,2405.6708984375,738.342529296875,2415.668701171875,702.6055297851562,2396.323974609375,712.23583984375
226,3.7666666666666666,2447.0,2457.50537109375,2435.77490234375,1.0,auto,2457.50537109375,726.2299194335938,2435.77490234375,737.4310302734375,2443.562255859375,701.1702270507812,2424.468017578125,711.58154296875
227,3.783333333333333,2477.0,2488.30322265625,2466.25830078125,1.0,auto,2488.30322265625,724.1829223632812,2466.25830078125,735.7816772460938,2474.854736328125,700.5867919921875,2454.38330078125,711.0732421875
228,3.8,2511.0,2522.094482421875,2500.388427734375,1.0,auto,2522.094482421875,726.4275512695312,2500.388427734375,739.3900756835938,2508.33203125,702.4228515625,2488.653076171875,713.1845703125
230,3.8333333333333335,2588.0,2598.837890625,2578.950927734375,1.0,auto,2598.837890625,732.3405151367188,2578.950927734375,744.0824584960938,2584.649169921875,708.22509765625,2564.99609375,718.9693603515625
231,3.85,2630.0,2641.345703125,2618.731201171875,1.0,auto,2641.345703125,734.5698852539062,2618.731201171875,747.4979858398438,2625.469482421875,711.1931762695312,2606.349853515625,722.3887939453125
232,3.8666666666666667,2673.0,2685.613037109375,2664.44140625,1.0,auto,2685.613037109375,737.14306640625,2664.44140625,749.9322509765625,2669.220458984375,713.9697875976562,2650.500244140625,725.2965087890625
233,3.8833333333333333,2720.0,2731.632568359375,2709.76806640625,1.0,auto,2731.632568359375,739.4605712890625,2709.76806640625,752.950439453125,2715.0654296875,716.3753662109375,2695.797607421875,727.9557495117188
235,3.9166666666666665,2815.0,2826.846435546875,2805.156982421875,1.0,auto,2826.846435546875,744.1278076171875,2805.156982421875,758.3267822265625,2808.06298828125,721.077392578125,2789.83251953125,732.9871826171875
236,3.933333333333333,2860.0,2872.388671875,2850.542236328125,1.0,auto,2872.388671875,747.1473388671875,2850.542236328125,760.925537109375,2854.25439453125,724.4759521484375,2835.482666015625,736.7092895507812
237,3.95,2901.0,2914.0263671875,2890.638671875,1.0,auto,2914.0263671875,753.2838745117188,2890.638671875,767.9535522460938,2895.4365234375,729.4918212890625,2877.152587890625,742.197021484375
239,3.9833333333333334,257.0,265.3019714355469,241.2716064453125,1.0,auto,265.3019714355469,1713.3037109375,241.2716064453125,1735.80078125,259.5767822265625,1701.5018310546875,236.87100219726562,1708.074951171875
240,4.0,272.0,279.63824462890625,256.58953857421875,1.0,auto,279.63824462890625,1709.8387451171875,256.58953857421875,1734.7374267578125,274.1431579589844,1699.77490234375,250.243896484375,1707.1651611328125
241,4.016666666666667,2992.0,3007.81787109375,2987.0732421875,1.0,auto,3007.81787109375,806.4183959960938,2987.0732421875,818.7391357421875,2986.439208984375,783.5244140625,2968.05859375,794.6322631835938
243,4.05,3001.0,3017.654296875,2991.37646484375,1.0,auto,3017.654296875,845.3970336914062,2991.37646484375,860.1532592773438,2995.08837890625,822.5247192382812,2977.10498046875,834.2186279296875
245,4.083333333333333,189.0,206.26577758789062,167.4258575439453,1.0,auto,206.26577758789062,1759.0465087890625,167.4258575439453,1768.9454345703125,192.51055908203125,1724.334228515625,167.04928588867188,1730.434326171875
246,4.1,3008.0,3025.669189453125,3000.387451171875,1.0,auto,3025.669189453125,908.3508911132812,3000.387451171875,919.469482421875,3003.85595703125,885.38671875,2985.024169921875,896.888671875
247,4.116666666666666,3010.0,3027.978759765625,3003.837890625,1.0,auto,3027.978759765625,931.5953979492188,3003.837890625,944.9158935546875,3005.97412109375,907.5531616210938,2987.2275390625,918.8284301757812
248,4.133333333333334,3012.0,3030.70751953125,3003.59326171875,1.0,auto,3030.70751953125,953.197998046875,3003.59326171875,964.7469482421875,3009.16748046875,928.640625,2989.63232421875,940.5184326171875
249,4.15,3015.0,3033.884765625,3007.985595703125,1.0,auto,3033.884765625,975.21142578125,3007.985595703125,986.30419921875,3012.647216796875,950.221923828125,2993.28857421875,962.0142822265625
250,4.166666666666667,3020.0,3038.396484375,3010.364990234375,1.0,auto,3038.396484375,996.3179931640625,3010.364990234375,1010.0654296875,3016.861572265625,971.6629638671875,2998.180908203125,982.8946533203125
251,4.183333333333334,3028.0,3046.89306640625,3017.61669921875,1.0,auto,3046.89306640625,1015.4119873046875,3017.61669921875,1027.6385498046875,3024.905029296875,990.6331787109375,3006.921875,1001.5101318359375
252,4.2,3049.0,3068.50390625,3039.505859375,1.0,auto,3068.50390625,1030.63671875,3039.505859375,1042.55029296875,3046.30126953125,1004.685546875,3027.678955078125,1015.6180419921875
253,4.216666666666667,3073.0,3092.860595703125,3062.227783203125,1.0,auto,3092.860595703125,1045.1063232421875,3062.227783203125,1056.0576171875,3070.8857421875,1018.058349609375,3052.0478515625,1028.6363525390625
254,4.233333333333333,3096.0,3116.6943359375,3084.823974609375,1.0,auto,3116.6943359375,1059.25244140625,3084.823974609375,1070.6123046875,3093.821044921875,1031.840576171875,3076.469970703125,1040.81982421875
255,4.25,3119.0,3140.94677734375,3108.545654296875,1.0,auto,3140.94677734375,1074.6883544921875,3108.545654296875,1085.125,3118.5029296875,1047.109375,3100.257568359375,1056.3736572265625
256,4.266666666666667,234.0,255.497314453125,212.97454833984375,1.0,auto,255.497314453125,1705.1468505859375,212.97454833984375,1706.6602783203125,245.91940307617188,1667.194580078125,219.55581665039062,1669.0457763671875
257,4.283333333333333,225.0,251.44781494140625,139.18716430664062,1.0,auto,251.44781494140625,2152.9990234375,139.18716430664062,2151.414794921875,301.61273193359375,2151.810546875,146.59759521484375,2155.728271484375
264,4.4,229.0,234.0936737060547,110.33998107910156,1.0,auto,234.0936737060547,2118.687744140625,110.33998107910156,2073.467529296875,316.2257080078125,2084.834716796875,159.0847625732422,2093.58984375
265,4.416666666666667,233.0,233.0325927734375,117.77804565429688,1.0,auto,233.0325927734375,2105.8154296875,117.77804565429688,2061.453369140625,324.617431640625,2077.72998046875,160.86904907226562,2083.987548828125
266,4.433333333333334,251.0,237.312744140625,135.74868774414062,1.0,auto,237.312744140625,2096.765869140625,135.74868774414062,2047.2242431640625,331.5263671875,2067.530517578125,179.13943481445312,2078.315673828125
267,4.45,244.0,246.4519805908203,125.56025695800781,1.0,auto,246.4519805908203,2089.300537109375,125.56025695800781,2036.00927734375,335.0794677734375,2056.88623046875,172.4339141845703,2058.9755859375
268,4.466666666666667,3431.0,3447.60205078125,3415.380859375,1.0,auto,3447.60205078125,1316.589111328125,3415.380859375,1331.631591796875,3433.2734375,1280.112060546875,3414.8466796875,1288.259033203125
269,4.483333333333333,255.0,258.98956298828125,139.6123504638672,1.0,auto,258.98956298828125,2068.259521484375,139.6123504638672,2007.735595703125,349.934814453125,2037.563232421875,192.92857360839844,2034.019287109375
270,4.5,262.0,245.49534606933594,151.9108123779297,1.0,auto,245.49534606933594,2045.2747802734375,151.9108123779297,1993.7279052734375,361.075927734375,2029.7567138671875,205.5308074951172,2020.5198974609375
271,4.516666666666667,265.0,261.2672119140625,160.23963928222656,1.0,auto,261.2672119140625,2042.4195556640625,160.23963928222656,1982.2274169921875,370.59124755859375,2021.3258056640625,209.35252380371094,2012.6610107421875
272,4.533333333333333,274.0,261.1417236328125,170.51846313476562,1.0,auto,261.1417236328125,2019.481201171875,170.51846313476562,1970.884765625,384.255126953125,2013.0185546875,219.02398681640625,2000.259765625
273,4.55,285.0,282.8050537109375,179.81680297851562,1.0,auto,282.8050537109375,2020.937255859375,179.81680297851562,1957.91259765625,395.629150390625,2002.672119140625,231.15411376953125,1992.35302734375
274,4.566666666666666,296.0,301.9322509765625,188.2559356689453,1.0,auto,301.9322509765625,2015.51806640625,188.2559356689453,1948.5302734375,406.978759765625,1995.53125,239.5355987548828,1981.525634765625
275,4.583333333333333,327.0,299.867919921875,214.67739868164062,1.0,auto,299.867919921875,1996.529052734375,214.67739868164062,1945.843505859375,416.6407470703125,1989.419189453125,253.9893798828125,1986.24072265625
276,4.6,3615.0,3628.59912109375,3598.529296875,1.0,auto,3628.59912109375,1435.7359619140625,3598.529296875,1445.808837890625,3619.3232421875,1397.0205078125,3601.420654296875,1403.8492431640625
277,4.616666666666666,328.0,311.87103271484375,223.74600219726562,1.0,auto,311.87103271484375,1973.060791015625,223.74600219726562,1924.39794921875,441.55615234375,1977.139404296875,274.53173828125,1959.981201171875
278,4.633333333333334,339.0,349.73077392578125,235.0616455078125,1.0,auto,349.73077392578125,1983.19482421875,235.0616455078125,1916.538330078125,438.3509521484375,1968.542724609375,289.18536376953125,1950.73876953125
280,4.666666666666667,374.0,371.811767578125,262.819580078125,1.0,auto,371.811767578125,1965.2232666015625,262.819580078125,1899.1136474609375,480.04296875,1954.4600830078125,322.162353515625,1935.0904541015625
282,4.7,417.0,400.5447998046875,293.9617919921875,1.0,auto,400.5447998046875,1947.686279296875,293.9617919921875,1883.661865234375,510.52093505859375,1939.58935546875,352.48248291015625,1925.34423828125
284,4.733333333333333,426.0,413.84942626953125,327.102294921875,1.0,auto,413.84942626953125,1916.4547119140625,327.102294921875,1865.9632568359375,541.6006469726562,1923.1439208984375,384.2310791015625,1899.4735107421875
286,4.766666666666667,4.0,17.9171142578125,11.525344848632812,1.0,auto,17.9171142578125,1365.33740234375,11.525344848632812,1369.7579345703125,15.131088256835938,1150.5882568359375,5.15716552734375,1149.1827392578125
287,4.783333333333333,488.0,489.818359375,384.04278564453125,1.0,auto,489.818359375,1899.6693115234375,384.04278564453125,1836.7427978515625,592.77490234375,1894.4459228515625,437.6644287109375,1874.0150146484375
288,4.8,25.0,57.66162109375,31.88385009765625,1.0,auto,57.66162109375,1336.261474609375,31.88385009765625,1254.8438720703125,48.413604736328125,1126.231201171875,8.5657958984375,1103.9837646484375
289,4.816666666666666,39.0,75.99777221679688,9.114776611328125,1.0,auto,75.99777221679688,1337.80419921875,9.114776611328125,1309.8360595703125,72.44219970703125,1117.857666015625,18.980224609375,1093.185791015625
290,4.833333333333333,54.0,96.1785888671875,22.03240966796875,1.0,auto,96.1785888671875,1332.7149658203125,22.03240966796875,1306.18017578125,87.00759887695312,1110.396728515625,29.837310791015625,1086.275390625
291,4.85,69.0,121.79269409179688,42.761627197265625,1.0,auto,121.79269409179688,1319.0321044921875,42.761627197265625,1295.8446044921875,107.93258666992188,1103.57763671875,48.112579345703125,1078.6104736328125
292,4.866666666666666,91.0,142.00546264648438,62.3255615234375,1.0,auto,142.00546264648438,1312.0775146484375,62.3255615234375,1287.4288330078125,132.69110107421875,1099.8978271484375,74.94113159179688,1070.02734375
293,4.883333333333334,114.0,164.7001953125,86.05154418945312,1.0,auto,164.7001953125,1299.866943359375,86.05154418945312,1282.02392578125,149.96734619140625,1092.5721435546875,97.80422973632812,1065.308837890625
294,4.9,139.0,188.08706665039062,111.05441284179688,1.0,auto,188.08706665039062,1291.139892578125,111.05441284179688,1273.5130615234375,180.27517700195312,1089.8905029296875,121.63641357421875,1059.98486328125
295,4.916666666666667,160.0,210.9364013671875,135.92730712890625,1.0,auto,210.9364013671875,1289.220458984375,135.92730712890625,1272.712646484375,205.8421630859375,1086.557861328125,140.92431640625,1054.5325927734375
296,4.933333333333334,173.0,224.27557373046875,146.5819091796875,1.0,auto,224.27557373046875,1285.3114013671875,146.5819091796875,1269.9610595703125,220.773681640625,1085.097900390625,154.1378173828125,1051.6629638671875
297,4.95,183.0,234.656494140625,156.50653076171875,1.0,auto,234.656494140625,1280.875244140625,156.50653076171875,1264.845947265625,228.0611572265625,1081.2822265625,165.4072265625,1051.2672119140625
298,4.966666666666667,195.0,246.64532470703125,167.7119140625,1.0,auto,246.64532470703125,1281.864013671875,167.7119140625,1266.2752685546875,237.20458984375,1080.2947998046875,174.1324462890625,1050.6898193359375
299,4.983333333333333,207.0,260.48687744140625,182.16510009765625,1.0,auto,260.48687744140625,1275.8218994140625,182.16510009765625,1267.116455078125,247.3338623046875,1080.26220703125,185.467041015625,1050.8035888671875
300,5.0,220.0,272.8621520996094,191.83291625976562,1.0,auto,272.8621520996094,1273.125732421875,191.83291625976562,1263.6024169921875,260.9445495605469,1080.7918701171875,197.61080932617188,1051.4346923828125
301,5.016666666666667,233.0,287.2679443359375,202.21612548828125,1.0,auto,287.2679443359375,1269.7679443359375,202.21612548828125,1259.4095458984375,274.8643798828125,1081.3177490234375,211.3055419921875,1048.892578125
302,5.033333333333333,247.0,298.799560546875,215.4632568359375,1.0,auto,298.799560546875,1270.6787109375,215.4632568359375,1258.9573974609375,286.2215576171875,1078.259521484375,222.0494384765625,1048.9527587890625
303,5.05,258.0,312.381103515625,226.4798583984375,1.0,auto,312.381103515625,1265.5672607421875,226.4798583984375,1255.244384765625,296.93658447265625,1075.3609619140625,234.0093994140625,1045.9033203125
304,5.066666666666666,271.0,323.2412414550781,241.48403930664062,1.0,auto,323.2412414550781,1266.103271484375,241.48403930664062,1254.9969482421875,307.6784973144531,1073.1622314453125,246.03634643554688,1046.7811279296875
305,5.083333333333333,283.0,336.273681640625,253.56304931640625,1.0,auto,336.273681640625,1265.633056640625,253.56304931640625,1257.317138671875,321.9334716796875,1075.5792236328125,257.255859375,1047.453857421875
306,5.1,296.0,349.8016357421875,263.5128173828125,1.0,auto,349.8016357421875,1264.9970703125,263.5128173828125,1253.153564453125,332.88299560546875,1073.878173828125,269.50335693359375,1045.0394287109375
307,5.116666666666666,307.0,360.194091796875,276.879150390625,1.0,auto,360.194091796875,1261.662841796875,276.879150390625,1253.56591796875,346.76312255859375,1072.681396484375,280.361328125,1042.4608154296875
308,5.133333333333334,318.0,371.217529296875,288.34136962890625,1.0,auto,371.217529296875,1262.167724609375,288.34136962890625,1254.314453125,356.0189208984375,1072.166259765625,290.9610595703125,1043.600341796875
309,5.15,329.0,382.726318359375,299.1416015625,1.0,auto,382.726318359375,1260.22705078125,299.1416015625,1252.78759765625,365.613525390625,1071.140625,300.637451171875,1041.21875
310,5.166666666666667,340.0,395.2309265136719,305.0290222167969,1.0,auto,395.2309265136719,1258.798583984375,305.0290222167969,1247.606201171875,379.2200622558594,1072.8048095703125,311.9811706542969,1038.052734375
311,5.183333333333334,351.0,407.0234375,317.6829833984375,1.0,auto,407.0234375,1253.944091796875,317.6829833984375,1246.84033203125,389.31396484375,1071.0513916015625,322.2491455078125,1035.702392578125
312,5.2,361.0,416.3970947265625,328.91351318359375,1.0,auto,416.3970947265625,1256.7391357421875,328.91351318359375,1247.88720703125,398.85931396484375,1068.804443359375,330.4503173828125,1034.886474609375
313,5.216666666666667,371.0,426.5279541015625,338.2164306640625,1.0,auto,426.5279541015625,1255.140625,338.2164306640625,1247.7337646484375,408.15447998046875,1069.7705078125,339.1610107421875,1037.082275390625
314,5.233333333333333,382.0,437.34808349609375,348.4176025390625,1.0,auto,437.34808349609375,1254.5341796875,348.4176025390625,1246.86328125,417.923583984375,1065.7738037109375,350.19879150390625,1035.479248046875
315,5.25,393.0,448.6005859375,359.27935791015625,1.0,auto,448.6005859375,1253.961669921875,359.27935791015625,1245.5928955078125,427.5185546875,1064.7166748046875,360.690185546875,1034.145751953125
316,5.266666666666667,405.0,461.00689697265625,371.75341796875,1.0,auto,461.00689697265625,1254.306396484375,371.75341796875,1246.68115234375,439.95196533203125,1066.4847412109375,372.24285888671875,1034.587890625
317,5.283333333333333,417.0,473.681640625,383.8265380859375,1.0,auto,473.681640625,1251.197021484375,383.8265380859375,1245.5419921875,452.3359375,1065.2293701171875,382.9183349609375,1033.5264892578125
318,5.3,431.0,486.025390625,397.172119140625,1.0,auto,486.025390625,1249.582763671875,397.172119140625,1244.137451171875,463.11077880859375,1062.428955078125,395.4034423828125,1031.5020751953125
319,5.316666666666666,441.0,496.90789794921875,407.59521484375,1.0,auto,496.90789794921875,1246.830078125,407.59521484375,1239.6890869140625,475.22314453125,1062.8692626953125,405.2225341796875,1030.728759765625
320,5.333333333333333,451.0,505.904541015625,417.75286865234375,1.0,auto,505.904541015625,1243.7823486328125,417.75286865234375,1236.882568359375,484.119140625,1057.802978515625,414.6820068359375,1025.146484375
321,5.35,458.0,514.752197265625,425.00091552734375,1.0,auto,514.752197265625,1240.314697265625,425.00091552734375,1230.375244140625,491.732421875,1052.1715087890625,422.30908203125,1022.563720703125
322,5.366666666666666,464.0,520.7564697265625,431.49969482421875,1.0,auto,520.7564697265625,1234.103759765625,431.49969482421875,1225.9371337890625,498.72265625,1046.390869140625,427.75848388671875,1017.7889404296875
323,5.383333333333334,471.0,526.4288330078125,434.2796630859375,1.0,auto,526.4288330078125,1228.4378662109375,434.2796630859375,1218.1263427734375,507.0892333984375,1042.965576171875,434.716796875,1009.680419921875
324,5.4,476.0,530.833251953125,436.9241943359375,1.0,auto,530.833251953125,1217.37548828125,436.9241943359375,1209.718994140625,511.12115478515625,1037.197998046875,438.77252197265625,1004.402099609375
325,5.416666666666667,479.0,535.1770629882812,441.8270263671875,1.0,auto,535.1770629882812,1210.75146484375,441.8270263671875,1203.5712890625,513.8800048828125,1031.936279296875,442.5400390625,998.28173828125
326,5.433333333333334,483.0,537.5107421875,445.2587890625,1.0,auto,537.5107421875,1205.0548095703125,445.2587890625,1195.48974609375,516.0859375,1024.6331787109375,445.9674072265625,990.5404052734375
327,5.45,485.0,541.0992431640625,449.4892578125,1.0,auto,541.0992431640625,1197.7503662109375,449.4892578125,1189.8277587890625,519.4984741210938,1018.0106201171875,448.93017578125,984.630615234375
328,5.466666666666667,488.0,543.93603515625,451.2291259765625,1.0,auto,543.93603515625,1193.2054443359375,451.2291259765625,1182.5010986328125,522.6907958984375,1010.59326171875,451.1776123046875,977.1058349609375
329,5.483333333333333,490.0,545.593017578125,454.41162109375,1.0,auto,545.593017578125,1181.295166015625,454.41162109375,1173.968017578125,525.717041015625,1002.6229248046875,454.01971435546875,969.853759765625
330,5.5,493.0,547.7333984375,456.43896484375,1.0,auto,547.7333984375,1173.191650390625,456.43896484375,1165.421630859375,529.4783325195312,995.193603515625,457.4876708984375,961.029296875
331,5.516666666666667,495.0,549.8946533203125,459.1683654785156,1.0,auto,549.8946533203125,1168.1220703125,459.1683654785156,1158.4696044921875,530.9798583984375,988.2890625,458.3351745605469,954.64111328125
332,5.533333333333333,496.0,551.342041015625,459.0657958984375,1.0,auto,551.342041015625,1156.0703125,459.0657958984375,1146.5560302734375,533.6817626953125,981.675537109375,461.52276611328125,943.56884765625
333,5.55,498.0,553.8743896484375,463.5023498535156,1.0,auto,553.8743896484375,1152.3564453125,463.5023498535156,1139.9019775390625,536.6068115234375,974.656494140625,464.3014221191406,937.263671875
334,5.566666666666666,502.0,556.4067993164062,465.8179931640625,1.0,auto,556.4067993164062,1145.760498046875,465.8179931640625,1132.4736328125,538.3095703125,965.670166015625,466.08843994140625,928.9588623046875
335,5.583333333333333,503.0,558.815673828125,466.7691345214844,1.0,auto,558.815673828125,1134.2008056640625,466.7691345214844,1121.673583984375,541.8740234375,959.9610595703125,469.1735534667969,920.186279296875
336,5.6,506.0,559.997802734375,470.7769775390625,1.0,auto,559.997802734375,1128.5750732421875,470.7769775390625,1115.128173828125,540.2393798828125,948.6961669921875,470.7711181640625,913.188720703125
337,5.616666666666666,508.0,563.0762939453125,469.576171875,1.0,auto,563.0762939453125,1120.0137939453125,469.576171875,1103.5673828125,545.91650390625,942.8876953125,474.0810546875,905.2218017578125
338,5.633333333333334,511.0,564.109130859375,473.8380432128906,1.0,auto,564.109130859375,1111.7725830078125,473.8380432128906,1095.63818359375,545.55908203125,931.9923095703125,476.4487609863281,897.459228515625
339,5.65,514.0,567.52294921875,479.0693359375,1.0,auto,567.52294921875,1102.1392822265625,479.0693359375,1088.6085205078125,549.7445068359375,923.4818115234375,479.3359375,889.538818359375
340,5.666666666666667,518.0,570.2616577148438,479.61016845703125,1.0,auto,570.2616577148438,1093.447998046875,479.61016845703125,1077.9232177734375,550.1268920898438,916.0556640625,482.070068359375,880.5089111328125
341,5.683333333333334,522.0,575.4880981445312,483.0616455078125,1.0,auto,575.4880981445312,1086.61865234375,483.0616455078125,1070.492431640625,555.6310424804688,908.546142578125,485.42822265625,872.6832275390625
342,5.7,525.0,579.3060302734375,486.8416442871094,1.0,auto,579.3060302734375,1079.7220458984375,486.8416442871094,1062.157470703125,556.8604736328125,904.6148681640625,488.2658386230469,864.229248046875
343,5.716666666666667,527.0,581.08837890625,490.40234375,1.0,auto,581.08837890625,1073.922607421875,490.40234375,1056.25439453125,561.4024658203125,897.185302734375,491.747314453125,858.7916259765625
344,5.733333333333333,530.0,582.8278198242188,489.186767578125,1.0,auto,582.8278198242188,1066.950439453125,489.186767578125,1043.7393798828125,561.7095947265625,890.114501953125,494.9337158203125,851.85107421875
345,5.75,533.0,593.5213623046875,494.273193359375,1.0,auto,593.5213623046875,1057.574951171875,494.273193359375,1036.6968994140625,565.9249267578125,884.43359375,497.64532470703125,842.9677734375
346,5.766666666666667,791.0,806.4468994140625,,1.0,auto,806.4468994140625,1595.589111328125,,,918.9979248046875,1588.2532958984375,683.4691162109375,1587.15869140625
444,7.4,883.437744140625,926.9322509765625,639.516845703125,1.0,auto,937.4945068359375,1277.1796875,650.0791015625,1222.260009765625,1011.19775390625,1212.056396484375,807.694091796875,1236.833251953125
445,7.416666666666667,891.437744140625,915.1414184570312,626.0513305664062,1.0,auto,925.7036743164062,1267.9793701171875,636.6135864257812,1207.6785888671875,1022.8429565429688,1217.2840576171875,799.6200561523438,1241.5350341796875
448,7.466666666666667,887.437744140625,918.935791015625,619.5928955078125,1.0,auto,929.498046875,1245.5140380859375,630.1551513671875,1222.5550537109375,1023.792724609375,1234.9010009765625,801.6429443359375,1233.53515625
468,7.8,887.437744140625,926.252685546875,646.0458984375,1.0,auto,936.81494140625,1244.14111328125,656.608154296875,1168.213134765625,1026.9691162109375,1199.878662109375,804.0289306640625,1216.32666015625
470,7.833333333333333,892.437744140625,939.1904296875,662.2503662109375,1.0,auto,949.752685546875,1248.1513671875,672.8126220703125,1190.41943359375,1023.54296875,1215.0421142578125,805.7171630859375,1214.9737548828125
481,8.016666666666667,3721.075927734375,,,1.0,auto,,,,,,,,
488,8.133333333333333,890.2559814453125,929.049072265625,619.6409912109375,1.0,auto,926.7930908203125,1213.910888671875,617.385009765625,1168.20556640625,1012.11669921875,1202.357421875,794.497314453125,1193.2249755859375
493,8.216666666666667,874.2559814453125,920.6661376953125,614.5330810546875,1.0,auto,918.41015625,1216.390869140625,612.277099609375,1159.747314453125,1001.49365234375,1158.0450439453125,777.18603515625,1178.76904296875
499,8.316666666666666,870.2559814453125,926.597412109375,632.4481201171875,1.0,auto,924.3414306640625,1212.9920654296875,630.192138671875,1160.2802734375,995.2342529296875,1185.739013671875,777.5240478515625,1181.8682861328125
503,8.383333333333333,867.918212890625,920.5029296875,640.49658203125,1.0,auto,918.584716796875,1201.79833984375,638.578369140625,1158.3253173828125,993.119140625,1172.1849365234375,774.2763671875,1176.456298828125
504,8.4,868.0147705078125,912.5347900390625,627.7440185546875,1.0,auto,910.52001953125,1190.637451171875,625.729248046875,1156.125244140625,997.005615234375,1161.590576171875,773.39404296875,1173.34912109375
508,8.466666666666667,863.43701171875,918.730224609375,671.2230224609375,1.0,auto,915.293212890625,1194.9666748046875,667.7860107421875,1151.6033935546875,984.422119140625,1187.246826171875,768.9024658203125,1182.134033203125
509,8.483333333333333,864.63037109375,924.6988525390625,604.6910400390625,1.0,auto,921.0684814453125,1201.346923828125,601.0606689453125,1151.3038330078125,990.2281494140625,1192.9217529296875,773.8116455078125,1181.5665283203125
510,8.5,863.63037109375,922.2686157226562,599.9077758789062,1.0,auto,918.6382446289062,1192.9952392578125,596.2774047851562,1134.79052734375,989.9335327148438,1173.5845947265625,760.8322143554688,1171.17041015625
511,8.516666666666667,862.63037109375,920.09521484375,589.8807373046875,1.0,auto,916.46484375,1193.861328125,586.2503662109375,1138.843505859375,984.767333984375,1176.050048828125,758.029296875,1173.96435546875
512,8.533333333333333,862.63037109375,915.0706787109375,624.0972900390625,1.0,auto,911.4403076171875,1184.83349609375,620.4669189453125,1152.19384765625,981.8939208984375,1181.635986328125,761.01171875,1172.2933349609375
513,8.55,857.63037109375,921.2420654296875,592.3948974609375,1.0,auto,917.6116943359375,1192.888916015625,588.7645263671875,1141.599853515625,978.8511962890625,1187.054443359375,763.807861328125,1172.7899169921875
515,8.583333333333334,852.63037109375,916.717041015625,585.7882080078125,1.0,auto,913.086669921875,1184.394287109375,582.1578369140625,1144.8448486328125,972.3638916015625,1186.2672119140625,758.96630859375,1173.275146484375
516,8.6,850.63037109375,910.376220703125,575.2344970703125,1.0,auto,906.745849609375,1171.283203125,571.6041259765625,1135.324951171875,970.3511962890625,1175.4644775390625,756.4715576171875,1165.4840087890625
517,8.616666666666667,848.63037109375,914.224609375,579.951171875,1.0,auto,910.59423828125,1185.5244140625,576.32080078125,1142.576171875,970.751953125,1188.8524169921875,753.582275390625,1171.659912109375
518,8.633333333333333,844.63037109375,905.65185546875,569.4036865234375,1.0,auto,902.021484375,1180.6561279296875,565.7733154296875,1140.5911865234375,966.541015625,1182.3450927734375,751.041015625,1166.0919189453125
519,8.65,839.63037109375,900.094482421875,,1.0,auto,896.464111328125,1182.365234375,,,963.7353515625,1182.1981201171875,744.5911865234375,1175.42578125
520,8.666666666666666,833.63037109375,901.824462890625,563.1695556640625,1.0,auto,898.194091796875,1180.4334716796875,559.5391845703125,1132.9620361328125,959.513671875,1178.83984375,737.668212890625,1169.152587890625
521,8.683333333333334,831.63037109375,901.5213623046875,590.93212890625,1.0,auto,897.8909912109375,1180.48779296875,587.3017578125,1141.2938232421875,956.6328125,1183.32373046875,734.55859375,1166.7005615234375
522,8.7,828.63037109375,893.281005859375,533.9154052734375,1.0,auto,889.650634765625,1173.84912109375,530.2850341796875,1137.891845703125,951.5283203125,1184.181640625,728.67333984375,1165.6383056640625
523,8.716666666666667,823.63037109375,886.2056884765625,525.7930297851562,1.0,auto,882.5753173828125,1175.1787109375,522.1626586914062,1136.5050048828125,944.7169189453125,1181.5330810546875,726.3101806640625,1163.30322265625
524,8.733333333333333,820.63037109375,885.193115234375,528.9851684570312,1.0,auto,881.562744140625,1174.2978515625,525.3547973632812,1138.587646484375,940.88330078125,1180.115966796875,721.864990234375,1164.7572021484375
525,8.75,818.63037109375,877.9775390625,523.068603515625,1.0,auto,874.34716796875,1170.7490234375,519.438232421875,1135.175048828125,928.5042724609375,1195.3345947265625,713.36328125,1165.7020263671875
526,8.766666666666667,817.63037109375,875.289794921875,536.853759765625,1.0,auto,871.659423828125,1170.1181640625,533.223388671875,1137.333251953125,925.9638671875,1194.517333984375,715.5372314453125,1167.361572265625
527,8.783333333333333,817.63037109375,878.4183349609375,523.5302734375,1.0,auto,874.7879638671875,1179.3201904296875,519.89990234375,1134.855712890625,930.48974609375,1185.96728515625,712.0831298828125,1164.9178466796875
528,8.8,815.63037109375,877.0460205078125,516.59375,1.0,auto,873.4156494140625,1178.3209228515625,512.96337890625,1132.251220703125,931.760986328125,1172.84130859375,709.74169921875,1161.351806640625
529,8.816666666666666,813.63037109375,869.73046875,529.8553466796875,1.0,auto,866.10009765625,1176.9053955078125,526.2249755859375,1136.326904296875,923.402587890625,1171.1107177734375,707.05419921875,1157.066650390625
530,8.833333333333334,812.63037109375,866.564208984375,513.4287109375,1.0,auto,862.933837890625,1173.69140625,509.7983703613281,1129.916748046875,927.807861328125,1171.21728515625,706.158935546875,1163.69189453125
531,8.85,808.63037109375,866.060546875,535.3853759765625,1.0,auto,862.43017578125,1175.2021484375,531.7550048828125,1136.169921875,923.9228515625,1159.548583984375,700.3482666015625,1155.895751953125
532,8.866666666666667,806.63037109375,863.534423828125,498.1013488769531,1.0,auto,859.904052734375,1171.580078125,494.4709777832031,1130.597900390625,921.216796875,1163.80615234375,696.52001953125,1154.89013671875
533,8.883333333333333,804.63037109375,859.607421875,,1.0,auto,855.97705078125,1173.852294921875,,,915.9154052734375,1167.46484375,697.76806640625,1160.1395263671875
534,8.9,804.63037109375,853.9013671875,495.0801696777344,1.0,auto,850.27099609375,1173.814453125,491.4497985839844,1130.134033203125,915.9912109375,1157.0750732421875,690.4498291015625,1151.1512451171875
535,8.916666666666666,801.63037109375,854.2275390625,506.2215881347656,1.0,auto,850.59716796875,1172.9541015625,502.5912170410156,1129.2498779296875,915.8458251953125,1155.2198486328125,692.164794921875,1157.1025390625
536,8.933333333333334,802.63037109375,850.271484375,489.2494201660156,1.0,auto,846.64111328125,1170.557861328125,485.6190490722656,1128.87646484375,909.5296630859375,1162.35205078125,685.3389892578125,1157.6279296875
537,8.95,802.63037109375,845.980224609375,,1.0,auto,842.349853515625,1169.24169921875,,,906.91943359375,1170.975830078125,686.437744140625,1158.33056640625
538,8.966666666666667,803.63037109375,843.516845703125,474.24932861328125,1.0,auto,839.886474609375,1168.2386474609375,470.61895751953125,1130.201171875,908.8834228515625,1161.9537353515625,683.3974609375,1155.2012939453125
539,8.983333333333333,803.63037109375,842.260498046875,455.9349365234375,1.0,auto,838.630126953125,1165.74755859375,452.3045654296875,1125.2662353515625,912.8890380859375,1152.81982421875,684.1422119140625,1150.32958984375
540,9.0,802.63037109375,842.09326171875,,1.0,auto,838.462890625,1165.955322265625,,,907.057373046875,1159.8739013671875,683.070068359375,1156.435302734375
541,9.016666666666667,798.63037109375,841.2908935546875,461.6462097167969,1.0,auto,837.6605224609375,1169.552734375,458.0158386230469,1129.3519287109375,902.8011474609375,1156.9014892578125,672.6080322265625,1156.343505859375
542,9.033333333333333,796.63037109375,838.25,,1.0,auto,834.61962890625,1166.061767578125,,,899.35400390625,1161.0030517578125,673.0032958984375,1154.7039794921875
543,9.05,800.99658203125,838.9434814453125,491.3960266113281,1.0,auto,828.9468994140625,1166.463623046875,481.3994445800781,1126.11767578125,895.4814453125,1157.9993896484375,670.9127197265625,1151.1422119140625
544,9.066666666666666,806.256103515625,844.186767578125,,1.0,auto,827.9306640625,1167.364013671875,,,896.968505859375,1150.10400390625,666.8145751953125,1150.6815185546875
545,9.083333333333334,811.515625,846.9677734375,486.31634521484375,1.0,auto,824.4521484375,1166.4365234375,463.80072021484375,1128.0794677734375,894.602294921875,1153.3330078125,665.018310546875,1151.876220703125
546,9.1,818.775146484375,853.05078125,,1.0,auto,824.275634765625,1166.3477783203125,,,889.254150390625,1162.38232421875,666.674072265625,1155.5826416015625
547,9.116666666666667,836.775146484375,875.2332763671875,,1.0,auto,846.4581298828125,1165.3963623046875,,,903.69873046875,1157.37451171875,689.0167236328125,1145.9906005859375
548,9.133333333333333,846.775146484375,883.58544921875,,1.0,auto,854.810302734375,1161.419189453125,,,914.313720703125,1153.6368408203125,692.0986328125,1136.10791015625
549,9.15,862.775146484375,896.7303466796875,,1.0,auto,867.9552001953125,1164.0477294921875,,,929.68701171875,1162.4222412109375,710.659912109375,1153.1982421875
550,9.166666666666666,864.775146484375,902.3480224609375,,1.0,auto,873.5728759765625,1163.6409912109375,,,932.1563720703125,1158.8455810546875,710.3272705078125,1152.084716796875
551,9.183333333333334,875.775146484375,904.267822265625,,1.0,auto,875.49267578125,1163.767822265625,,,935.40625,1164.7730712890625,718.3646240234375,1150.966064453125
552,9.2,873.775146484375,912.337646484375,542.8218994140625,1.0,auto,883.5625,1166.1925048828125,514.0467529296875,1122.52392578125,935.9295654296875,1161.4423828125,721.85302734375,1152.889404296875
553,9.216666666666667,874.775146484375,915.8690185546875,545.869873046875,1.0,auto,887.0938720703125,1167.284912109375,517.0947265625,1122.8701171875,930.7684326171875,1164.706298828125,723.7322998046875,1155.4140625
554,9.233333333333333,876.9036865234375,914.1734619140625,,1.0,auto,885.269775390625,1167.6044921875,,,942.09130859375,1162.570556640625,728.4664306640625,1155.229736328125
555,9.25,878.0322265625,917.6962890625,718.891845703125,1.0,auto,888.6640625,1164.7784423828125,689.859619140625,971.610107421875,935.081787109375,1172.5255126953125,725.12548828125,1162.225341796875
556,9.266666666666667,884.0322265625,924.4912109375,,1.0,auto,895.458984375,1162.7867431640625,,,943.921875,1157.95654296875,726.3609619140625,1156.723876953125
557,9.283333333333333,887.0322265625,914.4754638671875,566.71142578125,1.0,auto,885.4432373046875,1160.008544921875,537.67919921875,1117.4945068359375,953.0323486328125,1150.00048828125,729.033935546875,1145.9447021484375
558,9.3,892.0322265625,926.398193359375,,1.0,auto,897.365966796875,1165.899658203125,,,945.7802734375,1161.251220703125,730.272216796875,1149.7442626953125
559,9.316666666666666,892.1741943359375,926.744140625,,1.0,auto,896.5699462890625,1164.372314453125,,,955.666748046875,1150.95166015625,732.6041259765625,1144.53955078125
560,9.333333333333334,892.1666259765625,931.500732421875,,1.0,auto,900.3341064453125,1161.736328125,,,955.262451171875,1152.1405029296875,735.05029296875,1150.1729736328125
561,9.35,894.6502685546875,940.0338134765625,,1.0,auto,910.383544921875,1169.6578369140625,,,961.074951171875,1149.166015625,737.9129638671875,1148.0374755859375
562,9.366666666666667,895.1339111328125,941.662353515625,,1.0,auto,913.5284423828125,1164.3577880859375,,,968.3621826171875,1140.050048828125,747.996337890625,1148.902587890625
563,9.383333333333333,900.1339111328125,948.0848388671875,,1.0,auto,919.950927734375,1169.685546875,,,972.724853515625,1133.533203125,749.1256103515625,1131.7802734375
564,9.4,904.1339111328125,948.8206787109375,1095.2337646484375,1.0,auto,920.686767578125,1160.6109619140625,1067.099853515625,897.8563232421875,973.792724609375,1138.697265625,753.6099853515625,1138.7552490234375
565,9.416666666666666,904.1339111328125,950.5548095703125,817.4747314453125,1.0,auto,922.4208984375,1162.596435546875,789.3408203125,913.027587890625,980.437744140625,1121.1416015625,757.2259521484375,1135.0675048828125
566,9.433333333333334,907.1339111328125,951.9844970703125,,1.0,auto,923.8505859375,1166.51025390625,,,983.264892578125,1139.6981201171875,764.7779541015625,1140.32275390625
567,9.45,910.1339111328125,946.318359375,,1.0,auto,918.1844482421875,1157.833984375,,,989.283447265625,1125.1912841796875,765.81494140625,1139.0830078125
568,9.466666666666667,911.1339111328125,953.0399169921875,,1.0,auto,924.906005859375,1162.8118896484375,,,992.808349609375,1114.3494873046875,767.0169677734375,1126.813720703125
569,9.483333333333333,911.6153564453125,956.654052734375,,1.0,auto,930.0386962890625,1168.20703125,,,990.94091796875,1133.2794189453125,770.4327392578125,1138.02197265625
570,9.5,912.0968017578125,950.740234375,,1.0,auto,925.6434326171875,1158.5172119140625,,,995.492431640625,1118.6546630859375,775.6724853515625,1121.9171142578125
571,9.516666666666667,912.0968017578125,952.141357421875,,1.0,auto,927.0445556640625,1155.333740234375,,,1001.6568603515625,1135.1279296875,783.0262451171875,1137.141357421875
572,9.533333333333333,913.0968017578125,941.2406005859375,,1.0,auto,916.143798828125,1147.275390625,,,1006.591552734375,1118.295166015625,786.95166015625,1128.2513427734375
573,9.55,1.7593147560979396,1.8378461348941928,,519.5754759570297,auto,929.802978515625,1152.10302734375,,,1012.21484375,1128.7962646484375,797.44580078125,1134.04736328125
574,9.566666666666666,1.7650887006715825,1.8544286048629544,,519.5754759570297,auto,938.4188232421875,1161.609375,,,1015.882568359375,1122.2454833984375,807.135498046875,1131.144775390625
575,9.583333333333334,1.7727872934364397,1.8656130381079197,,519.5754759570297,auto,944.22998046875,1165.8604736328125,,,1020.49658203125,1119.84130859375,814.2109375,1132.9864501953125
576,9.6,1.7804858862012967,1.8654286083190887,,519.5754759570297,auto,944.1341552734375,1164.544189453125,,,1024.87646484375,1129.1004638671875,816.5072021484375,1132.6810302734375
577,9.616666666666667,1.7862598307749395,1.851431914472459,,519.5754759570297,auto,936.86181640625,1146.3162841796875,,,1032.8240966796875,1131.718994140625,826.736328125,1134.149169921875
578,9.633333333333333,1.7920337753485824,1.896259160509065,,519.5754759570297,auto,960.1529541015625,1171.7724609375,,,1035.909912109375,1123.6322021484375,832.734130859375,1125.372314453125
579,9.65,1.7978077199222253,1.8653090226343563,,519.5754759570297,auto,944.072021484375,1147.78515625,,,1045.71923828125,1135.8428955078125,840.346923828125,1141.7122802734375
580,9.666666666666666,1.8055063126870825,1.8712387340232794,,519.5754759570297,auto,947.1529541015625,1147.057373046875,,,1049.121826171875,1135.9521484375,844.34423828125,1139.52294921875
581,9.683333333333334,1.7978077199222253,1.9453439153587926,1.5395523312190764,519.5754759570297,auto,985.6561889648438,1193.2379150390625,774.8168334960938,1151.3087158203125,1055.109130859375,1134.2501220703125,881.2562866210938,1135.7550048828125
582,9.7,1.815129553643154,1.8841854702568066,,519.5754759570297,auto,953.8797607421875,1143.235107421875,,,1062.3726806640625,1140.832275390625,861.638671875,1145.5538330078125
583,9.716666666666667,1.8247527945992255,1.8982023691503656,,519.5754759570297,auto,961.16259765625,1149.154052734375,,,1068.1832275390625,1160.7591552734375,873.7940673828125,1166.046875
584,9.733333333333333,1.8266774427904398,1.920459637997373,1.7365260475282116,519.5754759570297,auto,972.7269287109375,1158.4937744140625,877.1595458984375,943.498779296875,1072.930419921875,1170.64990234375,878.2628173828125,1170.186767578125
585,9.75,1.8382253319377253,1.9071224274848178,1.7339898442537782,519.5754759570297,auto,965.7972412109375,1146.207275390625,875.841796875,946.06591796875,1075.3875732421875,1168.7037353515625,891.63916015625,1168.4605712890625
586,9.766666666666667,1.8439992765113682,1.9145209987970162,1.5857360172376134,519.5754759570297,auto,969.641357421875,1145.583740234375,798.812744140625,1135.032470703125,1080.4576416015625,1171.3765869140625,889.0703125,1157.93359375
587,9.783333333333333,1.849773221085011,1.923231253562773,1.606619812778244,519.5754759570297,auto,974.1669921875,1145.47900390625,809.6634521484375,1134.3056640625,1079.732421875,1166.087890625,894.234619140625,1155.6787109375
588,9.8,1.8574718138498683,1.9160772572953808,1.6164378209890171,519.5754759570297,auto,970.449951171875,1139.914306640625,814.7646484375,1133.95947265625,1087.82666015625,1192.2235107421875,894.990966796875,1160.5517578125
589,9.816666666666666,1.8574718138498683,1.9390409979576937,,519.5754759570297,auto,982.38134765625,1158.544189453125,,,1090.24072265625,1161.89306640625,898.38818359375,1146.1015625
590,9.833333333333334,1.8632457584235111,1.9263566923918407,,519.5754759570297,auto,975.7908935546875,1146.900146484375,,,1091.359619140625,1168.5115966796875,901.882568359375,1156.9749755859375
591,9.85,1.8651704066147254,1.941166756848576,1.8138867083145989,519.5754759570297,auto,983.48583984375,1149.3475341796875,917.354248046875,951.03369140625,1100.2470703125,1193.5703125,912.289794921875,1173.4306640625
592,9.866666666666667,1.869019702997154,1.9406433051676646,1.7970803382327722,519.5754759570297,auto,983.2138671875,1142.453125,908.6220703125,953.6286010742188,1101.1004638671875,1190.8212890625,916.376708984375,1170.713623046875
593,9.883333333333333,1.869019702997154,1.93226525896421,,519.5754759570297,auto,978.86083984375,1144.3260498046875,,,1094.7589111328125,1153.2998046875,925.050537109375,1158.1270751953125
594,9.9,1.8728689993795826,1.9383394599329176,1.849478603307694,519.5754759570297,auto,982.016845703125,1141.7279052734375,935.846923828125,957.3951416015625,1104.640869140625,1196.747314453125,925.4766845703125,1171.6796875
595,9.916666666666666,1.8786429439532255,1.940364898416372,1.7422635760289005,519.5754759570297,auto,983.0692138671875,1143.733154296875,880.140625,1123.0025634765625,1108.766357421875,1204.3529052734375,923.560302734375,1175.263427734375
596,9.933333333333334,1.8805675921444398,1.946070474749824,,519.5754759570297,auto,986.03369140625,1145.510986328125,,,1109.993896484375,1209.84912109375,929.61279296875,1176.85107421875
597,9.95,1.8844168885268684,1.9480890999035,1.7361957185051589,519.5754759570297,auto,987.08251953125,1148.04833984375,876.9879150390625,1132.1510009765625,1110.545654296875,1211.702392578125,926.187255859375,1180.8914794921875
598,9.966666666666667,1.888266184909297,1.9485178697947312,1.6684843772819262,519.5754759570297,auto,987.3052978515625,1151.78857421875,841.8067626953125,1143.142578125,1113.2646484375,1212.005859375,929.3048095703125,1179.608154296875
599,9.983333333333333,1.895964777674154,1.950366866531164,1.6685128053130707,519.5754759570297,auto,988.2659912109375,1147.849365234375,841.821533203125,1141.2987060546875,1116.978515625,1217.614013671875,933.60302734375,1178.573974609375
600,10.0,1.8998140740565825,1.9615780832104308,1.6641595574694417,519.5754759570297,auto,994.091064453125,1150.695556640625,839.5596923828125,1143.0657958984375,1118.07373046875,1218.66064453125,927.4183349609375,1176.682373046875
601,10.016666666666667,1.909437315012654,1.9583737037328952,1.6334044217918409,519.5754759570297,auto,992.4261474609375,1158.094482421875,823.580078125,1138.90673828125,1124.0958251953125,1221.13623046875,927.75146484375,1181.4483642578125
602,10.033333333333333,1.9132866113950826,1.9593884199850746,,519.5754759570297,auto,992.953369140625,1160.03076171875,,,1126.23876953125,1222.857177734375,934.337890625,1182.9029541015625
603,10.05,1.9209852041599398,1.9576550149124698,,519.5754759570297,auto,992.052734375,1155.9453125,,,1128.5263671875,1231.4903564453125,941.027099609375,1180.69140625
604,10.066666666666666,1.9325330933072256,1.9765669388382494,1.6080226538853901,519.5754759570297,auto,1001.87890625,1162.9388427734375,810.392333984375,1148.9228515625,1130.5745849609375,1231.5137939453125,942.689697265625,1180.582763671875
605,10.083333333333334,1.9402316860720827,1.9759917998279841,1.582588258879961,519.5754759570297,auto,1001.580078125,1150.7823486328125,797.17724609375,1154.3980712890625,1134.593994140625,1233.63232421875,947.301513671875,1179.7713623046875
606,10.1,1.94793027883694,1.9916953502553234,1.3718237757431901,519.5754759570297,auto,1009.7392578125,1150.85009765625,687.669189453125,1128.052001953125,1137.9576416015625,1233.84375,949.822265625,1178.885009765625
607,10.116666666666667,1.9575535197930112,2.007809814951026,,519.5754759570297,auto,1018.1119384765625,1158.0609130859375,,,1138.755859375,1236.48876953125,951.822509765625,1182.3365478515625
608,10.133333333333333,1.9594781679842255,2.0263406622940234,1.705562517936352,519.5754759570297,auto,1027.7401123046875,1162.034423828125,861.0716552734375,1151.004638671875,1138.7894287109375,1240.224609375,947.5008544921875,1182.55224609375
609,10.15,1.969101408940297,2.0399015379772374,1.6602971043122685,519.5754759570297,auto,1034.7860107421875,1165.727783203125,837.5528564453125,1146.5606689453125,1140.4033203125,1239.5970458984375,948.2303466796875,1176.369140625
610,10.166666666666666,1.9768000017051541,2.036743207211308,,519.5754759570297,auto,1033.14501953125,1163.056884765625,,,1143.672607421875,1243.5811767578125,952.850830078125,1175.320556640625
611,10.183333333333334,1.982573946278797,2.0502152746649958,1.7709140976321731,519.5754759570297,auto,1040.144775390625,1160.1077880859375,895.0267333984375,1132.0374755859375,1143.06689453125,1239.7666015625,954.906494140625,1179.391357421875
612,10.2,1.9864232426612256,2.060867563360022,1.7089604899565585,519.5754759570297,auto,1045.679443359375,1170.2474365234375,862.837158203125,1157.282470703125,1142.7467041015625,1239.878173828125,954.26025390625,1181.242919921875
613,10.216666666666667,1.9921971872348685,2.077875044141517,1.646424460056088,519.5754759570297,auto,1054.51611328125,1174.5599365234375,830.344970703125,1158.262939453125,1147.810546875,1237.877685546875,957.0115966796875,1175.9486083984375
614,10.233333333333333,1.9998957799997257,2.082629808557263,1.5231553482799736,519.5754759570297,auto,1056.986572265625,1173.748779296875,766.29736328125,1146.37744140625,1149.7010498046875,1234.177001953125,959.5706787109375,1178.2574462890625
615,10.25,2.007594372764583,2.086512936646178,1.3676039751862565,519.5754759570297,auto,1059.004150390625,1174.488525390625,685.4766845703125,1125.3514404296875,1152.534912109375,1231.6146240234375,961.765625,1177.00146484375
616,10.266666666666667,2.01529296552944,2.1086102097145942,1.5838940687733651,519.5754759570297,auto,1070.4853515625,1178.86962890625,797.855712890625,1142.8912353515625,1156.2982177734375,1222.830322265625,973.459716796875,1171.8101806640625
617,10.283333333333333,2.0306901510591544,2.100083210025638,1.3487296420454618,519.5754759570297,auto,1066.054931640625,1179.200927734375,675.6700439453125,1131.614501953125,1158.1224365234375,1230.9559326171875,967.534423828125,1178.6915283203125
618,10.3,2.0383887438240116,2.1089605088421703,1.5576650985503229,519.5754759570297,auto,1070.6673583984375,1178.56005859375,784.227783203125,1159.3623046875,1162.26220703125,1219.171142578125,970.0205078125,1177.1640625
619,10.316666666666666,2.0480119847800826,2.126866174442392,1.6329072836604188,519.5754759570297,auto,1079.970703125,1178.9288330078125,823.32177734375,1155.103515625,1167.7947998046875,1214.4288330078125,975.2991943359375,1175.2418212890625
620,10.333333333333334,2.0537859293537255,2.141231257981871,,519.5754759570297,auto,1087.4344482421875,1182.2996826171875,,,1171.6322021484375,1210.8680419921875,979.45361328125,1172.3316650390625
621,10.35,2.057635225736154,2.154496106233331,1.652681916101596,519.5754759570297,auto,1094.3265380859375,1187.430908203125,833.59619140625,1146.97412109375,1173.59375,1212.0587158203125,983.6021728515625,1169.252197265625
622,10.366666666666667,2.063409170309797,2.1665592240773126,1.6666248081372166,519.5754759570297,auto,1100.59423828125,1188.921875,840.840576171875,1145.4700927734375,1171.0933837890625,1209.6639404296875,979.813720703125,1168.7391357421875
623,10.383333333333333,2.076881707648297,2.156910139456564,1.672597748928872,519.5754759570297,auto,1095.580810546875,1182.490966796875,843.9439697265625,1153.500732421875,1168.765380859375,1202.8116455078125,984.89990234375,1168.021728515625
624,10.4,2.0807310040307256,2.165823384461238,,519.5754759570297,auto,1100.2119140625,1181.658935546875,,,1173.3201904296875,1201.33251953125,987.2860107421875,1171.857666015625
625,10.416666666666666,2.090354244986797,2.1700203956047743,,519.5754759570297,auto,1102.392578125,1182.5579833984375,,,1176.743408203125,1200.1318359375,988.70263671875,1159.98193359375
626,10.433333333333334,2.103826782325297,2.1785586725292263,,519.5754759570297,auto,1106.828857421875,1181.6400146484375,,,1179.5098876953125,1190.454345703125,998.1263427734375,1158.59912109375
627,10.45,2.1192239678550115,2.190784605460673,,519.5754759570297,auto,1113.18115234375,1184.02587890625,,,1179.49755859375,1159.0938720703125,994.30078125,1153.92822265625
628,10.466666666666667,2.12307326423744,2.1948387716212676,1.895081864111827,519.5754759570297,auto,1115.28759765625,1182.962646484375,959.541259765625,1154.2882080078125,1183.2769775390625,1142.1683349609375,1001.72216796875,1146.8861083984375
629,10.483333333333333,2.134621153384726,2.1989904388804167,,519.5754759570297,auto,1117.4447021484375,1182.247314453125,,,1186.884033203125,1129.012451171875,1001.1143798828125,1144.41943359375
630,10.5,2.1577169316792975,2.2338918381418247,2.0494813145881703,519.5754759570297,auto,1135.57861328125,1188.6962890625,1039.763427734375,654.246337890625,1180.922119140625,1105.572265625,1024.104736328125,1099.370361328125
631,10.516666666666667,2.1500183389144403,2.2184227602358275,1.6998179411634784,519.5754759570297,auto,1127.541259765625,1181.17431640625,858.0869140625,1144.7333984375,1194.724609375,1131.58935546875,1004.662353515625,1141.440673828125
632,10.533333333333333,2.155792283488083,2.21825642101227,,519.5754759570297,auto,1127.454833984375,1176.211669921875,,,1193.116943359375,1130.9512939453125,1005.96240234375,1135.56689453125
633,10.55,2.1615662280617256,2.217198240414952,,519.5754759570297,auto,1126.905029296875,1173.4766845703125,,,1194.59423828125,1142.5213623046875,1001.087890625,1151.8218994140625
634,10.566666666666666,2.16349087625294,2.2191149005643576,,519.5754759570297,auto,1127.90087890625,1164.7294921875,,,1198.535888671875,1145.903564453125,1001.09130859375,1156.856201171875
635,10.583333333333334,2.16349087625294,2.2215073190862245,1.7614367559103232,519.5754759570297,auto,1129.1439208984375,1169.919189453125,890.1025390625,1155.43212890625,1196.1492919921875,1139.9315185546875,1003.152099609375,1151.21923828125
636,10.6,2.169264820826583,2.227609948086077,1.8497412689177741,519.5754759570297,auto,1132.314697265625,1165.48974609375,935.9833984375,1155.594482421875,1201.75146484375,1149.50927734375,1009.125732421875,1158.360595703125
637,10.616666666666667,2.1731141172090114,2.2285109522136777,1.7735832783084897,519.5754759570297,auto,1132.7828369140625,1176.771728515625,896.41357421875,1153.7611083984375,1197.93798828125,1146.4542236328125,1017.0010986328125,1157.56787109375
638,10.633333333333333,2.1885113027387257,2.255997569136863,2.048216619615843,519.5754759570297,auto,1147.064208984375,1194.0146484375,1039.1063232421875,1625.02978515625,1162.594970703125,1475.24853515625,1041.309326171875,1470.06787109375
639,10.65,2.1923605991211543,2.2389994860516147,1.7351389475622778,519.5754759570297,auto,1138.232421875,1168.912353515625,876.4388427734375,1131.838134765625,1204.571044921875,1152.989013671875,1012.4923095703125,1170.238525390625
640,10.666666666666666,2.196209895503583,2.2522793706170683,1.8492453054983828,519.5754759570297,auto,1145.13232421875,1169.036376953125,935.7257080078125,1162.8822021484375,1210.3583984375,1144.45068359375,1019.0689697265625,1160.857421875
641,10.683333333333334,2.198134543694797,2.251303184919498,1.9342758960760766,519.5754759570297,auto,1144.6251220703125,1173.4158935546875,979.905517578125,1157.8297119140625,1213.524169921875,1143.0731201171875,1024.267822265625,1143.052978515625
642,10.7,2.20390848826844,2.257256860433849,,519.5754759570297,auto,1147.718505859375,1175.836181640625,,,1214.236328125,1140.01953125,1022.9818115234375,1141.92578125
643,10.716666666666667,2.201983840077226,2.260879672336745,,519.5754759570297,auto,1149.600830078125,1180.314208984375,,,1214.86962890625,1138.474609375,1040.8427734375,1144.43701171875
644,10.733333333333333,2.209682432842083,2.2681734593357987,,519.5754759570297,auto,1153.3905029296875,1182.9835205078125,,,1212.5531005859375,1157.1693115234375,1026.1973876953125,1174.46484375
645,10.75,2.2212303219893688,2.277873996343495,,519.5754759570297,auto,1158.4306640625,1177.843505859375,,,1220.20849609375,1190.07080078125,1027.889892578125,1183.29248046875
646,10.766666666666667,2.2212303219893688,2.287106528078132,1.9265378329869856,519.5754759570297,auto,1163.2276611328125,1178.6500244140625,975.885009765625,1174.8057861328125,1223.1531982421875,1173.8084716796875,1037.495849609375,1178.1129150390625
647,10.783333333333333,2.2308535629454402,2.2978441008665924,,519.5754759570297,auto,1168.806640625,1178.6787109375,,,1227.677978515625,1154.677490234375,1042.00634765625,1171.7138671875
648,10.8,2.234702859327869,2.3012672117242574,1.9455622943253128,519.5754759570297,auto,1170.585205078125,1178.9775390625,985.7696533203125,1165.6756591796875,1234.1868896484375,1163.947021484375,1053.8333740234375,1173.94677734375
649,10.816666666666666,2.2443261002839403,2.305978276852459,1.9206783693775025,519.5754759570297,auto,1173.032958984375,1177.7393798828125,972.840576171875,1162.4757080078125,1237.4952392578125,1159.482177734375,1059.504638671875,1177.384521484375
650,10.833333333333334,2.250100044857583,2.3234828957653755,,519.5754759570297,auto,1182.1279296875,1181.1171875,,,1241.91943359375,1142.965087890625,1062.385009765625,1170.940185546875
651,10.85,2.255873989431226,2.3333589347504686,2.0014992619217273,519.5754759570297,auto,1187.25927734375,1184.36962890625,1014.8331298828125,1176.6258544921875,1243.306640625,1133.4481201171875,1066.7301025390625,1160.508544921875
652,10.866666666666667,2.261647934004869,2.324651499293586,,519.5754759570297,auto,1182.735107421875,1178.08935546875,,,1252.309326171875,1130.311767578125,1071.7528076171875,1150.442138671875
653,10.883333333333333,2.2651697206731187,2.3239424431118128,,519.5754759570297,auto,1183.536865234375,1176.749267578125,,,1252.3204345703125,1141.149169921875,1070.133544921875,1159.18701171875
654,10.9,2.2690805719659597,2.321748785865552,,519.5754759570297,auto,1183.3651123046875,1173.3385009765625,,,1255.7919921875,1131.3193359375,1071.346435546875,1160.9176025390625
655,10.916666666666666,2.2717018243914207,2.355672119890141,2.037273237279592,519.5754759570297,auto,1201.62890625,1191.077392578125,1036.1966552734375,1175.366455078125,1260.6842041015625,1150.4493408203125,1094.14794921875,1162.06103515625
656,10.933333333333334,2.2800970213905245,2.3187567943231797,,519.5754759570297,auto,1183.086669921875,1168.945068359375,,,1258.281982421875,1128.8824462890625,1074.372314453125,1161.167724609375
657,10.95,2.2800970213905245,2.3243763817359797,,519.5754759570297,auto,1186.0064697265625,1173.6741943359375,,,1256.94384765625,1146.6212158203125,1078.2896728515625,1161.97265625
658,10.966666666666667,2.2858709659641674,2.3329623519688805,1.9769153584265757,519.5754759570297,auto,1190.467529296875,1180.56640625,1005.4742431640625,1152.919189453125,1267.297607421875,1143.164306640625,1099.52734375,1170.154052734375
659,10.983333333333333,2.283946317772953,2.339203362045958,1.9199716626197911,519.5754759570297,auto,1193.710205078125,1184.562255859375,975.8876953125,1158.03662109375,1266.8134765625,1173.58984375,1096.506591796875,1176.6392822265625
660,11.0,2.289720262346596,2.293530558289603,1.876937731969359,519.5754759570297,auto,1169.979736328125,1165.6005859375,953.5283203125,1148.761962890625,1260.0992431640625,1133.0089111328125,1081.9251708984375,1155.9259033203125
661,11.016666666666667,2.2916449105378103,2.2968347882897544,1.8661545803541049,519.5754759570297,auto,1171.696533203125,1166.374755859375,947.9256591796875,1150.7755126953125,1261.572998046875,1131.529052734375,1081.219482421875,1156.4669189453125
662,11.033333333333333,2.2935695587290246,2.2878113552965944,1.778551370429024,519.5754759570297,auto,1167.0081787109375,1166.975341796875,902.4091796875,1149.220703125,1263.29052734375,1131.5828857421875,1079.386474609375,1158.8741455078125
663,11.05,2.2935695587290246,2.290923637350917,1.7957317688214478,519.5754759570297,auto,1168.625244140625,1163.599853515625,911.335693359375,1150.6380615234375,1263.8785400390625,1143.1573486328125,1080.646728515625,1157.215087890625
664,11.066666666666666,2.297418855111453,2.275184845562655,1.7767465428649483,519.5754759570297,auto,1160.44775390625,1152.4658203125,901.471435546875,1145.2362060546875,1263.467041015625,1139.3441162109375,1080.832763671875,1153.900146484375
665,11.083333333333334,2.303192799685096,2.2751120134167473,1.646435267406771,519.5754759570297,auto,1160.409912109375,1156.2142333984375,833.764892578125,1116.883056640625,1262.71923828125,1159.2408447265625,1084.9234619140625,1161.7447509765625
666,11.1,2.308966744258739,2.266241058045181,1.6729337165696723,519.5754759570297,auto,1155.80078125,1148.68359375,847.5328369140625,1125.21875,1263.645263671875,1160.512939453125,1084.6591796875,1165.894775390625
667,11.116666666666667,2.314740688832382,2.2709514183461645,1.681229297988567,519.5754759570297,auto,1158.2481689453125,1146.3267822265625,851.843017578125,1127.3349609375,1265.50537109375,1159.0455322265625,1089.4716796875,1161.8201904296875
668,11.133333333333333,2.3320625225533105,2.293742476339954,1.9307275609159313,519.5754759570297,auto,1170.08984375,1159.927978515625,981.4761962890625,1130.73828125,1274.3062744140625,1156.08642578125,1115.190185546875,1165.50341796875
669,11.15,2.3320625225533105,2.2919221425770724,1.698455745092597,519.5754759570297,auto,1169.14404296875,1148.38623046875,860.79345703125,1126.2896728515625,1281.745361328125,1151.404296875,1103.4393310546875,1155.1513671875
670,11.166666666666666,2.3378364671269534,2.3011971988872233,1.7343591737162525,519.5754759570297,auto,1173.963134765625,1145.2650146484375,879.447998046875,1121.766845703125,1286.128173828125,1155.082275390625,1107.105712890625,1155.237060546875
671,11.183333333333334,2.3455350598918105,2.29747524128893,1.7019340674157082,519.5754759570297,auto,1172.029296875,1143.002685546875,862.6007080078125,1128.719970703125,1288.874267578125,1155.344482421875,1109.66650390625,1155.804931640625
672,11.2,2.349384356274239,2.3025100570528125,1.9888076731412834,519.5754759570297,auto,1174.645263671875,1141.91455078125,1011.6531982421875,1141.12451171875,1295.79541015625,1159.235595703125,1124.02685546875,1161.735595703125
673,11.216666666666667,2.3513090044654534,2.3014915817221344,1.9982927679625362,519.5754759570297,auto,1174.1160888671875,1142.9927978515625,1016.5814208984375,1142.068115234375,1296.2889404296875,1161.5799560546875,1126.1563720703125,1161.608154296875
674,11.233333333333333,2.355158300847882,2.3150898132479267,1.9061640974101153,519.5754759570297,auto,1181.181396484375,1146.9456787109375,968.713623046875,1137.2236328125,1298.092041015625,1168.1090087890625,1119.055908203125,1160.741943359375
675,11.25,2.360932245421525,2.3012420728867986,1.9884265965585015,519.5754759570297,auto,1173.9864501953125,1140.2747802734375,1011.4552001953125,1138.7552490234375,1299.5089111328125,1169.82373046875,1122.913330078125,1160.0181884765625
676,11.266666666666667,2.360932245421525,2.313638339062707,1.9382959955877792,519.5754759570297,auto,1180.42724609375,1142.4849853515625,985.4085693359375,1128.7244873046875,1297.88427734375,1153.2252197265625,1124.7139892578125,1153.310546875
677,11.283333333333333,2.360932245421525,2.309422532526678,1.9849517983714826,519.5754759570297,auto,1178.23681640625,1143.02392578125,1009.6497802734375,1136.8037109375,1296.654541015625,1151.50927734375,1125.795166015625,1153.107421875
678,11.3,2.362856893612739,2.312193443264859,1.9806168760355334,519.5754759570297,auto,1179.676513671875,1147.3466796875,1007.3974609375,1134.415771484375,1299.089599609375,1163.0037841796875,1127.7998046875,1161.600341796875
679,11.316666666666666,2.360932245421525,2.322829755876267,1.9945740995579293,519.5754759570297,auto,1185.202880859375,1146.8677978515625,1014.6492919921875,1137.7421875,1299.0516357421875,1157.581298828125,1125.3902587890625,1161.1884765625
680,11.333333333333334,2.3647815418039535,2.3485218827012475,2.0096698539805478,519.5754759570297,auto,1198.5518798828125,1164.18603515625,1022.49267578125,1140.605712890625,1298.2796630859375,1148.220458984375,1131.4482421875,1158.6134033203125
681,11.35,2.366706189995168,2.3322789045093786,1.9832900507327547,519.5754759570297,auto,1190.1124267578125,1150.820068359375,1008.786376953125,1139.693359375,1305.3775634765625,1156.5994873046875,1131.1387939453125,1151.6103515625
682,11.366666666666667,2.3724801345688107,2.3239537203473084,1.9387656454576812,519.5754759570297,auto,1185.786865234375,1151.88330078125,985.652587890625,1135.5888671875,1302.758056640625,1163.90966796875,1123.167724609375,1156.8326416015625
683,11.383333333333333,2.3763294309512393,2.3431851659454574,2.0245271418609203,519.5754759570297,auto,1195.779052734375,1158.9964599609375,1030.212158203125,1142.705810546875,1302.706787109375,1160.49365234375,1130.164794921875,1159.1875
684,11.4,2.374404782760025,2.3225391321198545,1.9899692283973092,519.5754759570297,auto,1185.0518798828125,1153.0159912109375,1012.2567138671875,1144.728515625,1305.62939453125,1184.1749267578125,1126.357666015625,1170.656005859375
685,11.416666666666666,2.3763294309512393,2.3195323392058946,1.9550901486644856,519.5754759570297,auto,1183.4896240234375,1147.605224609375,994.1343994140625,1141.10546875,1302.3902587890625,1182.54833984375,1129.4630126953125,1170.9112548828125
686,11.433333333333334,2.3763294309512393,2.31522889915237,1.9804495970423517,519.5754759570297,auto,1181.253662109375,1152.0009765625,1007.310546875,1146.631591796875,1302.75341796875,1178.84814453125,1126.049072265625,1169.823974609375
687,11.45,2.3724801345688107,2.327531893193035,1.9910314030155318,519.5754759570297,auto,1187.64599609375,1153.06103515625,1012.80859375,1148.5081787109375,1301.2249755859375,1183.2464599609375,1126.584228515625,1173.233642578125
688,11.466666666666667,2.3705554863775964,2.3208863122925605,1.9772717660567116,519.5754759570297,auto,1184.193115234375,1152.7655029296875,1005.659423828125,1147.4337158203125,1301.31103515625,1184.002685546875,1125.002197265625,1175.4178466796875
689,11.483333333333333,2.374404782760025,2.334317264825171,1.987158847334894,519.5754759570297,auto,1191.1715087890625,1162.3941650390625,1010.7965087890625,1148.4658203125,1301.149169921875,1188.924560546875,1126.583251953125,1177.93798828125
690,11.5,2.382103375524882,2.3485099006385335,1.9989896071391893,519.5754759570297,auto,1198.545654296875,1173.87744140625,1016.9434814453125,1153.8211669921875,1302.445556640625,1188.5,1122.8631591796875,1171.54248046875
691,11.516666666666667,2.380858885599484,2.3182349872391117,2.018853282752299,519.5754759570297,auto,1184.462158203125,1162.131591796875,1028.9107666015625,1158.896484375,1305.68603515625,1187.6630859375,1126.89208984375,1177.185302734375
692,11.533333333333333,2.383463692056514,2.3171986562855658,1.9400531298434056,519.5754759570297,auto,1185.5703125,1163.0986328125,989.61474609375,1153.151123046875,1305.728759765625,1186.494873046875,1125.302734375,1178.8046875
693,11.55,2.3853883402477285,2.3209351803130405,1.938384098990087,519.5754759570297,auto,1187.51171875,1158.71337890625,988.74755859375,1138.7215576171875,1308.842529296875,1187.423095703125,1127.9718017578125,1177.4403076171875
694,11.566666666666666,2.3950115812038,2.323096415507252,1.9418631261404167,519.5754759570297,auto,1188.6346435546875,1159.1617431640625,990.55517578125,1152.061279296875,1311.7288818359375,1182.44970703125,1125.26904296875,1172.856689453125
695,11.583333333333334,2.402710173968657,2.3398828154845557,1.9637012577348454,519.5754759570297,auto,1197.3564453125,1167.6910400390625,1001.9017333984375,1150.79541015625,1312.3076171875,1186.40869140625,1132.634521484375,1179.3466796875
696,11.6,2.4046348221598715,2.3260245027151503,1.968787056000863,519.5754759570297,auto,1190.156005859375,1159.74462890625,1004.544189453125,1153.5369873046875,1315.4482421875,1180.3438720703125,1132.49365234375,1174.0433349609375
697,11.616666666666667,2.4104087667335143,2.307797200960904,1.9944827069619355,519.5754759570297,auto,1180.685546875,1148.39453125,1017.89501953125,1148.93359375,1318.078125,1188.067138671875,1133.9892578125,1178.7691650390625
698,11.633333333333333,2.4161827113071572,2.347743518509659,2.0410372495685865,519.5754759570297,auto,1201.440673828125,1162.0191650390625,1042.0836181640625,1157.1295166015625,1319.8087158203125,1187.084716796875,1133.61083984375,1178.657958984375
699,11.65,2.4181073594983715,2.3159670881925063,1.9067077541379558,519.5754759570297,auto,1184.930419921875,1161.7574462890625,972.289306640625,1154.764892578125,1318.2705078125,1188.877685546875,1130.8665771484375,1176.084228515625
700,11.666666666666666,2.420032007689586,2.3127972452486754,1.8879863685035674,519.5754759570297,auto,1183.283447265625,1164.020263671875,962.5621337890625,1153.3756103515625,1316.916259765625,1187.73193359375,1131.198486328125,1178.0634765625
701,11.683333333333334,2.420032007689586,2.304250745340008,1.860882237817601,519.5754759570297,auto,1178.8428955078125,1159.3653564453125,948.4794921875,1169.04443359375,1317.456298828125,1184.4556884765625,1133.62548828125,1176.62451171875
702,11.7,2.4258059522632287,2.3221742665630973,1.9338090655150484,519.5754759570297,auto,1188.155517578125,1155.752685546875,986.3704833984375,1152.3206787109375,1318.66357421875,1183.01318359375,1133.4603271484375,1178.9852294921875
703,11.716666666666667,2.4335045450280854,2.328303444054845,2.0040932610280744,519.5754759570297,auto,1191.340087890625,1159.7440185546875,1022.888427734375,1154.6480712890625,1317.27978515625,1180.2802734375,1136.2022705078125,1180.0997314453125
704,11.733333333333333,2.4412031377929426,2.335877987229253,1.9700839380828334,519.5754759570297,auto,1195.275634765625,1157.991943359375,1005.218017578125,1147.4449462890625,1324.20751953125,1167.0758056640625,1142.11962890625,1171.259033203125
705,11.75,2.4469770823665855,2.311119286583923,1.9181090392238014,519.5754759570297,auto,1182.41162109375,1142.1617431640625,978.213134765625,1142.2156982421875,1326.994384765625,1173.557373046875,1138.56298828125,1168.29248046875
706,11.766666666666667,2.4546756751314427,2.3249665570602387,1.994881404225179,519.5754759570297,auto,1189.6063232421875,1151.044189453125,1018.1021728515625,1147.6318359375,1330.823486328125,1168.763427734375,1148.673583984375,1169.1728515625
707,11.783333333333333,2.456600323322657,2.3263950068896553,1.9386228004747394,519.5754759570297,auto,1190.3485107421875,1147.86669921875,988.87158203125,1133.86572265625,1332.6912841796875,1165.89453125,1146.9896240234375,1167.017822265625
708,11.8,2.464298916087514,2.327918608393565,1.973634387724634,519.5754759570297,auto,1191.14013671875,1147.095458984375,1007.062744140625,1133.77001953125,1336.18505859375,1162.5699462890625,1150.92041015625,1161.1893310546875
709,11.816666666666666,2.4739221570435856,2.3359367228307915,1.9658500409815305,519.5754759570297,auto,1195.30615234375,1137.933837890625,1003.0181884765625,1135.6021728515625,1334.7115478515625,1161.5777587890625,1151.795654296875,1158.8040771484375
710,11.833333333333334,2.4739221570435856,2.329844666239216,2.0279185354937543,519.5754759570297,auto,1192.140869140625,1135.3489990234375,1035.2674560546875,1136.2177734375,1336.8648681640625,1159.8536376953125,1155.4923095703125,1160.708984375
711,11.85,2.4777714534260142,2.3283361010493007,1.997790461098179,519.5754759570297,auto,1191.3570556640625,1129.764404296875,1019.6136474609375,1126.781005859375,1336.76171875,1156.5875244140625,1153.598876953125,1160.372314453125
712,11.866666666666667,2.4777714534260142,2.3159915222027463,1.9943405668062122,519.5754759570297,auto,1184.943115234375,1125.3074951171875,1017.8211669921875,1122.076904296875,1336.010498046875,1151.1300048828125,1156.83935546875,1154.062255859375
713,11.883333333333333,2.476787514629041,2.339503618441023,1.9909912278640796,519.5754759570297,auto,1196.670654296875,1127.2503662109375,1015.5921630859375,1124.0595703125,1337.77197265625,1149.27099609375,1162.7811279296875,1154.843017578125
714,11.9,2.484050289230482,2.3058835950627787,1.979129690604578,519.5754759570297,auto,1178.428955078125,1120.6397705078125,1008.6556396484375,1117.8236083984375,1337.256103515625,1148.92626953125,1157.300537109375,1147.5799560546875
715,11.916666666666666,2.481689822875852,2.3325201903604986,1.9997097056140516,519.5754759570297,auto,1191.4951171875,1128.4716796875,1018.574951171875,1123.99267578125,1334.94873046875,1151.62255859375,1158.7760009765625,1147.8603515625
716,11.933333333333334,2.4778405264934236,2.314837250161311,2.0120213925237445,519.5754759570297,auto,1182.3074951171875,1122.617919921875,1024.9718017578125,1125.957275390625,1334.0078125,1152.668701171875,1154.1068115234375,1147.8079833984375
717,11.95,2.4778405264934236,2.3179857133461823,2.00086256800105,519.5754759570297,auto,1183.943359375,1128.292236328125,1019.1739501953125,1123.133056640625,1332.53662109375,1150.430908203125,1158.4796142578125,1147.87158203125
718,11.966666666666667,2.473991230110995,2.315376442983435,2.0272416664216246,519.5754759570297,auto,1182.587646484375,1125.4698486328125,1032.8798828125,1125.84326171875,1331.564453125,1148.897216796875,1161.369384765625,1142.9886474609375
719,11.983333333333333,2.4759158783022093,2.307429751037679,1.976871424196625,519.5754759570297,auto,1178.458740234375,1120.05078125,1006.708740234375,1120.69970703125,1333.77587890625,1152.85107421875,1157.1090087890625,1146.1552734375
720,12.0,2.479765174684638,2.291764966107355,1.9959034036919492,519.5754759570297,auto,1170.3197021484375,1114.278564453125,1016.5972900390625,1118.25732421875,1335.416259765625,1148.6248779296875,1155.3201904296875,1138.3565673828125
721,12.016666666666667,2.487463767449495,2.317711300615794,2.000768121153776,519.5754759570297,auto,1183.80078125,1122.208740234375,1019.1248779296875,1112.8984375,1333.5362548828125,1145.5565185546875,1154.9010009765625,1138.3634033203125
722,12.033333333333333,2.4913130638319236,2.318526315822743,2.001946122378232,519.5754759570297,auto,1184.2242431640625,1118.2523193359375,1019.7369384765625,1119.5211181640625,1337.7625732421875,1146.2225341796875,1161.3853759765625,1137.0723876953125
723,12.05,2.488882114755447,2.3245488294620964,1.9977094059680556,519.5754759570297,auto,1190.616455078125,1121.19189453125,1020.7987060546875,1116.0594482421875,1339.58935546875,1144.94287109375,1163.80517578125,1137.4246826171875
724,12.066666666666666,2.492657169337531,2.3112243058394735,2.0506280684726086,519.5754759570297,auto,1186.73193359375,1113.4844970703125,1051.33251953125,1118.2861328125,1345.3345947265625,1143.13671875,1173.6956787109375,1141.8150634765625
725,12.083333333333334,2.490658279345972,2.315108373698013,2.0327747950289594,519.5754759570297,auto,1191.78857421875,1114.7364501953125,1045.094970703125,1117.973876953125,1350.94287109375,1144.818603515625,1173.9990234375,1140.061279296875
726,12.1,2.4925829275371862,2.330338515176952,1.9713436992646316,519.5754759570297,auto,1199.7017822265625,1114.799560546875,1013.1768798828125,1099.4295654296875,1346.429443359375,1138.609130859375,1174.1077880859375,1133.46826171875
727,12.116666666666667,2.496432223919615,2.323448359231671,2.03487682473682,519.5754759570297,auto,1196.121826171875,1112.7652587890625,1046.1871337890625,1107.3837890625,1354.902099609375,1145.2125244140625,1175.250244140625,1136.8585205078125
728,12.133333333333333,2.5002815203020434,2.327703636091934,1.990257267787254,519.5754759570297,auto,1198.332763671875,1115.174072265625,1023.00390625,1095.746337890625,1356.78076171875,1143.476318359375,1177.31591796875,1134.4498291015625
729,12.15,2.504130816684472,2.329570488451234,2.0812565701932924,519.5754759570297,auto,1199.302734375,1112.6884765625,1070.284912109375,1122.4520263671875,1361.380615234375,1149.124267578125,1190.5693359375,1141.643310546875
730,12.166666666666666,2.509904761258115,2.3472839711632214,1.9514396135576635,519.5754759570297,auto,1208.5062255859375,1116.046875,1002.835205078125,1092.0750732421875,1363.398193359375,1146.30126953125,1184.68408203125,1135.879638671875
731,12.183333333333334,2.5137540576405435,2.3579169945809433,2.005104688086568,519.5754759570297,auto,1214.0308837890625,1122.365966796875,1030.71826171875,1105.501220703125,1368.742919921875,1148.018310546875,1190.5855712890625,1135.9940185546875
732,12.2,2.5214526504054007,2.3550831192779125,2.0973959387840475,519.5754759570297,auto,1212.5584716796875,1113.1748046875,1078.6705322265625,1121.6796875,1374.2177734375,1152.447998046875,1198.900146484375,1142.74755859375
733,12.216666666666667,2.521308630710428,2.35855862229215,2.118424223904463,519.5754759570297,auto,1218.4390869140625,1119.062255859375,1093.671142578125,1127.020263671875,1377.234619140625,1150.1544189453125,1206.840576171875,1142.8057861328125
734,12.233333333333333,2.5177671088800615,2.366589893504121,2.0723628254083293,519.5754759570297,auto,1226.4520263671875,1121.8292236328125,1073.578857421875,1120.4114990234375,1377.968017578125,1152.61767578125,1202.5595703125,1143.28076171875
735,12.25,2.5147192010450246,2.36001009647737,2.0427332987986127,519.5754759570297,auto,1227.616943359375,1126.74951171875,1062.7677001953125,1113.0291748046875,1383.2779541015625,1150.5330810546875,1206.4852294921875,1141.797119140625
736,12.266666666666667,2.5097988022329396,2.360405269604521,2.0224843176394103,519.5754759570297,auto,1232.3787841796875,1127.094482421875,1056.8033447265625,1107.148193359375,1387.45849609375,1149.7083740234375,1210.831787109375,1141.5849609375
737,12.283333333333333,2.505916144028837,2.340778885821627,1.9623914538205363,519.5754759570297,auto,1226.19873046875,1124.6220703125,1029.597900390625,1090.0101318359375,1390.18994140625,1152.429443359375,1212.24853515625,1148.5926513671875
738,12.3,2.505339595364135,2.34336583665579,2.0696165836227944,519.5754759570297,auto,1230.8424072265625,1125.0474853515625,1088.6090087890625,1115.6658935546875,1393.234375,1153.4306640625,1216.248779296875,1144.9482421875
739,12.316666666666666,2.5013178512555894,2.3671521106820483,2.0558985314698632,519.5754759570297,auto,1246.290771484375,1133.2796630859375,1084.571044921875,1123.0697021484375,1396.34521484375,1152.214111328125,1223.1214599609375,1141.79248046875
740,12.333333333333334,2.4993105033374086,2.3491061844653527,2.0081321559322696,519.5754759570297,auto,1239.95751953125,1126.1982421875,1062.7957763671875,1116.2449951171875,1396.923828125,1156.7200927734375,1220.307861328125,1150.7965087890625
741,12.35,2.4935102452142766,2.357471308836469,2.0648094270504753,519.5754759570297,auto,1247.3175048828125,1136.023681640625,1095.257568359375,1122.984375,1399.778076171875,1159.639892578125,1228.57666015625,1156.5499267578125
742,12.366666666666667,2.49084411878924,2.3565832265412063,2.0662883894972155,519.5754759570297,auto,1251.2413330078125,1135.6015625,1100.4112548828125,1126.3597412109375,1403.5189208984375,1159.198486328125,1230.9075927734375,1154.0848388671875
743,12.383333333333333,2.488643648213201,2.3525377532496394,2.073089267328158,519.5754759570297,auto,1254.28271484375,1128.466552734375,1109.088134765625,1127.3348388671875,1406.452392578125,1159.95556640625,1236.251220703125,1152.526611328125
744,12.4,2.480669233063519,2.343928758660935,2.046289152115755,519.5754759570297,auto,1254.9530029296875,1130.125732421875,1100.3067626953125,1124.130615234375,1412.189697265625,1163.708740234375,1241.63818359375,1155.64453125
745,12.416666666666666,2.488367825828376,2.3539563354979975,2.090352365447548,519.5754759570297,auto,1260.1630859375,1135.1646728515625,1123.200927734375,1131.1339111328125,1413.8818359375,1164.5780029296875,1242.9295654296875,1161.3927001953125
746,12.433333333333334,2.494141770402019,2.369631222951786,2.0890958934594357,519.5754759570297,auto,1268.307373046875,1142.510009765625,1122.548095703125,1131.4046630859375,1415.619384765625,1165.9530029296875,1244.5458984375,1161.2733154296875
747,12.45,2.5018403631668757,2.379779795128018,2.191811303775566,519.5754759570297,auto,1273.580322265625,1148.3701171875,1175.91650390625,1136.523681640625,1425.58203125,1169.849365234375,1257.8604736328125,1160.82421875
748,12.466666666666667,2.4960664185932333,2.380351175059785,2.1166774271147073,519.5754759570297,auto,1273.877197265625,1141.433837890625,1136.8787841796875,1141.361083984375,1421.858154296875,1173.023681640625,1248.20556640625,1164.0086669921875
749,12.483333333333333,2.4960664185932333,2.3723581994600167,2.056988429292012,519.5754759570297,auto,1269.7242431640625,1141.92333984375,1105.8658447265625,1125.6595458984375,1423.406005859375,1172.385986328125,1249.01025390625,1159.54736328125
750,12.5,2.4922171222108047,2.3878291569052634,2.181988361774264,519.5754759570297,auto,1277.7625732421875,1144.26611328125,1170.812744140625,1138.815673828125,1422.6663818359375,1173.0076904296875,1252.089111328125,1174.4202880859375
751,12.516666666666667,2.486285296340226,2.3781662106825516,2.138168078890434,519.5754759570297,auto,1272.823974609375,1141.7476806640625,1148.1268310546875,1139.0352783203125,1421.9462890625,1171.8349609375,1252.621337890625,1168.1202392578125
752,12.533333333333333,2.4861274150432906,2.3748281489759147,2.1255448583501813,519.5754759570297,auto,1271.171630859375,1139.8486328125,1141.650146484375,1134.9761962890625,1423.7852783203125,1173.154052734375,1253.647216796875,1172.9111328125
753,12.55,2.4861274150432906,2.3863480799768677,2.1316340956328825,519.5754759570297,auto,1277.1571044921875,1143.5478515625,1144.81396484375,1136.66748046875,1425.1927490234375,1172.462646484375,1255.1781005859375,1169.275634765625
754,12.566666666666666,2.4861274150432906,2.3839504927220654,2.1536056745140066,519.5754759570297,auto,1275.911376953125,1142.732177734375,1156.2298583984375,1140.0711669921875,1424.536376953125,1172.926025390625,1256.0716552734375,1167.48388671875
755,12.583333333333334,2.489976711425719,2.388112027562273,2.0917009348588724,519.5754759570297,auto,1278.0736083984375,1148.6181640625,1124.065673828125,1129.62744140625,1427.5244140625,1177.5548095703125,1258.3843994140625,1164.7374267578125
756,12.6,2.4919013596169335,2.396081978806238,2.1502283774255417,519.5754759570297,auto,1282.214599609375,1146.537353515625,1154.47509765625,1145.1376953125,1432.20703125,1178.7525634765625,1254.6978759765625,1162.8150634765625
757,12.616666666666667,2.495750655999362,2.4140795068872656,2.0660294829656336,519.5754759570297,auto,1291.565673828125,1144.9462890625,1110.7274169921875,1121.3826904296875,1432.71337890625,1177.707763671875,1257.278564453125,1163.09912109375
758,12.633333333333333,2.495750655999362,2.4024933221277767,2.1115808214980065,519.5754759570297,auto,1285.5457763671875,1141.239501953125,1134.394775390625,1129.403076171875,1433.65869140625,1174.03564453125,1259.7742919921875,1160.183349609375
759,12.65,2.501524600573005,2.396934584798171,2.160131199844937,519.5754759570297,auto,1282.6575927734375,1143.555419921875,1159.620361328125,1143.3544921875,1439.630615234375,1177.6036376953125,1268.4947509765625,1166.620849609375
760,12.666666666666666,2.5053738969554336,2.4271094127325714,2.1271708947431733,519.5754759570297,auto,1298.335693359375,1148.1217041015625,1142.4949951171875,1123.22607421875,1439.07275390625,1178.14404296875,1274.1561279296875,1164.410888671875
761,12.683333333333334,2.507298545146648,2.4084103466267677,2.1980252954759356,519.5754759570297,auto,1288.6201171875,1138.46728515625,1179.3092041015625,1145.29541015625,1444.0684814453125,1179.6708984375,1271.6920166015625,1165.4063720703125
762,12.7,2.502594058405818,2.4082317903980903,2.1755173430815615,519.5754759570297,auto,1290.9716796875,1137.2586669921875,1170.0589599609375,1141.3917236328125,1447.440673828125,1178.77197265625,1271.4053955078125,1163.3656005859375
763,12.716666666666667,2.5017388680474175,2.4273626806464055,2.169705102895716,519.5754759570297,auto,1303.35595703125,1137.42138671875,1169.4833984375,1134.678955078125,1444.9013671875,1177.0791015625,1272.5150146484375,1160.156982421875
764,12.733333333333333,2.503663516238632,2.4260728468366195,2.186820422241635,519.5754759570297,auto,1302.685791015625,1133.963623046875,1178.3760986328125,1139.51025390625,1450.7786865234375,1177.3809814453125,1275.4644775390625,1156.804931640625
765,12.75,2.5075128126210604,2.417530575891263,2.1697506817225096,519.5754759570297,auto,1298.2474365234375,1131.253662109375,1169.507080078125,1138.602294921875,1452.762451171875,1175.919189453125,1278.168212890625,1160.962158203125
773,12.883333333333333,2.502233656754778,2.442726739296852,2.165418343753028,519.5754759570297,auto,1322.0816650390625,1131.789306640625,1177.9990234375,1122.8487548828125,1460.34130859375,1173.9910888671875,1297.6026611328125,1158.7874755859375
782,13.033333333333333,2.516130500078792,2.451522748040855,2.1488492655014175,519.5754759570297,auto,1332.431396484375,1114.20263671875,1175.169677734375,1097.405029296875,1481.4613037109375,1161.5587158203125,1315.776611328125,1143.1168212890625
790,13.166666666666666,2.5584450370815803,2.5206207193452093,2.213974360717706,519.5754759570297,auto,1390.347412109375,1124.064208984375,1231.021484375,1114.9833984375,1518.431640625,1147.203857421875,1355.510009765625,1135.087158203125
791,13.183333333333334,2.556520388890366,2.510880946955685,2.222643970447198,519.5754759570297,auto,1385.286865234375,1116.219970703125,1235.5260009765625,1118.552734375,1518.4476318359375,1149.57373046875,1354.1759033203125,1138.54443359375
802,13.366666666666667,2.569992926228866,2.5929498535614006,2.2437763350535396,519.5754759570297,auto,1427.9278564453125,1143.702880859375,1246.505859375,1116.062255859375,1529.098876953125,1145.2275390625,1359.7708740234375,1133.260498046875
803,13.383333333333333,2.5719175744200804,2.5573163737624163,2.2491731970653053,519.5754759570297,auto,1409.41357421875,1119.6640625,1249.3099365234375,1117.525146484375,1534.2509765625,1151.2987060546875,1362.6453857421875,1139.6080322265625
804,13.4,2.5776915189937233,2.5632900193812898,2.2644879178104595,519.5754759570297,auto,1412.517333984375,1119.6219482421875,1257.26708984375,1116.3609619140625,1537.105712890625,1150.074951171875,1364.7337646484375,1134.300537109375
806,13.433333333333334,2.5785565769331824,2.5822625584478573,2.265081382328405,519.5754759570297,auto,1420.925537109375,1126.779052734375,1256.1259765625,1117.05078125,1535.494384765625,1150.0615234375,1369.2974853515625,1133.5721435546875
807,13.45,2.5798341937378484,2.5716953189038585,2.2532172607024354,519.5754759570297,auto,1413.771240234375,1120.371826171875,1248.2978515625,1117.485107421875,1534.197021484375,1147.15771484375,1366.16357421875,1132.55810546875
808,13.466666666666667,2.584961106924943,2.5914351798689252,2.1606346814213246,519.5754759570297,auto,1422.36376953125,1125.886962890625,1198.5303955078125,1086.559814453125,1534.9267578125,1142.523681640625,1363.7479248046875,1127.549560546875
809,13.483333333333333,2.5945843478810144,2.6046960340994803,2.251941758379425,519.5754759570297,auto,1429.2537841796875,1128.265625,1245.9713134765625,1107.67333984375,1536.899658203125,1141.978515625,1369.7882080078125,1125.889892578125
810,13.5,2.6080568852195145,2.6145577415977983,2.262559980425559,519.5754759570297,auto,1434.377685546875,1122.686767578125,1251.48828125,1107.064697265625,1544.4986572265625,1142.606201171875,1380.185302734375,1127.4112548828125
813,13.55,2.6353327588043793,2.6102841392298552,2.3064086913405335,519.5754759570297,auto,1437.9853515625,1101.526123046875,1280.09912109375,1108.24853515625,1567.48486328125,1141.894775390625,1399.096435546875,1126.224365234375
814,13.566666666666666,2.6241156685649587,2.603771535731264,2.287859753432262,519.5754759570297,auto,1440.4296875,1102.1444091796875,1276.2896728515625,1102.03857421875,1565.42333984375,1141.6763916015625,1398.64111328125,1125.267333984375
817,13.616666666666667,2.601019890270387,2.594205620722294,2.2913084730121978,519.5754759570297,auto,1435.45947265625,1106.251708984375,1278.08154296875,1103.3267822265625,1554.00732421875,1136.0081787109375,1387.9688720703125,1115.96240234375
822,13.7,2.540806500997156,2.531901713919104,2.209235572385578,519.5754759570297,auto,1377.373291015625,1100.3297119140625,1209.723876953125,1092.335693359375,1502.1092529296875,1133.11669921875,1328.068115234375,1116.42333984375
824,13.733333333333333,2.5410886668269472,2.5417570779724556,2.2105044963212164,519.5754759570297,auto,1383.3472900390625,1104.9456787109375,1211.236572265625,1094.7879638671875,1502.3226318359375,1132.470947265625,1330.0477294921875,1113.2498779296875
826,13.766666666666667,2.5410912511934147,2.5218699081187306,2.192500389852816,519.5754759570297,auto,1378.0130615234375,1093.24072265625,1206.8807373046875,1090.478515625,1505.5078125,1131.633544921875,1332.24951171875,1113.971435546875
827,13.783333333333333,2.539574932904096,2.519598719878439,2.1856854154775043,519.5754759570297,auto,1381.620849609375,1092.868896484375,1208.127685546875,1090.3974609375,1510.2353515625,1132.182861328125,1335.626220703125,1116.3238525390625
828,13.8,2.5342621802737337,2.5203465415572275,2.1810507066313027,519.5754759570297,auto,1394.769775390625,1097.3946533203125,1218.47998046875,1088.736572265625,1518.093505859375,1130.5516357421875,1346.37255859375,1115.4300537109375
829,13.816666666666666,2.5308510514787828,2.5319289672382177,2.1875384062348417,519.5754759570297,auto,1414.56005859375,1104.65869140625,1235.6231689453125,1090.1888427734375,1531.326416015625,1131.3365478515625,1358.77587890625,1117.791748046875
830,13.833333333333334,2.522989878568867,2.4914991382175975,2.182343829634775,519.5754759570297,auto,1407.63818359375,1090.85888671875,1247.0086669921875,1091.7794189453125,1540.905517578125,1132.625244140625,1371.2425537109375,1118.139892578125
831,13.85,2.517898911569914,2.4986622972388295,2.161810568164126,519.5754759570297,auto,1427.005126953125,1092.79931640625,1251.9852294921875,1093.61962890625,1550.47607421875,1132.85986328125,1384.1353759765625,1117.726806640625
833,13.883333333333333,2.508385623659923,2.499544271031532,2.1757461769851556,519.5754759570297,auto,1453.40625,1107.283203125,1285.168701171875,1098.07958984375,1570.80322265625,1133.689208984375,1401.820068359375,1119.904052734375
835,13.916666666666666,2.4954400621384263,2.4673458841529268,2.1204896025969635,519.5754759570297,auto,1457.4029541015625,1092.85546875,1277.1849365234375,1084.5506591796875,1586.110595703125,1135.113525390625,1419.1385498046875,1123.2275390625
839,13.983333333333333,2.4933406167970333,2.4690019931739067,2.1339774111918635,519.5754759570297,auto,1468.354248046875,1101.4508056640625,1294.28369140625,1090.8780517578125,1594.723388671875,1138.56005859375,1427.62939453125,1122.0595703125
844,14.066666666666666,2.483717375840962,2.473274420829819,,519.5754759570297,auto,1470.5740966796875,1109.66748046875,,,1590.836181640625,1138.908447265625,1422.4453125,1125.700439453125
849,14.15,2.4798680794585333,2.460378902040833,2.1728406442482484,519.5754759570297,auto,1463.8739013671875,1106.7333984375,1314.47607421875,1104.0325927734375,1589.280517578125,1140.41748046875,1426.550048828125,1125.875
851,14.183333333333334,2.4683201903112475,2.4407863499644256,2.1506352976730008,519.5754759570297,auto,1453.694091796875,1105.98388671875,1302.938720703125,1105.72900390625,1580.220458984375,1142.352294921875,1416.6903076171875,1128.7001953125
852,14.2,2.4567723011639617,2.420743178353014,,519.5754759570297,auto,1443.2801513671875,1100.1302490234375,,,1574.9388427734375,1138.078125,1410.9249267578125,1127.135986328125
853,14.216666666666667,2.441375115634248,2.420877330466928,2.1170065814257293,519.5754759570297,auto,1443.349853515625,1106.0982666015625,1285.466064453125,1105.0130615234375,1567.89404296875,1141.3070068359375,1401.691162109375,1125.9937744140625
854,14.233333333333333,2.4279025782957477,2.4074999448029204,2.0989576009577537,519.5754759570297,auto,1436.3992919921875,1106.8345947265625,1276.0882568359375,1103.8994140625,1560.1502685546875,1141.01025390625,1396.85546875,1130.882568359375
855,14.25,2.4202039855308906,2.3818541016319523,2.0895347658741317,519.5754759570297,auto,1423.0743408203125,1099.734130859375,1271.1923828125,1100.065185546875,1559.3731689453125,1143.409912109375,1394.5921630859375,1129.6318359375
856,14.266666666666667,2.4144300409572477,2.386784368025096,2.0906474531096775,519.5754759570297,auto,1425.635986328125,1104.4954833984375,1271.7705078125,1103.6859130859375,1553.196533203125,1143.6729736328125,1389.7716064453125,1130.761962890625
857,14.283333333333333,2.4125053927660334,2.381785968334168,2.089260353143744,519.5754759570297,auto,1423.0389404296875,1102.7633056640625,1271.0498046875,1105.973876953125,1552.858642578125,1140.32763671875,1389.99169921875,1131.1060791015625
858,14.3,2.4125053927660334,2.382196647660125,2.0906427542615544,519.5754759570297,auto,1423.2523193359375,1100.6776123046875,1271.76806640625,1105.3299560546875,1551.5511474609375,1136.849853515625,1384.1376953125,1125.251953125
859,14.316666666666666,2.4144300409572477,2.3884362480827654,2.089967764728674,519.5754759570297,auto,1426.4942626953125,1104.4351806640625,1271.4173583984375,1106.0250244140625,1552.6597900390625,1139.5084228515625,1389.538818359375,1128.9227294921875
860,14.333333333333334,2.4125053927660334,2.3877546801625122,2.0931134086046708,519.5754759570297,auto,1426.14013671875,1104.056640625,1273.0517578125,1107.6070556640625,1552.927001953125,1142.6497802734375,1390.947998046875,1129.6383056640625
861,14.35,2.402882151809962,2.365050785801406,2.081388372883145,519.5754759570297,auto,1414.34375,1096.90185546875,1266.959716796875,1099.584228515625,1547.2587890625,1142.6217041015625,1382.514892578125,1126.956298828125
865,14.416666666666666,2.377861725324176,2.356674149252388,2.0079082558192045,519.5754759570297,auto,1409.991455078125,1110.099365234375,1228.78125,1103.239013671875,1536.0042724609375,1143.862060546875,1362.8243408203125,1128.150146484375
866,14.433333333333334,2.391334262662676,2.366131990754527,,519.5754759570297,auto,1414.905517578125,1105.7265625,,,1541.6380615234375,1141.43408203125,1371.82373046875,1126.212646484375
867,14.45,2.391334262662676,2.3804251819177233,2.289230642372171,519.5754759570297,auto,1422.3319091796875,1113.89111328125,1374.949462890625,1384.0399169921875,1543.1336669921875,1143.1810302734375,1382.0738525390625,1136.238037109375
868,14.466666666666667,2.389409614471462,2.376853352516963,2.0598474434325014,519.5754759570297,auto,1420.47607421875,1111.83447265625,1255.767578125,1099.9495849609375,1542.2830810546875,1141.5599365234375,1373.8045654296875,1130.6395263671875
869,14.483333333333333,2.3797863735153904,2.36426983724335,2.0548713632701574,519.5754759570297,auto,1413.93798828125,1114.762939453125,1253.18212890625,1107.2186279296875,1538.07763671875,1146.863525390625,1367.993408203125,1129.3206787109375
870,14.5,2.3624645397944617,2.342236233567001,,519.5754759570297,auto,1402.4898681640625,1112.333984375,,,1530.2083740234375,1144.4931640625,1367.139892578125,1138.669189453125
871,14.516666666666667,2.345142706073533,2.326416621591022,2.0177062939254546,519.5754759570297,auto,1394.2703857421875,1115.845703125,1233.8720703125,1112.3382568359375,1518.99365234375,1147.8125,1351.583251953125,1133.1011962890625
872,14.533333333333333,2.342029249307179,2.3233513280179294,1.991969293100899,519.5754759570297,auto,1384.29541015625,1114.755615234375,1212.117431640625,1110.9024658203125,1510.9835205078125,1148.369873046875,1340.5926513671875,1132.1600341796875
873,14.55,2.339107975429059,2.322655663553307,2.0057625268237995,519.5754759570297,auto,1380.4517822265625,1117.89892578125,1215.8018798828125,1110.80078125,1508.43505859375,1151.4356689453125,1336.0545654296875,1133.2147216796875
874,14.566666666666666,2.3407553915810118,2.3196192678961713,1.9866229437064566,519.5754759570297,auto,1376.0181884765625,1118.93212890625,1203.00146484375,1111.831787109375,1504.781982421875,1151.269287109375,1334.252197265625,1134.07275390625
875,14.583333333333334,2.3442727143435445,2.3140020299074333,1.9882402872304212,519.5754759570297,auto,1369.2720947265625,1115.0234375,1200.0142822265625,1110.470703125,1501.201171875,1154.27099609375,1335.1785888671875,1139.395263671875
876,14.6,2.3429105182726633,2.3153454305858223,1.9734847294119138,519.5754759570297,auto,1366.6778564453125,1116.60546875,1189.055419921875,1110.662109375,1498.8857421875,1154.29296875,1332.4119873046875,1139.6182861328125
877,14.616666666666667,2.337699025819353,2.3070888496063495,1.9954551335810071,519.5754759570297,auto,1359.095703125,1112.593505859375,1197.178466796875,1108.4388427734375,1493.043212890625,1154.261474609375,1325.26025390625,1146.609619140625
878,14.633333333333333,2.3357743776281388,2.325038449436522,2.0071491569049207,519.5754759570297,auto,1368.421875,1126.6783447265625,1203.25439453125,1122.21533203125,1489.07666015625,1157.0443115234375,1328.5208740234375,1137.2520751953125
879,14.65,2.3357743776281388,2.33158300510235,2.109690944782903,519.5754759570297,auto,1371.822265625,1128.0098876953125,1256.5325927734375,1113.75927734375,1486.489990234375,1160.014404296875,1326.1519775390625,1145.927978515625
881,14.683333333333334,2.3345240141425867,2.317043359355098,2.0272794921490154,519.5754759570297,auto,1374.91748046875,1123.0594482421875,1224.36328125,1123.5130615234375,1500.8297119140625,1159.91357421875,1336.82958984375,1141.3349609375
882,14.7,2.3518458478635154,2.3370679705164235,2.029832376334286,519.5754759570297,auto,1385.32177734375,1121.386474609375,1225.689697265625,1116.219970703125,1510.679443359375,1155.8212890625,1343.37451171875,1141.8121337890625
883,14.716666666666667,2.342162931536281,2.3283210647353068,2.023446171850205,519.5754759570297,auto,1394.80810546875,1118.87451171875,1236.402587890625,1115.429443359375,1519.960205078125,1158.1759033203125,1354.408447265625,1140.1607666015625
884,14.733333333333333,2.337231960315919,2.3308001770050444,2.040990730972168,519.5754759570297,auto,1406.658203125,1123.660888671875,1256.080322265625,1120.1796875,1528.597900390625,1155.7342529296875,1363.89306640625,1138.162353515625
885,14.75,2.3342425531400144,2.337433540900399,,519.5754759570297,auto,1416.657958984375,1122.645751953125,,,1529.072509765625,1156.0816650390625,1368.7469482421875,1135.30126953125
886,14.766666666666667,2.3283739267766914,2.3266875101853173,1.9964905247649283,519.5754759570297,auto,1417.123779296875,1117.658935546875,1245.5615234375,1113.9197998046875,1531.1982421875,1156.4730224609375,1370.8304443359375,1137.6971435546875
887,14.783333333333333,2.3230787948267904,2.331599451070781,2.028248629574401,519.5754759570297,auto,1423.4271240234375,1121.449951171875,1265.8134765625,1116.86572265625,1535.6376953125,1159.5982666015625,1376.996337890625,1136.466796875
888,14.8,2.320266769167532,2.3320152991296736,2.023959755950058,519.5754759570297,auto,1426.104248046875,1124.02001953125,1266.046142578125,1116.899169921875,1539.077392578125,1156.303955078125,1379.414306640625,1132.095947265625
889,14.816666666666666,2.3097561507434166,2.3204079695536306,1.9901083143017524,519.5754759570297,auto,1422.534423828125,1111.01025390625,1250.9188232421875,1106.5513916015625,1536.6796875,1155.1646728515625,1379.1353759765625,1137.4730224609375
890,14.833333333333334,2.3059068543609884,2.319694684408547,1.9831634167758376,519.5754759570297,auto,1422.163818359375,1118.19482421875,1247.3104248046875,1114.24169921875,1531.841552734375,1158.852294921875,1374.43017578125,1133.073486328125
891,14.85,2.3072688154894636,2.3331096608575392,1.9632931627753556,519.5754759570297,auto,1420.42626953125,1118.8839111328125,1228.2786865234375,1111.8804931640625,1525.317626953125,1158.3817138671875,1365.2593994140625,1134.400634765625
892,14.866666666666667,2.30478148023551,2.3439003306297903,,519.5754759570297,auto,1417.3251953125,1120.968505859375,,,1515.7259521484375,1160.1533203125,1360.3084716796875,1143.349609375
893,14.883333333333333,2.2855349983233673,2.3309705102495064,1.9827118574712095,519.5754759570297,auto,1410.607177734375,1126.374267578125,1229.6605224609375,1115.6812744140625,1507.35400390625,1159.5797119140625,1346.3515625,1137.5584716796875
894,14.9,2.278416948244117,2.3367376414933707,1.9713190303119854,519.5754759570297,auto,1416.302001953125,1132.7508544921875,1226.439453125,1117.0853271484375,1507.0751953125,1158.05322265625,1342.74169921875,1133.62646484375
895,14.916666666666666,2.2713155790757034,2.34205485802945,1.9745593559776626,519.5754759570297,auto,1423.75439453125,1134.9481201171875,1232.812744140625,1122.2591552734375,1510.18212890625,1160.1710205078125,1348.018798828125,1131.67333984375
896,14.933333333333334,2.2697165610594188,2.3528678473302858,1.9645573878628708,519.5754759570297,auto,1434.203369140625,1140.3482666015625,1232.44677734375,1118.2471923828125,1514.113037109375,1163.383544921875,1349.0328369140625,1136.0753173828125
897,14.95,2.2721707694341045,2.3499846341219626,1.979939302136185,519.5754759570297,auto,1424.43017578125,1134.2557373046875,1232.1636962890625,1122.0059814453125,1511.1263427734375,1165.823974609375,1345.98681640625,1129.12353515625
898,14.966666666666667,2.2736765153151457,2.3687273995153113,1.9693473936395403,519.5754759570297,auto,1428.3861083984375,1147.407470703125,1220.8780517578125,1125.749267578125,1504.3995361328125,1167.16552734375,1342.44189453125,1137.5380859375
899,14.983333333333333,2.2733861265011392,2.386861664076721,1.9783210188425957,519.5754759570297,auto,1426.9591064453125,1153.517333984375,1214.69140625,1123.568359375,1494.6319580078125,1168.3470458984375,1328.7408447265625,1137.208740234375
900,15.0,2.2707084878982013,2.393443340642721,1.9812547446682418,519.5754759570297,auto,1421.77001953125,1159.8511962890625,1207.60693359375,1125.5556640625,1486.7369384765625,1169.03515625,1320.125244140625,1136.2431640625
901,15.016666666666667,2.2661062011040487,2.4053911017652814,1.96984711613743,519.5754759570297,auto,1419.3690185546875,1162.850341796875,1193.071044921875,1125.242919921875,1480.186767578125,1172.32763671875,1308.854248046875,1137.797119140625
902,15.033333333333333,2.2449350710006915,2.39116909815115,1.9456818800100453,519.5754759570297,auto,1411.9796142578125,1161.36572265625,1180.515380859375,1124.814697265625,1471.9892578125,1172.154541015625,1299.423583984375,1135.7447509765625
903,15.05,2.2237639408973346,2.379055937574657,1.9271613701329184,519.5754759570297,auto,1405.6859130859375,1162.8505859375,1170.892578125,1128.154296875,1464.817138671875,1173.957275390625,1290.1864013671875,1134.681640625
904,15.066666666666666,2.2213402750354487,2.3870667687972933,1.932526045035041,519.5754759570297,auto,1400.107421875,1160.0238037109375,1163.939208984375,1123.7703857421875,1456.0093994140625,1175.037109375,1280.0811767578125,1138.8931884765625
905,15.083333333333334,2.214820153379861,2.3879271278886294,1.915366791459171,519.5754759570297,auto,1391.942138671875,1158.4632568359375,1146.411376953125,1125.8731689453125,1447.060546875,1175.0987548828125,1272.6802978515625,1139.8348388671875
906,15.1,2.2198479208715582,2.404444988695699,1.9337148536101807,519.5754759570297,auto,1391.912109375,1161.6036376953125,1147.332275390625,1126.4102783203125,1442.744873046875,1178.0511474609375,1265.439453125,1139.291748046875
907,15.116666666666667,2.2102246799154868,2.4124370245258424,1.9129006010217715,519.5754759570297,auto,1396.0645751953125,1162.7366943359375,1136.5177001953125,1129.23388671875,1438.015625,1178.0028076171875,1263.46630859375,1138.6300048828125
908,15.133333333333333,2.206375383533058,2.4170848901467887,1.898241369589787,519.5754759570297,auto,1398.4794921875,1165.0931396484375,1128.901123046875,1122.7763671875,1439.397216796875,1181.155517578125,1261.84765625,1141.514404296875
909,15.15,2.2025260871506296,2.4291738516554475,1.9353023594485637,519.5754759570297,auto,1404.7606201171875,1167.1693115234375,1148.1571044921875,1139.93017578125,1438.2545166015625,1183.2017822265625,1263.6153564453125,1139.2335205078125
910,15.166666666666666,2.204450735341844,2.4422241974900887,1.8995438902895054,519.5754759570297,auto,1411.541259765625,1171.9207763671875,1129.577880859375,1119.583251953125,1442.896728515625,1183.739990234375,1264.013916015625,1143.0443115234375
911,15.183333333333334,2.204450735341844,2.4502357335399427,1.8957843419062277,519.5754759570297,auto,1415.703857421875,1173.2930908203125,1127.62451171875,1122.8673095703125,1443.8841552734375,1184.6009521484375,1263.6092529296875,1142.896728515625
912,15.2,2.204450735341844,2.4641614747799143,1.9473457421304285,519.5754759570297,auto,1422.9393310546875,1175.674560546875,1154.41455078125,1131.472900390625,1446.400634765625,1186.2344970703125,1266.5997314453125,1138.6954345703125
913,15.216666666666667,2.2083000317242725,2.476246207325262,1.939311181724771,519.5754759570297,auto,1429.21826171875,1178.5850830078125,1150.239990234375,1123.711181640625,1446.6595458984375,1188.0198974609375,1267.17041015625,1140.7371826171875
914,15.233333333333333,2.2140739762979154,2.493864538362757,1.9479084291931674,519.5754759570297,auto,1438.372314453125,1180.560791015625,1154.7069091796875,1128.542724609375,1445.40185546875,1192.01171875,1266.3551025390625,1141.141845703125
915,15.25,2.212149328106701,2.5088524542209507,1.9398257055942485,519.5754759570297,auto,1446.15966796875,1181.224365234375,1150.50732421875,1124.10009765625,1445.3267822265625,1193.082763671875,1267.2144775390625,1141.456298828125
916,15.266666666666667,2.206375383533058,2.5167042294346205,,519.5754759570297,auto,1450.2392578125,1177.639892578125,,,1438.598388671875,1194.8843994140625,1265.137939453125,1145.12939453125
917,15.283333333333333,2.2083000317242725,2.521527362090558,,519.5754759570297,auto,1452.7452392578125,1174.5819091796875,,,1440.1893310546875,1199.135009765625,1265.2940673828125,1153.1168212890625
918,15.3,2.206375383533058,2.517886694564794,,519.5754759570297,auto,1450.8536376953125,1170.014404296875,,,1438.1734619140625,1194.897705078125,1263.154296875,1150.973876953125
919,15.316666666666666,2.204450735341844,2.5284450062973587,,519.5754759570297,auto,1456.3394775390625,1171.64208984375,,,1434.51806640625,1201.04150390625,1265.906982421875,1148.800537109375
920,15.333333333333334,2.206375383533058,2.5460309152828047,,519.5754759570297,auto,1465.4766845703125,1186.5213623046875,,,1435.1304931640625,1200.217529296875,1264.2333984375,1145.8885498046875
921,15.35,2.206375383533058,2.538840972827271,1.9884771091758247,519.5754759570297,auto,1461.740966796875,1173.384765625,1175.785400390625,1121.3800048828125,1434.846435546875,1195.062255859375,1259.720458984375,1143.140869140625
922,15.366666666666667,2.2083000317242725,2.544067736536981,2.012563874539554,519.5754759570297,auto,1464.4566650390625,1172.5965576171875,1188.30029296875,1132.131591796875,1432.95703125,1192.1292724609375,1255.2125244140625,1149.5499267578125
923,15.383333333333333,2.2102246799154868,2.5525536213048605,1.999734609509104,519.5754759570297,auto,1468.86572265625,1176.32666015625,1181.634521484375,1130.17333984375,1429.4798583984375,1189.3302001953125,1251.907470703125,1144.1817626953125
924,15.4,2.204450735341844,2.5662582817406405,1.934901782646071,519.5754759570297,auto,1475.986328125,1178.335205078125,1147.948974609375,1124.390380859375,1427.5631103515625,1194.4312744140625,1252.2996826171875,1157.7371826171875
925,15.416666666666666,2.204450735341844,2.5624973237029263,1.9304226056727434,519.5754759570297,auto,1474.0322265625,1174.8580322265625,1145.6217041015625,1131.764404296875,1425.0352783203125,1187.884765625,1244.6180419921875,1149.28857421875
926,15.433333333333334,2.198676790768201,2.564156486975186,1.9234819371101393,519.5754759570297,auto,1474.894287109375,1173.354736328125,1142.0155029296875,1129.3360595703125,1418.5003662109375,1186.5272216796875,1240.708740234375,1155.8837890625
927,15.45,2.192902846194558,2.5633059954649084,1.9245408225346758,519.5754759570297,auto,1474.452392578125,1171.3018798828125,1142.565673828125,1137.7041015625,1418.3289794921875,1185.693603515625,1233.279541015625,1155.1708984375
928,15.466666666666667,2.1890535498121295,2.5694112088312284,1.906744405153316,519.5754759570297,auto,1477.62451171875,1176.1427001953125,1133.319091796875,1139.5496826171875,1415.1900634765625,1188.1806640625,1222.170654296875,1159.3341064453125
929,15.483333333333333,2.1871289016209152,2.5618636840335287,1.8937549094018686,519.5754759570297,auto,1473.7030029296875,1175.219482421875,1126.570068359375,1138.18408203125,1412.552734375,1188.037841796875,1219.822509765625,1158.83740234375
930,15.5,2.185204253429701,2.566613984543558,1.879645443200285,519.5754759570297,auto,1476.171142578125,1179.875,1119.2391357421875,1137.9029541015625,1410.554443359375,1188.6827392578125,1218.1328125,1160.68603515625
931,15.516666666666667,2.185204253429701,2.571435237660246,1.8756850190597454,519.5754759570297,auto,1478.6761474609375,1177.906005859375,1117.181396484375,1133.138916015625,1411.6435546875,1189.3587646484375,1213.8883056640625,1160.850341796875
932,15.533333333333333,2.1832796052384866,2.5734766522273187,1.8731286107383829,519.5754759570297,auto,1479.73681640625,1176.676025390625,1115.8531494140625,1136.8067626953125,1409.715087890625,1189.57763671875,1212.7296142578125,1160.479248046875
933,15.55,2.1832796052384866,2.5838592270400804,1.8588053469471988,519.5754759570297,auto,1485.13134765625,1174.228271484375,1108.4111328125,1137.99072265625,1409.342041015625,1188.927978515625,1209.253173828125,1161.567626953125
934,15.566666666666666,2.185204253429701,2.5853060023771772,1.8426140560846838,519.5754759570297,auto,1485.883056640625,1169.15966796875,1099.99853515625,1142.1064453125,1409.51953125,1185.020751953125,1207.87841796875,1157.0380859375
935,15.583333333333334,2.183976914299952,2.593108909570367,1.8475135450226212,519.5754759570297,auto,1490.574951171875,1172.7039794921875,1103.181884765625,1136.579833984375,1409.6907958984375,1185.40869140625,1205.061767578125,1157.9110107421875
937,15.616666666666667,2.183644470795244,2.595256283162615,1.8941103772623797,519.5754759570297,auto,1492.8634033203125,1167.236328125,1128.565185546875,1141.8814697265625,1411.7083740234375,1187.380126953125,1209.8216552734375,1160.3170166015625
938,15.633333333333333,2.179809975784403,2.5885557257391008,1.8943248796791985,519.5754759570297,auto,1489.374267578125,1167.872802734375,1128.6689453125,1143.264404296875,1409.506103515625,1185.5106201171875,1206.5146484375,1156.453369140625
939,15.65,2.1825233256330767,2.585317514555079,1.8712103059921348,519.5754759570297,auto,1487.281982421875,1163.6005859375,1116.2493896484375,1142.9415283203125,1408.298583984375,1183.9156494140625,1207.2271728515625,1155.461181640625
940,15.666666666666666,2.186181848781708,2.6094620757507223,1.8502607265777808,519.5754759570297,auto,1498.926025390625,1174.0531005859375,1104.463623046875,1125.549072265625,1408.843017578125,1182.7130126953125,1207.4676513671875,1154.20458984375
941,15.683333333333334,2.1818203779538634,2.591882980095055,1.8662546658191266,519.5754759570297,auto,1488.0584716796875,1162.4093017578125,1111.039794921875,1133.159912109375,1404.734130859375,1183.316650390625,1204.995361328125,1149.2117919921875
942,15.7,2.1792129871303656,2.588487827383722,1.8718824762161417,519.5754759570297,auto,1484.649169921875,1158.0623779296875,1112.318603515625,1130.954833984375,1401.497314453125,1184.846923828125,1207.5462646484375,1152.9254150390625
943,15.716666666666667,2.178988382190082,2.5976064120513747,1.8650714958617345,519.5754759570297,auto,1488.503662109375,1163.3150634765625,1107.896484375,1127.3978271484375,1402.1407470703125,1181.37060546875,1205.8443603515625,1148.4747314453125
944,15.733333333333333,2.179842162894046,2.6087809777152815,1.8470565820426514,519.5754759570297,auto,1493.8660888671875,1172.143798828125,1098.0927734375,1125.53173828125,1402.1964111328125,1184.007568359375,1205.1298828125,1155.39892578125
945,15.75,2.180453483034859,2.606685056509981,1.8480548523264002,519.5754759570297,auto,1492.45947265625,1169.890625,1098.2938232421875,1126.886962890625,1402.9091796875,1185.2425537109375,1206.573974609375,1155.20703125
946,15.766666666666667,2.182940348404,2.6198857654845606,1.8529216842698821,519.5754759570297,auto,1499.026123046875,1172.141357421875,1100.5303955078125,1123.96435546875,1404.4068603515625,1181.4659423828125,1208.238037109375,1142.189697265625
947,15.783333333333333,2.181133641300675,2.6313518946745047,1.8717252997464244,519.5754759570297,auto,1504.92236328125,1176.825439453125,1110.239013671875,1131.743896484375,1403.913330078125,1182.074951171875,1207.7672119140625,1150.5411376953125
948,15.8,2.180148057906859,2.608955070038242,1.8883629811806324,519.5754759570297,auto,1493.797607421875,1164.3768310546875,1119.3956298828125,1132.076416015625,1407.201904296875,1178.591552734375,1211.33251953125,1144.9935302734375
949,15.816666666666666,2.1791025641994732,2.65014493774277,1.8691120353627726,519.5754759570297,auto,1515.7420654296875,1177.586181640625,1109.9365234375,1125.0701904296875,1406.740234375,1182.88427734375,1212.173828125,1144.8917236328125
950,15.833333333333334,2.182020313941501,2.6495921182610895,1.8931877584334127,519.5754759570297,auto,1515.9388427734375,1182.4510498046875,1122.9296875,1123.7928466796875,1407.86474609375,1185.05908203125,1212.543212890625,1147.267822265625
951,15.85,2.183338105897619,2.6371775265775015,1.8861324379766056,519.5754759570297,auto,1509.8038330078125,1175.7672119140625,1119.5792236328125,1122.3515625,1409.0750732421875,1181.9351806640625,1213.69091796875,1137.61474609375
952,15.866666666666667,2.1820233681927808,2.650604720031614,1.906317514801334,519.5754759570297,auto,1516.46337890625,1176.97216796875,1129.75,1116.9149169921875,1409.253662109375,1181.939208984375,1211.8616943359375,1142.26806640625
953,15.883333333333333,2.1806886603834195,2.6545689032506514,1.9160645704054486,519.5754759570297,auto,1518.216552734375,1178.83447265625,1134.5078125,1120.292236328125,1408.8885498046875,1178.9583740234375,1213.7265625,1134.572021484375
954,15.9,2.181413457706405,2.6639135025130245,1.9005656548138696,519.5754759570297,auto,1522.6951904296875,1183.752197265625,1126.078369140625,1115.208984375,1406.3223876953125,1180.8831787109375,1213.8013916015625,1138.9390869140625
955,15.916666666666666,2.182630929255095,2.653552307459223,1.869191915780865,519.5754759570297,auto,1516.67919921875,1172.4278564453125,1109.144775390625,1114.26806640625,1405.8692626953125,1176.6173095703125,1210.7401123046875,1143.71337890625
956,15.933333333333334,2.1816065803642632,2.6625665776985428,1.8764030030529524,519.5754759570297,auto,1520.89501953125,1175.3818359375,1112.4237060546875,1102.7945556640625,1408.152587890625,1174.5172119140625,1211.1446533203125,1141.887451171875
957,15.95,2.1830620485703878,2.6672990225857047,1.8613779662945862,519.5754759570297,auto,1522.59765625,1175.9189453125,1103.86083984375,1101.015869140625,1406.9884033203125,1174.2327880859375,1208.83935546875,1140.87158203125
958,15.966666666666667,2.181866896550282,2.659724949296109,1.8615995169835895,519.5754759570297,auto,1518.2833251953125,1166.75390625,1103.596923828125,1108.5252685546875,1408.670654296875,1175.0078125,1209.074462890625,1142.6197509765625
959,15.983333333333333,2.181292462367235,2.68367356852502,1.8703114163461891,519.5754759570297,auto,1530.02490234375,1178.2747802734375,1107.421875,1118.4404296875,1407.0732421875,1172.17578125,1207.058349609375,1143.1143798828125
960,16.0,2.1828933599227693,2.683995674563857,1.8489807603490533,519.5754759570297,auto,1530.3604736328125,1176.355712890625,1096.5072021484375,1114.803955078125,1409.3504638671875,1173.0924072265625,1210.0936279296875,1138.934814453125
961,16.016666666666666,2.180811300319432,2.6859846969743577,1.85601658058615,519.5754759570297,auto,1531.4757080078125,1173.8055419921875,1100.24462890625,1110.3896484375,1411.59521484375,1174.0853271484375,1208.660400390625,1139.1595458984375
962,16.033333333333335,2.1796325942677566,2.6803338622215396,1.8334971160138744,519.5754759570297,auto,1529.152099609375,1177.5587158203125,1089.156494140625,1108.9498291015625,1409.653564453125,1172.4019775390625,1210.1951904296875,1138.16064453125
963,16.05,2.18145222320342,2.6998657991571595,1.8449543173923846,519.5754759570297,auto,1540.35498046875,1175.8048095703125,1096.1639404296875,1119.90478515625,1412.453369140625,1173.509521484375,1210.23583984375,1132.3760986328125
964,16.066666666666666,2.181281420074146,2.7086051867812797,1.8376605303933309,519.5754759570297,auto,1545.9844970703125,1188.8804931640625,1093.4630126953125,1112.252685546875,1413.21142578125,1170.867919921875,1211.9296875,1133.10693359375
965,16.083333333333332,2.181951005931685,2.708518023148596,1.8359884452887323,519.5754759570297,auto,1546.59130859375,1184.017333984375,1093.246337890625,1113.817138671875,1412.5390625,1169.09423828125,1211.693115234375,1129.388427734375
966,16.1,2.1806710397029576,2.7126234067537327,1.8348132633731495,519.5754759570297,auto,1548.389404296875,1186.0413818359375,1092.30078125,1115.674072265625,1412.6693115234375,1167.1903076171875,1212.6861572265625,1128.949951171875
967,16.116666666666667,2.180971765982835,2.7279627964515334,1.842734816481447,519.5754759570297,auto,1555.203125,1194.2265625,1095.2603759765625,1110.9356689453125,1412.2138671875,1169.0521240234375,1209.60400390625,1130.6256103515625
968,16.133333333333333,2.1807666612622625,2.737903209655913,1.8292646285670084,519.5754759570297,auto,1557.4744873046875,1190.5213623046875,1085.3681640625,1113.71533203125,1410.2996826171875,1167.5469970703125,1209.7119140625,1129.11572265625
969,16.15,2.18056155654169,2.7409612200144142,1.8193991619901921,519.5754759570297,auto,1556.169921875,1194.939697265625,1077.348876953125,1112.847412109375,1408.9879150390625,1166.8477783203125,1206.7193603515625,1127.8602294921875
970,16.166666666666668,2.172862963776833,2.7393969734742405,1.8284007453395799,519.5754759570297,auto,1555.357177734375,1196.3155517578125,1082.02587890625,1116.5975341796875,1405.0882568359375,1165.8857421875,1201.8780517578125,1127.6553955078125
971,16.183333333333334,2.1750397051698505,2.7438540658613895,1.8297208867197596,519.5754759570297,auto,1552.5419921875,1197.889404296875,1077.580810546875,1111.153076171875,1402.10595703125,1164.0732421875,1202.30322265625,1128.009765625
972,16.2,2.1733671501804395,2.7511549011326277,1.8244133028223328,519.5754759570297,auto,1551.204345703125,1200.1612548828125,1069.692138671875,1111.2821044921875,1396.419921875,1162.533935546875,1195.745361328125,1125.4647216796875
973,16.216666666666665,2.163743909224368,2.760901251909524,1.8180618698143631,519.5754759570297,auto,1556.268310546875,1199.4210205078125,1066.39208984375,1115.474853515625,1394.3150634765625,1163.6220703125,1196.6812744140625,1125.479736328125
974,16.233333333333334,2.156045316459511,2.768041621517359,1.8075782697669553,519.5754759570297,auto,1559.978271484375,1196.758056640625,1060.945068359375,1114.0706787109375,1393.6392822265625,1163.290283203125,1193.4251708984375,1123.1517333984375
975,16.25,2.152196020077082,2.77011005446114,1.8065355953684437,519.5754759570297,auto,1561.052978515625,1204.3590087890625,1060.4033203125,1119.01904296875,1392.771484375,1160.302734375,1192.104248046875,1121.478271484375
976,16.266666666666666,2.152196020077082,2.776265545502377,1.8333037584136096,519.5754759570297,auto,1564.251220703125,1205.9442138671875,1074.3114013671875,1109.7110595703125,1392.0740966796875,1157.02587890625,1192.46923828125,1119.3118896484375
977,16.283333333333335,2.1541206682682965,2.7915809710747497,1.8072343140843459,519.5754759570297,auto,1572.208740234375,1204.5335693359375,1060.766357421875,1109.3199462890625,1392.9273681640625,1157.71923828125,1194.5303955078125,1118.2962646484375
978,16.3,2.156045316459511,2.812713100738685,1.8056956762664427,519.5754759570297,auto,1583.1884765625,1211.862060546875,1059.9669189453125,1102.148193359375,1397.714599609375,1154.5625,1198.824951171875,1115.673095703125
979,16.316666666666666,2.1618192610331537,2.8307143878982113,1.8091777576680523,519.5754759570297,auto,1592.54150390625,1213.695068359375,1061.776123046875,1110.98876953125,1402.5386962890625,1155.96826171875,1201.9742431640625,1118.3035888671875
980,16.333333333333332,2.1656685574155823,2.853697393837829,1.8114052466207993,519.5754759570297,auto,1604.48291015625,1216.412841796875,1062.9334716796875,1098.768310546875,1409.0028076171875,1156.188232421875,1206.2952880859375,1112.6689453125
981,16.35,2.1675932056067966,2.8697420806389036,1.811183695931796,519.5754759570297,auto,1612.8193359375,1219.9859619140625,1062.818359375,1098.9222412109375,1407.4393310546875,1152.22509765625,1209.768798828125,1112.3402099609375
982,16.366666666666667,2.169517853798011,2.8882748075211504,1.811615050189495,519.5754759570297,auto,1622.448486328125,1224.235595703125,1063.04248046875,1096.3035888671875,1408.1239013671875,1151.1282958984375,1210.68408203125,1108.892578125
983,16.383333333333333,2.1665369045487277,2.8899480673377798,1.8044575297860106,519.5754759570297,auto,1621.86669921875,1225.5540771484375,1057.8724365234375,1088.5372314453125,1407.35498046875,1150.23974609375,1213.735107421875,1108.5916748046875
984,16.4,2.1630595219952413,2.9000198133471997,1.8095348701254066,519.5754759570297,auto,1623.906494140625,1231.532958984375,1057.3172607421875,1090.5927734375,1404.944580078125,1152.02880859375,1215.6219482421875,1110.5244140625
985,16.416666666666668,2.1631314143715246,2.9051683412356604,1.8103186379923366,519.5754759570297,auto,1622.544189453125,1237.156494140625,1053.6871337890625,1086.384033203125,1405.919677734375,1151.504638671875,1214.624267578125,1110.6337890625
986,16.433333333333334,2.161278658556593,2.9192432709035394,1.8241325466469787,519.5754759570297,auto,1625.81982421875,1241.765869140625,1056.8271484375,1090.662353515625,1407.838134765625,1152.07861328125,1213.6544189453125,1111.22802734375
987,16.45,2.1516554176005216,2.914177912626857,1.8194557831100753,519.5754759570297,auto,1623.18798828125,1247.224365234375,1054.397216796875,1092.008544921875,1414.731689453125,1155.4498291015625,1214.575927734375,1111.47900390625
988,16.466666666666665,2.150379915277511,2.9209120668144517,1.829099229113076,519.5754759570297,auto,1623.349609375,1250.8115234375,1056.0704345703125,1095.317138671875,1416.787841796875,1157.3121337890625,1215.7388916015625,1110.44189453125
989,16.483333333333334,2.150908065806546,2.925471359148278,1.8326672994353381,519.5754759570297,auto,1623.444091796875,1253.714599609375,1055.64990234375,1096.4661865234375,1418.676513671875,1154.6605224609375,1222.4447021484375,1108.1732177734375
990,16.5,2.1492202395607345,2.925333682898272,1.8351092908049038,519.5754759570297,auto,1621.24951171875,1259.4615478515625,1054.795654296875,1095.2724609375,1416.541748046875,1148.1876220703125,1223.5552978515625,1100.2183837890625
991,16.516666666666666,2.1475194914825853,2.928532893642872,1.8572448594855235,519.5754759570297,auto,1620.79541015625,1264.14208984375,1064.180419921875,1090.58251953125,1420.7125244140625,1149.4388427734375,1228.114501953125,1105.4967041015625
992,16.533333333333335,2.1486131483832325,2.922707026797469,1.8626717941252766,519.5754759570297,auto,1615.2001953125,1267.555419921875,1064.431884765625,1091.460693359375,1422.1011962890625,1146.734130859375,1231.0491943359375,1094.256103515625
993,16.55,2.145857508901451,2.91603912636841,1.8639031272759303,519.5754759570297,auto,1609.16748046875,1271.95947265625,1062.50341796875,1089.8388671875,1420.4556884765625,1145.83251953125,1227.47509765625,1090.0869140625
994,16.566666666666666,2.140083564327808,2.9047647101818876,1.8715768161457351,519.5754759570297,auto,1603.3095703125,1278.170654296875,1066.490478515625,1091.8916015625,1423.24267578125,1151.2576904296875,1236.665283203125,1095.6956787109375
995,16.583333333333332,2.1444358724018127,2.901516161531995,1.8661783095371265,519.5754759570297,auto,1595.3603515625,1281.45751953125,1057.4241943359375,1096.4501953125,1421.2281494140625,1147.165283203125,1236.7144775390625,1090.6087646484375
996,16.6,2.1449388840933885,2.8902476189056263,1.8447882131112336,519.5754759570297,auto,1583.244140625,1284.922119140625,1040.049072265625,1112.621337890625,1419.63671875,1148.5537109375,1233.917236328125,1093.47314453125
997,16.616666666666667,2.1372402913285318,2.8775099814135765,1.8260383994457006,519.5754759570297,auto,1576.6259765625,1290.05615234375,1030.30712890625,1123.56201171875,1417.4764404296875,1146.382080078125,1230.49853515625,1091.87109375
998,16.633333333333333,2.1352569075357786,2.870457480265643,1.8186048217149853,519.5754759570297,auto,1567.9921875,1294.8328857421875,1021.475341796875,1134.591064453125,1416.721923828125,1147.130859375,1228.98828125,1091.65966796875
999,16.65,2.13511570714968,2.8563404959070624,1.817590575347618,519.5754759570297,auto,1556.730712890625,1295.910888671875,1017.021728515625,1145.8564453125,1418.896240234375,1144.8309326171875,1233.2371826171875,1082.6895751953125
1000,16.666666666666668,2.136667501742328,2.8519280425770823,1.8394428034864159,519.5754759570297,auto,1550.6318359375,1302.3192138671875,1024.5693359375,1144.1136474609375,1423.13525390625,1148.30859375,1235.22216796875,1080.6094970703125
1001,16.683333333333334,2.1399710269152603,2.843108539592464,1.8368542080554102,519.5754759570297,auto,1543.3330078125,1308.039306640625,1020.5079345703125,1156.921630859375,1421.7381591796875,1142.62255859375,1236.43994140625,1078.425537109375
1002,16.7,2.1482574455803154,2.823106952786942,1.8461778974436351,519.5754759570297,auto,1530.63525390625,1308.156494140625,1023.046875,1163.24560546875,1423.654052734375,1141.041015625,1243.34912109375,1079.747802734375
1003,16.716666666666665,2.156987905393001,2.8150348015963,1.858299281004343,519.5754759570297,auto,1524.905029296875,1315.105224609375,1027.8087158203125,1170.671142578125,1430.30517578125,1138.728515625,1244.731201171875,1080.913330078125
1004,16.733333333333334,2.15801977244083,2.8044172843773842,1.8826296816432542,519.5754759570297,auto,1517.852294921875,1320.55859375,1038.9140625,1171.568359375,1433.84716796875,1136.11328125,1251.171630859375,1076.7354736328125
1005,16.75,2.159944420632044,2.7849539506243612,1.8929203939752093,519.5754759570297,auto,1507.7396240234375,1322.5718994140625,1044.2608642578125,1181.7568359375,1435.42138671875,1132.1990966796875,1249.1893310546875,1068.3631591796875
1006,16.766666666666666,2.1541704760584013,2.7622773095823687,1.9067366520539129,519.5754759570297,auto,1495.9573974609375,1321.740478515625,1051.439453125,1185.523681640625,1436.929931640625,1126.21484375,1253.5244140625,1064.896240234375
1007,16.783333333333335,2.161985600256711,2.755360840087598,1.9247694214958637,519.5754759570297,auto,1488.30322265625,1327.4794921875,1056.748291015625,1191.807861328125,1439.4234619140625,1120.47998046875,1259.57177734375,1067.3359375
1008,16.8,2.162102131690163,2.7441249544556854,1.9459370274631285,519.5754759570297,auto,1478.40478515625,1330.641845703125,1063.6859130859375,1194.9970703125,1441.0771484375,1115.725341796875,1262.915771484375,1061.090087890625
1009,16.816666666666666,2.162102131690163,2.7241334701736277,1.9630615095628876,519.5754759570297,auto,1468.0177001953125,1331.293212890625,1072.5833740234375,1198.083984375,1441.7392578125,1110.9166259765625,1265.120849609375,1065.50537109375
1010,16.833333333333332,2.160746044121842,2.708558433242455,1.986282042275127,519.5754759570297,auto,1455.6298828125,1328.15234375,1080.352783203125,1207.6934814453125,1442.848876953125,1106.114013671875,1266.057373046875,1067.1522216796875
1011,16.85,2.1713661457072253,2.7060692184492523,2.009712613498468,519.5754759570297,auto,1449.818603515625,1333.861328125,1088.0087890625,1210.4666748046875,1444.574462890625,1104.9102783203125,1272.0426025390625,1062.0147705078125
1012,16.866666666666667,2.1818401131159804,2.6993834623973254,2.026893481775704,519.5754759570297,auto,1441.90283203125,1335.6064453125,1092.4935302734375,1208.0667724609375,1447.99951171875,1096.8995361328125,1280.44580078125,1047.322998046875
1013,16.883333333333333,2.1843192253857184,2.6942081510745632,2.05035553528147,519.5754759570297,auto,1434.92578125,1336.49267578125,1100.395751953125,1199.89208984375,1448.575439453125,1095.351318359375,1291.9139404296875,1046.423828125
1014,16.9,2.1903180098420507,2.6883508019467355,2.0798250661125954,519.5754759570297,auto,1427.765625,1332.9658203125,1111.590576171875,1225.119384765625,1450.8663330078125,1088.52685546875,1287.7843017578125,1050.0653076171875
1015,16.916666666666668,2.187668564327851,2.6855650898369667,2.1220632468333838,519.5754759570297,auto,1422.69482421875,1334.6302490234375,1129.9130859375,1240.0435791015625,1453.173583984375,1086.98876953125,1289.6656494140625,1049.137451171875
1016,16.933333333333334,2.1971867860283716,2.6824288436572155,2.143938969212797,519.5754759570297,auto,1418.119873046875,1334.064697265625,1138.333740234375,1248.717529296875,1454.4599609375,1084.4718017578125,1296.61669921875,1042.712158203125
1017,16.95,2.206685037624369,2.680685336061146,2.171019840600554,519.5754759570297,auto,1414.2789306640625,1332.86865234375,1149.46923828125,1258.686279296875,1455.819580078125,1084.869384765625,1302.207763671875,1041.64111328125
1018,16.966666666666665,2.2155047755513935,2.6822683779938123,2.196745329247208,519.5754759570297,auto,1412.5189208984375,1333.3348388671875,1160.2530517578125,1263.3345947265625,1458.357421875,1082.0789794921875,1308.0299072265625,1044.1697998046875
1019,16.983333333333334,2.2269070004068636,2.679007847281206,2.2337156313372093,519.5754759570297,auto,1407.9005126953125,1332.600341796875,1176.53759765625,1270.8934326171875,1454.9171142578125,1086.1689453125,1309.06494140625,1045.705078125
1020,17.0,2.2311801328899943,2.6825822610484344,2.256327193332697,519.5754759570297,auto,1406.5374755859375,1334.4644775390625,1185.0657958984375,1275.154541015625,1449.889404296875,1096.1915283203125,1310.3046875,1046.5830078125
1021,17.016666666666666,2.240236692762422,2.6870259617184327,2.2936438005293693,519.5754759570297,auto,1405.1407470703125,1334.861328125,1200.7490234375,1282.792236328125,1447.7266845703125,1099.609130859375,1308.0919189453125,1047.990234375
1022,17.033333333333335,2.255526509612524,2.6905298927638146,2.3180423344660652,519.5754759570297,auto,1403.01708984375,1333.8580322265625,1209.481689453125,1285.6644287109375,1449.34423828125,1099.5185546875,1317.2635498046875,1045.795654296875
1023,17.05,2.261099108544093,2.6971362382824617,2.343329420582836,519.5754759570297,auto,1402.55419921875,1334.3828125,1218.724853515625,1288.626953125,1449.1240234375,1101.4874267578125,1325.55322265625,1052.909423828125
1024,17.066666666666666,2.2686400549544206,2.703261891638117,2.375996987446531,519.5754759570297,auto,1401.81884765625,1331.988525390625,1231.780029296875,1290.472900390625,1447.534423828125,1100.1290283203125,1336.8343505859375,1054.786376953125
1025,17.083333333333332,2.268772797413898,2.709910996674684,2.4089114787790944,519.5754759570297,auto,1401.20458984375,1333.503662109375,1244.8126220703125,1295.121337890625,1447.4371337890625,1098.431640625,1335.161376953125,1047.37890625
1026,17.1,2.28866748542462,2.7173363514211837,2.4342763308323017,519.5754759570297,auto,1400.725830078125,1327.876953125,1253.65478515625,1305.515380859375,1448.774169921875,1094.82177734375,1337.09228515625,1046.562255859375
1027,17.116666666666667,2.310531460683725,2.7306103624264835,2.4616494705733145,519.5754759570297,auto,1403.2626953125,1329.4931640625,1263.5172119140625,1307.7193603515625,1451.18017578125,1087.831787109375,1340.32080078125,1039.0477294921875
1028,17.133333333333333,2.3213667695131455,2.7386437481201105,2.487750162242597,519.5754759570297,auto,1402.806884765625,1327.123779296875,1272.44873046875,1306.4564208984375,1451.053466796875,1086.26123046875,1341.38232421875,1033.34521484375
1029,17.15,2.3169529065287287,2.748286724238299,2.517781675309243,519.5754759570297,auto,1403.1104736328125,1325.9005126953125,1283.345703125,1316.477783203125,1452.154296875,1080.2314453125,1336.4495849609375,1037.4190673828125
1030,17.166666666666668,2.3379506491363444,2.755566414692983,2.546209706453888,519.5754759570297,auto,1401.98291015625,1325.86962890625,1293.206298828125,1323.925537109375,1449.6796875,1083.343994140625,1341.897216796875,1039.302490234375
1031,17.183333333333334,2.3478847188957577,2.770273574375823,2.5740903217921933,519.5754759570297,auto,1404.462890625,1322.05078125,1302.5308837890625,1333.220458984375,1450.6697998046875,1076.9755859375,1341.671875,1035.562255859375
1032,17.2,2.357138630389355,2.779519967712423,2.591367751398359,519.5754759570297,auto,1405.458984375,1317.7183837890625,1307.69970703125,1338.5567626953125,1452.1754150390625,1073.564208984375,1350.0753173828125,1035.1903076171875
1033,17.216666666666665,2.3645315630838053,2.791276955601186,2.605715919084595,519.5754759570297,auto,1407.7264404296875,1318.47119140625,1311.3134765625,1337.2998046875,1456.8857421875,1071.226806640625,1358.14990234375,1038.5072021484375
1034,17.233333333333334,2.3747339370710465,2.7987584615827568,2.622041362061024,519.5754759570297,auto,1407.312744140625,1321.936279296875,1315.494873046875,1343.208740234375,1459.137939453125,1068.22607421875,1364.87890625,1034.832275390625
1035,17.25,2.3760909644089927,2.8102403319139135,2.646044957812975,519.5754759570297,auto,1408.5733642578125,1325.4609375,1323.261474609375,1348.00732421875,1456.7176513671875,1070.016845703125,1370.456787109375,1040.057861328125
1036,17.266666666666666,2.3518322168475776,2.7849679917935224,2.628589793861653,526.7303352663436,auto,1410.145751953125,1325.69287109375,1327.776611328125,1356.011474609375,1458.1568603515625,1072.8851318359375,1370.270751953125,1038.32958984375
1037,17.283333333333335,2.371341495065609,2.8131566329962134,2.656204928692856,525.1634146605884,auto,1413.025146484375,1324.546142578125,1330.599853515625,1360.7373046875,1452.78564453125,1066.253662109375,1372.260009765625,1037.6884765625
1038,17.3,2.384308017843698,2.8418783981369597,2.6869815193128077,523.4604988586433,auto,1414.52001953125,1323.8741455078125,1333.4376220703125,1365.3072509765625,1450.1982421875,1065.561767578125,1366.817138671875,1046.8358154296875
1039,17.316666666666666,2.4019641464372836,2.8643831937664412,2.7183305792194465,522.0888488902372,auto,1414.423828125,1330.5255126953125,1338.17138671875,1375.417236328125,1448.306884765625,1065.503173828125,1370.747802734375,1045.56884765625
1040,17.333333333333332,2.4238720926642414,2.8874087397393424,2.7522953424103274,520.4350598350098,auto,1413.24072265625,1340.4925537109375,1342.9229736328125,1383.8021240234375,1449.36669921875,1067.245849609375,1374.0989990234375,1044.4906005859375
1041,17.35,2.4342344683043065,2.907611261739347,2.784502410946703,519.1184926446109,auto,1411.7386474609375,1349.402587890625,1347.83056640625,1390.8819580078125,1446.6409912109375,1053.37451171875,1375.5693359375,1044.5797119140625
1042,17.366666666666667,2.45300677250667,2.9355247487478993,2.812595274136578,517.7151879637684,auto,1413.806884765625,1355.1051025390625,1350.1644287109375,1393.83203125,1443.271728515625,1056.720703125,1372.2337646484375,1047.0185546875
1043,17.383333333333333,2.4649919922481534,2.9688755930997477,2.848612010801529,515.6418781818011,auto,1415.823486328125,1357.3223876953125,1353.810546875,1405.4388427734375,1439.342529296875,1052.5238037109375,1372.427978515625,1042.5753173828125
1044,17.4,2.4722350340627206,3.0038558612021697,2.878503357742641,514.1341119500066,auto,1420.324462890625,1364.39599609375,1355.8763427734375,1414.010498046875,1437.2581787109375,1056.999267578125,1371.839111328125,1044.62548828125
1045,17.416666666666668,2.4889366189249467,3.0284256579069977,2.9042254889001122,512.8164884197458,auto,1419.658935546875,1365.9569091796875,1355.9669189453125,1416.8951416015625,1436.72216796875,1058.05810546875,1376.146240234375,1054.7901611328125
1046,17.433333333333334,2.4986232145576732,3.0675854287199993,2.934216891988079,511.4058083506984,auto,1426.9705810546875,1374.9332275390625,1358.76513671875,1428.318115234375,1428.1900634765625,1058.1444091796875,1368.468994140625,1054.443359375
1047,17.45,2.504570338012714,3.0993244705179355,2.9634889878007313,510.2194715015154,auto,1431.455078125,1373.15380859375,1362.1492919921875,1440.4814453125,1426.990234375,1051.603515625,1369.037109375,1057.920654296875
1048,17.466666666666665,2.509741013079159,3.1228580372506554,2.9866750293387074,509.5126327029625,auto,1434.390869140625,1384.4842529296875,1365.00390625,1445.0428466796875,1423.734130859375,1058.4559326171875,1372.3878173828125,1059.1072998046875
1049,17.483333333333334,2.519977665073752,3.152542481623333,3.0140368550170176,509.02398172797484,auto,1441.99072265625,1387.349853515625,1371.4879150390625,1453.029296875,1422.5469970703125,1053.676025390625,1380.5982666015625,1050.926513671875
1050,17.5,2.5248530509539857,3.1825851638912117,3.0362867501080375,508.46883209546706,auto,1450.436279296875,1387.795654296875,1376.048095703125,1465.400146484375,1421.1995849609375,1060.7802734375,1379.0653076171875,1061.027587890625
1051,17.516666666666666,2.5285927366241503,3.2091167426327156,3.0526608133133935,508.3643773667287,auto,1458.9541015625,1392.7421875,1379.41748046875,1469.779052734375,1420.7060546875,1057.923828125,1374.8043212890625,1065.850341796875
1052,17.533333333333335,2.5216659678188598,3.22870744102418,3.0747935725777014,508.6677140612871,auto,1465.649169921875,1394.662353515625,1387.358154296875,1475.876953125,1413.0107421875,1069.919921875,1362.015380859375,1086.146728515625
1053,17.55,2.5202455785662266,3.2598718200626333,3.098476000662743,508.4443408803738,auto,1476.058837890625,1399.034423828125,1393.998046875,1484.60693359375,1405.3443603515625,1076.696533203125,1336.235107421875,1082.795166015625
1054,17.566666666666666,2.5113284824288145,3.2905485808284767,3.1240182909287477,508.4340979971641,auto,1487.18212890625,1397.657470703125,1402.512451171875,1488.350341796875,1398.74462890625,1092.0389404296875,1356.9873046875,1090.204833984375
1055,17.583333333333332,2.510311350297516,3.3190446288727404,3.147317353426303,508.45121241956804,auto,1497.201416015625,1402.4599609375,1409.886474609375,1491.13427734375,1400.656494140625,1102.433349609375,1356.056396484375,1102.512939453125
1056,17.6,2.517001345250877,3.347306799053199,3.1760793845840016,508.535362648744,auto,1507.23974609375,1406.36572265625,1420.16455078125,1496.390625,1404.458740234375,1110.86328125,1355.96533203125,1098.231201171875
1057,17.616666666666667,2.5153063772389013,3.3751187985507367,3.2148936103502512,507.8858046400834,auto,1513.6865234375,1415.777587890625,1432.3104248046875,1503.229248046875,1411.761962890625,1119.27880859375,1350.77978515625,1114.6396484375
1058,17.633333333333333,2.514499134847308,3.4051647341107443,3.2485622054583847,507.16355851082943,auto,1520.713134765625,1419.85595703125,1441.2900390625,1506.303955078125,1401.94140625,1120.76025390625,1348.4052734375,1115.603759765625
1059,17.65,2.5106223781215062,3.429550237231403,3.2790242258222073,507.1457240659441,auto,1528.0302734375,1422.4088134765625,1451.691650390625,1509.8778076171875,1393.1907958984375,1129.3707275390625,1349.88525390625,1125.534912109375
1060,17.666666666666668,2.505261464365935,3.4541329376195486,3.3091036016029585,507.44548960395525,auto,1538.50048828125,1424.98876953125,1464.906005859375,1512.12451171875,1400.4759521484375,1144.28515625,1348.6673583984375,1137.538330078125
1061,17.683333333333334,2.4942047523844395,3.467822371398502,3.3295636525439947,508.9918319567573,auto,1552.5634765625,1426.324462890625,1482.19091796875,1517.034912109375,1400.64208984375,1149.20703125,1353.19677734375,1145.316162109375
1062,17.7,2.4692512395623156,3.4605401131276725,3.3391546173079996,511.57997298233033,auto,1563.12353515625,1418.5888671875,1501.025146484375,1516.98681640625,1400.29345703125,1147.9052734375,1357.3577880859375,1157.682373046875
1063,17.716666666666665,2.4620013365606934,3.4723737833800294,3.3453917426950905,514.213648523012,auto,1584.54736328125,1430.009521484375,1519.25146484375,1514.308349609375,1424.6171875,1161.09521484375,1365.0576171875,1160.9798583984375
1064,17.733333333333334,2.4403245841979566,3.4677187739115576,3.3580079719669733,516.5369018357849,auto,1593.68701171875,1429.044677734375,1537.017333984375,1519.5283203125,1422.335205078125,1166.9710693359375,1366.24755859375,1170.648193359375
1065,17.75,2.412834922018294,3.4778445993966307,3.3760453695561696,517.8554419210056,auto,1602.52099609375,1428.767822265625,1549.8037109375,1511.8017578125,1414.4736328125,1171.850830078125,1359.247802734375,1170.768310546875
1066,17.766666666666666,2.4056096871106916,3.495423105238022,3.4112417753383766,517.9539315098602,auto,1607.47314453125,1426.2796630859375,1563.87109375,1512.6524658203125,1412.31787109375,1178.1671142578125,1357.53076171875,1178.9495849609375
1067,17.783333333333335,2.40188108851029,3.5185469005901013,3.4427975998258775,517.1510196104899,auto,1608.48486328125,1426.421630859375,1569.31103515625,1506.62939453125,1406.42333984375,1182.510009765625,1355.52294921875,1186.573486328125
1068,17.8,2.3974955052599394,3.548208125546524,3.473837345470064,515.7986984009298,auto,1608.5361328125,1426.228271484375,1570.17578125,1497.17138671875,1393.2001953125,1193.346923828125,1344.947265625,1190.820556640625
1069,17.816666666666666,2.4093215556968546,3.581875618745806,3.5182098698740956,514.4206601338333,auto,1610.18603515625,1426.985595703125,1577.43505859375,1495.8095703125,1390.72705078125,1201.239501953125,1338.958984375,1198.2783203125
1070,17.833333333333332,2.4154968404026103,3.6071715280378127,3.548851545553021,513.0471094586246,auto,1608.38525390625,1422.667236328125,1578.46435546875,1494.49267578125,1373.19677734375,1203.883544921875,1334.4521484375,1213.6103515625
1071,17.85,2.406263865459653,3.6121405657661008,3.5708334837826414,512.5719500345824,auto,1601.0986328125,1415.070068359375,1579.92578125,1489.639892578125,1353.72265625,1209.243896484375,1322.56640625,1224.02392578125
1072,17.866666666666667,2.4053336335532443,3.6544303305786556,3.5809023688058503,512.0919343340375,auto,1613.65234375,1416.93701171875,1575.999267578125,1482.531005859375,1349.883056640625,1219.571044921875,1322.461669921875,1229.569091796875
1073,17.883333333333333,2.399929072378453,3.6693725967165975,3.616018007079024,512.2393865508883,auto,1616.259033203125,1400.90478515625,1588.9287109375,1478.286865234375,1348.888671875,1227.752197265625,1319.15673828125,1240.12451171875
1074,17.9,2.3914913076838618,3.66821264140848,3.6238066195687244,512.7852261861215,auto,1613.683837890625,1394.883544921875,1590.9130859375,1470.035400390625,1335.67626953125,1228.876708984375,1304.5703125,1242.68896484375
1075,17.916666666666668,2.3725370070370317,3.668363178510947,3.64060306798165,513.2385398362777,auto,1612.06787109375,1388.62109375,1597.8203125,1462.4609375,1325.217529296875,1238.74267578125,1297.244873046875,1244.33251953125
1076,17.933333333333334,2.360983449673253,3.671551678326599,3.6501541768657564,514.0102537848746,auto,1612.6455078125,1382.3231201171875,1601.64697265625,1448.2510986328125,1325.940185546875,1245.5828857421875,1296.577392578125,1252.2437744140625
1077,17.95,2.365788769453022,3.6741409929126903,3.6442674046614454,514.0639103878002,auto,1607.57666015625,1374.9200439453125,1592.2197265625,1438.8948974609375,1320.384521484375,1243.4464111328125,1292.237060546875,1256.4635009765625
1078,17.966666666666665,2.3693402986155885,3.681785821337554,3.666323124912006,513.3479906848559,auto,1600.7412109375,1366.8973388671875,1592.803466796875,1429.9324951171875,1314.21533203125,1240.5826416015625,1284.141357421875,1265.3973388671875
1079,17.983333333333334,2.366401428618621,3.696581112659834,3.690033786575733,512.6436761184757,auto,1595.908203125,1362.742919921875,1592.5517578125,1425.47021484375,1300.8828125,1248.76806640625,1270.206787109375,1263.949462890625
1080,18.0,2.38117546933754,3.721132406405592,3.701135304187782,511.82952961850503,auto,1596.82958984375,1361.294921875,1586.594482421875,1416.5966796875,1294.766845703125,1252.744384765625,1262.84814453125,1268.461669921875
1081,18.016666666666666,2.3676004787816884,3.713195905892361,3.713940768134905,512.6262491113238,auto,1591.78759765625,1356.5323486328125,1592.16943359375,1407.1258544921875,1275.28759765625,1263.3157958984375,1251.081787109375,1264.8541259765625
1082,18.033333333333335,2.3688727097901534,3.7348616273184,3.7353806066487345,513.233198908372,auto,1601.07080078125,1355.67041015625,1601.337158203125,1405.00537109375,1269.4990234375,1268.953369140625,1249.533203125,1271.0595703125
1083,18.05,2.3706692641228955,3.721884670413199,3.720119017646188,514.0958973981355,auto,1594.654296875,1349.6317138671875,1593.74658203125,1400.1461181640625,1265.82763671875,1273.9871826171875,1246.8172607421875,1275.1522216796875
1084,18.066666666666666,2.3800732788862273,3.7238397201882827,3.7313723395742984,515.4664401613455,auto,1597.66650390625,1349.0570068359375,1601.54931640625,1393.3812255859375,1274.285888671875,1284.9385986328125,1257.361083984375,1282.1546630859375
1085,18.083333333333332,2.3752177073176863,3.727320868573572,3.7371420951712135,515.9623151060163,auto,1595.63427734375,1348.18505859375,1600.70166015625,1391.89990234375,1274.8076171875,1291.25537109375,1262.94140625,1285.9443359375
1086,18.1,2.399028249611303,3.7348157015344805,3.7616343787772464,515.5790612763982,auto,1589.7041015625,1348.861572265625,1603.53125,1391.023193359375,1270.410400390625,1297.858642578125,1263.934814453125,1289.765380859375
1087,18.116666666666667,2.4116309442350357,3.7691225520890703,3.7873298221163263,514.8505747136866,auto,1594.9052734375,1358.547119140625,1604.279296875,1387.456787109375,1265.7607421875,1318.3369140625,1266.23046875,1301.631103515625
1088,18.133333333333333,2.4308905929298943,3.7853637215349796,3.7898956277990132,514.2574162987237,auto,1590.5478515625,1360.2197265625,1592.87841796875,1388.7607421875,1254.94580078125,1329.84375,1258.3955078125,1311.062255859375
1089,18.15,2.4560871516630707,3.81772043092637,3.82473679055095,513.2396871640461,auto,1591.84423828125,1367.82861328125,1595.4453125,1390.54296875,1268.5576171875,1345.837646484375,1272.03369140625,1320.986083984375
1090,18.166666666666668,2.4845719507165267,3.8540634668164997,3.855000824196591,512.5779774126079,auto,1595.97119140625,1372.8057861328125,1596.45166015625,1388.4954833984375,1259.3671875,1352.0184326171875,1246.16162109375,1325.7420654296875
1091,18.183333333333334,2.5125549978977597,3.877458933511517,3.8921684809830923,512.0139933046123,auto,1595.849853515625,1371.5416259765625,1603.38134765625,1394.1429443359375,1266.728515625,1351.9188232421875,1259.78076171875,1333.5950927734375
1092,18.2,2.5423482273386075,3.909494635578397,3.90626139051056,511.8031950968772,auto,1601.7099609375,1379.3538818359375,1600.05517578125,1392.6788330078125,1276.86474609375,1349.2672119140625,1259.10693359375,1333.7137451171875
1093,18.216666666666665,2.5730901274194338,3.9364422128938314,3.9316617641763436,511.42149267416335,auto,1605.24755859375,1384.703125,1602.802734375,1400.210205078125,1275.72021484375,1361.763671875,1256.636474609375,1345.33642578125
1094,18.233333333333334,2.6145572504303702,3.98530804996655,3.977049542922154,511.369005141878,auto,1620.95947265625,1391.5848388671875,1616.736328125,1402.3905029296875,1300.708251953125,1353.5657958984375,1284.8603515625,1340.2459716796875
1095,18.25,2.6625836047814047,4.034507594762154,4.0213079334237865,510.5444374005897,auto,1632.42822265625,1396.7020263671875,1625.689208984375,1409.9822998046875,1312.0048828125,1351.5369873046875,1293.58935546875,1344.3997802734375
1096,18.266666666666666,2.703193884487156,4.077729247090441,4.071841361493753,510.18420801004896,auto,1644.266357421875,1400.805908203125,1641.262451171875,1413.634521484375,1322.57373046875,1354.585205078125,1314.66162109375,1348.319580078125
1097,18.283333333333335,2.7452599402248667,4.138834167428932,4.113009377322192,510.01934666983027,auto,1667.749755859375,1405.8740234375,1654.57861328125,1418.006591796875,1325.96142578125,1359.384765625,1313.143798828125,1350.630859375
1098,18.3,2.785169385995518,4.182700676594612,4.16676714807309,509.7164774444026,auto,1681.3447265625,1410.139404296875,1673.22314453125,1424.90478515625,1352.885498046875,1357.30712890625,1342.734619140625,1352.06201171875
1099,18.316666666666666,2.85458111051014,4.25071256308762,4.24176804602405,509.4339462505756,auto,1708.23681640625,1412.613037109375,1703.68017578125,1429.22314453125,1387.671142578125,1351.150390625,1372.150634765625,1357.84619140625
1100,18.333333333333332,2.920873218648783,4.320310105033482,4.285283324124832,509.6128503159699,auto,1737.171142578125,1419.1014404296875,1719.32080078125,1429.5687255859375,1416.697265625,1375.0863037109375,1373.171142578125,1359.3162841796875
1101,18.35,3.0010161832922284,4.347077230327333,4.327275401951077,509.9848670847493,auto,1746.470703125,1423.8095703125,1736.3720703125,1435.376953125,1421.12451171875,1373.66357421875,1400.7275390625,1363.7216796875
1102,18.366666666666667,2.997099355314748,4.3900486592024075,4.399348783230547,510.0370907713758,auto,1762.455810546875,1420.814208984375,1767.19921875,1436.666748046875,1426.724609375,1374.505615234375,1412.728515625,1365.876220703125
1103,18.383333333333333,3.0220243664773103,4.433915306621846,4.427473935629192,510.2741696019583,auto,1780.451416015625,1430.0577392578125,1777.16455078125,1442.9246826171875,1429.910888671875,1402.2247314453125,1417.342529296875,1369.1663818359375
1104,18.4,3.073043265275384,4.468646974223519,4.507609695455729,510.74210718370324,auto,1793.79345703125,1439.81494140625,1813.693359375,1449.5087890625,1429.3720703125,1366.1552734375,1447.21875,1372.37646484375
1105,18.416666666666668,3.120829572399151,4.526666706580364,4.549901764740398,510.3981568582009,auto,1815.53662109375,1439.5859375,1827.395751953125,1451.566650390625,1476.6923828125,1404.85498046875,1471.796875,1378.091552734375
1106,18.433333333333334,3.139952690984481,4.562380378052405,4.556716127024603,510.5433514389109,auto,1828.2109375,1438.714111328125,1825.319091796875,1451.38671875,1493.41455078125,1398.984619140625,1476.189453125,1378.949951171875
1107,18.45,3.1937669382140954,4.607278688447664,4.61835814748655,510.47273146638656,auto,1844.55908203125,1440.1304931640625,1850.215087890625,1455.6090087890625,1503.2275390625,1397.2918701171875,1493.0947265625,1381.0787353515625
1108,18.466666666666665,3.2488372216567774,4.641839639758114,4.640550510882105,510.95853836515636,auto,1859.7666015625,1444.973876953125,1859.10791015625,1455.107666015625,1526.87451171875,1397.24609375,1516.6416015625,1384.548828125
1109,18.483333333333334,3.2603017667065024,4.676567971696261,4.668813337998643,511.2555620252275,auto,1874.073974609375,1448.2275390625,1870.109375,1458.2900390625,1542.262939453125,1408.617919921875,1524.5205078125,1386.472900390625
1110,18.5,3.3012970228391842,4.725990867168645,4.73283675344372,511.8978595962384,auto,1899.2978515625,1449.276611328125,1902.80224609375,1456.198974609375,1548.607666015625,1419.50439453125,1542.27734375,1396.52099609375
1111,18.516666666666666,3.365266797487563,4.767452576582005,4.7758722102586555,512.7176189650147,auto,1920.92529296875,1455.49169921875,1925.2421875,1462.294677734375,1582.220703125,1423.39404296875,1574.407958984375,1394.78173828125
1112,18.533333333333335,3.4124735531290424,4.802011073003032,4.819749348861113,512.7176189650147,auto,1936.4404296875,1454.6669921875,1945.53515625,1464.728515625,1596.0380859375,1409.34619140625,1586.3427734375,1397.4462890625
1113,18.55,3.444770005110474,4.842808345605005,4.863955996936721,512.7176189650147,auto,1954.798828125,1452.32861328125,1965.6416015625,1463.884765625,1618.6865234375,1411.244873046875,1620.17578125,1400.732666015625
1114,18.566666666666666,3.4836928354565853,4.882169014044413,4.903099531966077,512.7176189650147,auto,1970.0234375,1455.404052734375,1980.7548828125,1466.880126953125,1626.18310546875,1406.62451171875,1626.224365234375,1399.125
1115,18.583333333333332,3.5153957418335637,4.908451203886215,4.921533491841893,512.7176189650147,auto,1976.244140625,1455.519287109375,1982.95166015625,1470.088623046875,1643.1669921875,1423.107421875,1639.8369140625,1405.712646484375
1116,18.6,3.5804055324203325,4.963067399060865,4.975437337057247,512.7176189650147,auto,1991.9150390625,1456.6668701171875,1998.25732421875,1469.2034912109375,1663.43212890625,1411.8023681640625,1656.076171875,1402.6531982421875
1117,18.616666666666667,3.610093526462578,5.018282615792195,5.033560522506104,512.7176189650147,auto,2004.00341796875,1455.011474609375,2011.836669921875,1472.529296875,1665.7255859375,1412.676513671875,1658.242919921875,1410.19189453125
1118,18.633333333333333,3.644910106892922,5.051668782266841,5.064088241918148,512.7176189650147,auto,2003.27001953125,1453.610107421875,2009.6376953125,1473.54638671875,1669.4208984375,1417.735107421875,1663.943603515625,1407.69873046875
1119,18.65,3.7118119580166313,5.11542029426575,5.120690541157118,512.7176189650147,auto,2017.65478515625,1454.8125,2020.35693359375,1473.41357421875,1694.90185546875,1426.62451171875,1681.4169921875,1410.97314453125
1120,18.666666666666668,3.7433884413226246,5.155858058699762,5.1588184060907665,512.7176189650147,auto,2024.197998046875,1452.6483154296875,2025.7158203125,1473.1302490234375,1691.25439453125,1415.4593505859375,1681.212890625,1411.3082275390625
1121,18.683333333333334,3.7886976604749365,5.200559447154854,5.209651908700813,512.7176189650147,auto,2036.886474609375,1453.4111328125,2041.54833984375,1472.4814453125,1713.26416015625,1428.21826171875,1709.47607421875,1414.207275390625
1122,18.7,3.8445413576728162,5.285564285720442,5.294666560865915,508.51705045159963,auto,2052.78466796875,1455.9427490234375,2057.413330078125,1470.1461181640625,1719.851318359375,1423.7432861328125,1714.4990234375,1409.9635009765625
1123,18.716666666666665,3.876886804839713,5.311281738292858,5.3158482435569745,508.86407314801534,auto,2063.912109375,1453.0655517578125,2066.23583984375,1468.4210205078125,1739.72802734375,1418.3614501953125,1728.05078125,1410.1104736328125
1124,18.733333333333334,3.934300580923751,5.333565490134627,5.345048655804727,509.0672113371464,auto,2072.31982421875,1446.1143798828125,2078.16552734375,1469.6876220703125,1745.3994140625,1406.1163330078125,1732.9287109375,1414.1798095703125
1125,18.75,3.9687144745247007,5.364742783713983,5.383054541766881,509.4996317351821,auto,2086.27587890625,1452.0428466796875,2095.605712890625,1464.7816162109375,1754.22021484375,1421.0208740234375,1755.927490234375,1407.3739013671875
1126,18.766666666666666,3.967331084462119,5.398048909961685,5.40929926068447,509.8365362186547,auto,2098.43212890625,1450.0390625,2104.16796875,1468.833251953125,1765.26171875,1425.59814453125,1755.76904296875,1411.483642578125
1127,18.783333333333335,4.001136071925684,5.43962661844142,5.451724876165237,510.2668487212807,auto,2116.01416015625,1451.7225341796875,2122.1875,1468.4095458984375,1785.3125,1426.8062744140625,1769.67431640625,1418.4427490234375
1128,18.8,4.04907063547844,5.458264197943135,5.4794701359804785,509.76564086500593,auto,2113.3583984375,1451.391357421875,2124.16845703125,1469.21875,1781.5615234375,1416.575927734375,1781.024658203125,1418.630126953125
1129,18.816666666666666,4.083844580756353,5.509999828516919,5.514389675123592,509.76564086500593,auto,2129.0048828125,1458.7542724609375,2131.24267578125,1468.3179931640625,1793.2763671875,1437.3157958984375,1784.1455078125,1417.4979248046875
1130,18.833333333333332,4.11951028845862,5.533462471464872,5.547875306265356,509.76564086500593,auto,2129.7841796875,1457.9560546875,2137.13134765625,1470.779052734375,1801.31494140625,1429.598388671875,1797.7216796875,1421.398193359375
1131,18.85,4.172297882601197,5.582251741977096,5.6032163007116065,509.76564086500593,auto,2142.74609375,1462.4996337890625,2153.43310546875,1470.5067138671875,1790.96630859375,1436.5338134765625,1794.79541015625,1422.5667724609375
1132,18.866666666666667,4.216192517250427,5.613019940253239,5.645367640395935,509.76564086500593,auto,2146.0546875,1461.3914794921875,2162.54443359375,1470.4671630859375,1789.208984375,1431.7562255859375,1799.6708984375,1428.9786376953125
1133,18.883333333333333,4.237762439950772,5.622516108540074,5.635593694339968,509.76564086500593,auto,2138.89990234375,1462.4180908203125,2145.56640625,1468.2301025390625,1793.615234375,1432.1024169921875,1791.015380859375,1431.5377197265625
1134,18.9,4.2573709163520075,5.664938042085712,5.675094650965018,509.76564086500593,auto,2152.529296875,1467.0230712890625,2157.706787109375,1465.7742919921875,1825.423828125,1450.4207763671875,1813.99169921875,1434.6370849609375
1135,18.916666666666668,4.305458079606389,5.692117638940974,5.708278079051053,509.76564086500593,auto,2161.871337890625,1464.884033203125,2170.109375,1471.39404296875,1829.00634765625,1445.58740234375,1827.48583984375,1437.8173828125
1136,18.933333333333334,4.308718855366976,5.7098456077379005,5.731709112804587,509.76564086500593,auto,2168.246337890625,1463.906005859375,2179.3916015625,1475.895263671875,1830.375732421875,1440.345947265625,1834.923828125,1444.323486328125
1137,18.95,4.343641268073219,5.7493767367758055,5.750105185028997,509.76564086500593,auto,2187.595703125,1468.6080322265625,2187.967041015625,1470.5994873046875,1839.85498046875,1451.9808349609375,1834.67138671875,1444.6038818359375
1138,18.966666666666665,4.3690505105774475,5.759394456770546,5.768152119333237,509.76564086500593,auto,2193.74951171875,1472.613525390625,2198.2138671875,1471.349365234375,1856.37548828125,1458.56982421875,1860.31982421875,1443.187255859375
1139,18.983333333333334,4.386932693928961,5.796768018825791,5.806962462952962,509.76564086500593,auto,2212.685546875,1468.9451904296875,2217.88232421875,1468.2886962890625,1854.892578125,1458.7733154296875,1859.822265625,1439.7747802734375
1140,19.0,4.442030393363627,5.814769933974344,5.8279763511878535,509.76564086500593,auto,2219.775390625,1464.1656494140625,2226.507568359375,1476.2042236328125,1886.33984375,1445.5240478515625,1885.830810546875,1444.2630615234375
1141,19.016666666666666,4.46251674330076,5.849455277722448,5.855426541904426,509.76564086500593,auto,2233.013671875,1471.0313720703125,2236.0576171875,1467.2864990234375,1872.341064453125,1455.7747802734375,1876.5078125,1440.5582275390625
1142,19.033333333333335,4.49019274818655,5.854627212427387,5.85942558392556,509.76564086500593,auto,2229.541748046875,1464.5753173828125,2231.98779296875,1469.9649658203125,1882.26953125,1456.6260986328125,1887.2724609375,1444.4703369140625
1143,19.05,4.5151446152260855,5.910998858182558,5.900243111390863,509.76564086500593,auto,2248.55859375,1466.662109375,2243.07568359375,1466.19091796875,1895.4326171875,1481.18798828125,1897.600341796875,1431.1533203125
1144,19.066666666666666,4.5355162621016545,5.944845600424194,5.939118589108178,509.76564086500593,auto,2256.427734375,1463.6510009765625,2253.50830078125,1462.9259033203125,1890.916015625,1463.7996826171875,1889.4091796875,1441.0440673828125
1145,19.083333333333332,4.597253089682187,5.973871940517,5.968608530719123,509.76564086500593,auto,2259.7529296875,1462.15673828125,2257.06982421875,1462.63818359375,1903.728271484375,1467.69677734375,1908.3271484375,1437.55029296875
1146,19.1,4.625172150115968,5.992301537644581,5.992061116196124,509.76564086500593,auto,2258.91552734375,1463.11865234375,2258.79296875,1462.6591796875,1904.17236328125,1474.24462890625,1907.406982421875,1435.8837890625
1147,19.116666666666667,4.644850310423081,6.026484486772304,6.024204793356663,509.76564086500593,auto,2265.3095703125,1459.11328125,2264.1474609375,1462.83056640625,1922.242431640625,1453.88427734375,1926.22314453125,1434.37890625
1148,19.133333333333333,4.676536851582521,6.050660252303427,6.065367148397441,509.76564086500593,auto,2266.48095703125,1459.1441650390625,2273.97802734375,1466.5384521484375,1918.6142578125,1448.9525146484375,1925.37353515625,1435.1605224609375
1149,19.15,4.712349350467959,6.083490232124599,6.060699045094446,509.76564086500593,auto,2271.96044921875,1462.873291015625,2260.34228515625,1448.629638671875,1920.32177734375,1457.639404296875,1920.983154296875,1436.874755859375
1150,19.166666666666668,4.733462616094394,6.11112816229893,6.107829790754073,509.76564086500593,auto,2277.28662109375,1454.9755859375,2275.605224609375,1457.66015625,1936.296875,1456.93115234375,1935.202880859375,1432.349365234375
1151,19.183333333333334,4.775299779543289,6.125400671433282,6.112514656508653,509.76564086500593,auto,2280.235107421875,1460.8414306640625,2273.666259765625,1450.3619384765625,1938.053466796875,1454.6654052734375,1939.24267578125,1431.8809814453125
1152,19.2,4.825618743494496,6.14864109216593,6.1384533530193925,509.76564086500593,auto,2291.431396484375,1455.8248291015625,2286.238037109375,1449.2454833984375,1942.29150390625,1442.5516357421875,1946.639404296875,1425.0140380859375
1153,19.216666666666665,4.829944413857956,6.134482567702358,6.131335058221772,509.76564086500593,auto,2287.0087890625,1450.349853515625,2285.404296875,1460.636474609375,1950.3984375,1427.41748046875,1966.404296875,1416.06982421875
1154,19.233333333333334,4.845012660515436,6.1456233719533335,6.145662165055575,509.76564086500593,auto,2291.006591796875,1452.0377197265625,2291.0263671875,1463.0826416015625,1957.93798828125,1429.4376220703125,1960.728271484375,1420.0968017578125
1155,19.25,4.8866149101785386,6.169487355884964,6.169097988080991,509.76564086500593,auto,2294.96435546875,1459.18115234375,2294.765869140625,1454.23388671875,1959.845703125,1424.142578125,1968.59423828125,1413.633544921875
1156,19.266666666666666,4.915440100852318,6.178737834524273,6.188704788237068,509.76564086500593,auto,2286.98583984375,1439.0533447265625,2292.066650390625,1484.1334228515625,1964.5771484375,1408.9566650390625,1968.369140625,1412.3553466796875
1157,19.283333333333335,4.947708538545372,6.195758427864287,6.21636858047956,509.76564086500593,auto,2279.212890625,1440.765625,2289.71923828125,1484.830810546875,1955.5263671875,1402.689208984375,1958.45556640625,1408.895263671875
1158,19.3,4.96159982163795,6.234642526270989,6.237867143028869,509.76564086500593,auto,2286.953369140625,1447.8966064453125,2288.59716796875,1483.4498291015625,1966.1455078125,1410.5233154296875,1960.85693359375,1405.9451904296875
1159,19.316666666666666,4.98733018482184,6.23261714319226,6.252404498898274,509.76564086500593,auto,2278.804443359375,1442.710205078125,2288.891357421875,1493.243408203125,1963.42041015625,1406.717529296875,1962.07958984375,1402.577880859375
1160,19.333333333333332,4.998573000563893,6.2611219315771605,6.2683034447636174,509.76564086500593,auto,2288.60400390625,1455.010986328125,2292.264892578125,1486.56103515625,1962.7822265625,1411.25830078125,1965.0947265625,1394.89990234375
1161,19.35,5.040833296183528,6.296191374930168,6.285375283312765,509.76564086500593,auto,2302.9384765625,1476.96728515625,2297.4248046875,1461.34912109375,1963.741943359375,1430.84765625,1970.574951171875,1386.62646484375
1162,19.366666666666667,5.058400584908826,6.304587447465799,6.315635339842271,509.76564086500593,auto,2301.26318359375,1455.899658203125,2306.89501953125,1490.41259765625,1969.14990234375,1407.4443359375,1974.993896484375,1384.600341796875
1163,19.383333333333333,5.0771070019511635,6.322620492881583,6.363521353677625,509.76564086500593,auto,2303.919921875,1452.7607421875,2324.769775390625,1497.43994140625,1967.4931640625,1390.846435546875,1984.5908203125,1389.674560546875
1164,19.4,5.0820816186545805,6.365370491551111,6.373031889780105,509.76564086500593,auto,2319.176513671875,1469.370361328125,2323.08203125,1483.497314453125,1970.814208984375,1411.82666015625,1979.0625,1384.038330078125
1165,19.416666666666668,5.076196561366471,6.354216756266055,6.371559667603702,509.76564086500593,auto,2313.49072265625,1470.5224609375,2322.33154296875,1486.0380859375,1964.537353515625,1393.429443359375,1975.4599609375,1382.205810546875
1166,19.433333333333334,5.10047888819696,6.378346065859927,6.4307220220842805,509.76564086500593,auto,2318.412841796875,1464.3466796875,2345.1123046875,1507.14404296875,1979.9521484375,1374.132568359375,1983.642822265625,1389.68603515625
1167,19.45,4.953832481104621,6.209734132495261,6.252018458284181,526.2805437607628,auto,2329.95654296875,1473.13720703125,2352.2099609375,1502.3701171875,1981.130615234375,1391.948974609375,1987.13671875,1381.9345703125
1168,19.466666666666665,4.951388761401118,6.239499086301165,6.2526733108309624,526.6705867055937,auto,2344.409912109375,1490.105712890625,2351.34814453125,1491.666259765625,1987.63916015625,1395.09619140625,1993.1728515625,1384.681640625
1169,19.483333333333334,4.970349075676903,6.291869641912652,6.266896096088643,526.6705867055937,auto,2369.005859375,1497.4847412109375,2355.85302734375,1485.0218505859375,1995.29443359375,1411.3636474609375,1997.71435546875,1384.6009521484375
1170,19.5,4.948128349429607,6.287794069003926,6.314956056559293,526.6705867055937,auto,2364.5625,1485.1693115234375,2378.867919921875,1500.8516845703125,2009.03857421875,1392.1710205078125,2015.341796875,1391.0928955078125
1171,19.516666666666666,4.948539986001825,6.308826009227061,6.3389718983763155,526.6705867055937,auto,2369.422607421875,1485.8153076171875,2385.299560546875,1509.3236083984375,2014.0625,1389.0941162109375,2019.465087890625,1398.1905517578125
1172,19.533333333333335,4.983810472342387,6.334447140964797,6.357426010921398,526.6705867055937,auto,2375.340576171875,1496.7572021484375,2387.44287109375,1513.1976318359375,2032.001708984375,1396.8721923828125,2037.2001953125,1401.8626708984375
1173,19.55,5.010986366538707,6.376574064850053,6.370074100868462,526.6705867055937,auto,2384.21484375,1524.1917724609375,2380.79150390625,1501.5985107421875,2032.2724609375,1410.0528564453125,2044.08642578125,1399.0506591796875
1174,19.566666666666666,5.038093886417006,6.389862323835669,6.429456384848624,526.6705867055937,auto,2374.936767578125,1495.7305908203125,2395.78955078125,1528.5389404296875,2030.33447265625,1399.9661865234375,2045.424560546875,1406.5589599609375
1175,19.583333333333332,5.096036601281148,6.448495503423144,6.475130892841078,526.6705867055937,auto,2385.30029296875,1506.5057373046875,2399.328369140625,1518.3023681640625,2035.27734375,1439.5867919921875,2081.7451171875,1417.8795166015625
1176,19.6,5.100180865271561,6.448025293133106,6.456343064893562,528.917381866045,auto,2380.8984375,1508.05029296875,2385.2978515625,1524.60498046875,2018.215576171875,1437.2861328125,2045.1181640625,1412.45068359375
1177,19.616666666666667,5.124977933841448,6.502898584303088,6.490258986960325,528.917381866045,auto,2398.80615234375,1533.4820556640625,2392.120849609375,1510.6441650390625,2030.78564453125,1464.3609619140625,2054.9814453125,1415.0938720703125
1178,19.633333333333333,5.14710414640335,6.510965902987886,6.519510489757519,529.8493504787624,auto,2402.641357421875,1517.7872314453125,2407.16845703125,1530.1910400390625,2064.1435546875,1458.1387939453125,2083.5546875,1433.5645751953125
1179,19.65,5.177847927679086,6.5465199818605715,6.52638603035038,530.189251826517,auto,2418.6552734375,1540.0994873046875,2407.98046875,1521.9735107421875,2067.1875,1471.9837646484375,2089.887451171875,1431.5970458984375
1180,19.666666666666668,5.2162821882774555,6.565441452359628,6.545076504582661,530.4212940502696,auto,2419.622802734375,1542.14697265625,2408.82080078125,1529.5234375,2072.62353515625,1473.134765625,2090.638671875,1436.97314453125
1181,19.683333333333334,5.247270319760938,6.602923334352404,6.57676404351859,529.8069847553138,auto,2419.234375,1552.901123046875,2405.375,1520.849853515625,2069.666015625,1488.286865234375,2101.2109375,1448.509765625
1182,19.7,5.272191263016393,6.616230247746994,6.5811137837550895,530.2111462387617,auto,2408.62451171875,1554.8868408203125,2390.00537109375,1526.0889892578125,2049.199462890625,1496.3614501953125,2077.2265625,1443.1326904296875
1183,19.716666666666665,5.287978041951942,6.650564879182203,6.611389018697508,529.9121798003737,auto,2407.051513671875,1570.2196044921875,2386.29150390625,1515.7799072265625,2057.930419921875,1509.7239990234375,2071.115478515625,1446.3580322265625
1184,19.733333333333334,5.328552624415783,6.6417816542349355,6.665863198584702,530.7487682003124,auto,2392.99462890625,1524.8743896484375,2405.77587890625,1576.9671630859375,2093.037109375,1470.6783447265625,2087.058837890625,1479.0601806640625
1185,19.75,5.321688288660469,6.676169505768897,6.6639695385223465,531.3875050019484,auto,2405.75439453125,1543.40673828125,2399.271484375,1551.97412109375,2075.841064453125,1491.81787109375,2081.0302734375,1467.490234375
1186,19.766666666666666,5.344050568074684,6.674445008365116,6.662701016654364,531.6049445763749,auto,2399.244384765625,1534.7435302734375,2393.0009765625,1585.4388427734375,2073.5380859375,1478.3524169921875,2066.388671875,1473.6473388671875
1187,19.783333333333335,5.380340664747529,6.685419645817915,6.696172030786222,532.3128616925981,auto,2402.71044921875,1575.14599609375,2408.43408203125,1552.114501953125,2063.375244140625,1529.223388671875,2078.94482421875,1466.983154296875
1188,19.8,5.396517534256557,6.729279653366096,6.728441666305017,532.2813950132708,auto,2416.404541015625,1548.2408447265625,2415.95849609375,1574.7982177734375,2079.81298828125,1492.1590576171875,2078.163330078125,1508.3494873046875
1189,19.816666666666666,5.42265153905472,6.743225005640367,6.727512862912193,532.2813950132708,auto,2412.916748046875,1570.8634033203125,2404.553466796875,1559.5579833984375,2044.861572265625,1533.0479736328125,2052.811767578125,1478.3946533203125
1190,19.833333333333332,5.448454614214792,6.762987919985848,6.756361327331079,532.7802329276399,auto,2416.357421875,1558.0528564453125,2412.826904296875,1575.9049072265625,2059.798095703125,1502.5877685546875,2068.24072265625,1501.6719970703125
1191,19.85,5.457893335803159,6.7929050313340795,6.782529820521345,532.8628548288777,auto,2423.378173828125,1562.7122802734375,2417.849609375,1580.8143310546875,2075.126708984375,1518.9732666015625,2086.7587890625,1510.8675537109375
1192,19.866666666666667,5.464263467066802,6.819422261488957,6.8104561370087415,533.1482345630977,auto,2431.50048828125,1556.7320556640625,2426.72021484375,1592.1429443359375,2081.279296875,1488.4090576171875,2089.3427734375,1524.2664794921875
1193,19.883333333333333,5.503641376125278,6.840536614586928,6.8438144245475705,533.1482345630977,auto,2435.763427734375,1562.36279296875,2437.510986328125,1594.17041015625,2095.843994140625,1499.87744140625,2107.762939453125,1524.537109375
1194,19.9,5.514650064356464,6.863060911365929,6.85508664723424,533.1482345630977,auto,2437.90283203125,1568.7874755859375,2433.6513671875,1590.7467041015625,2095.8115234375,1524.8521728515625,2105.01123046875,1512.6177978515625
1195,19.916666666666668,5.52912453977501,6.906095103412775,6.886904483151444,533.1482345630977,auto,2453.12939453125,1570.671142578125,2442.89794921875,1588.78369140625,2102.96533203125,1548.4990234375,2091.96728515625,1506.6259765625
1196,19.933333333333334,5.548084596007957,6.923352832385497,6.92112183348521,533.1482345630977,auto,2453.2216796875,1565.9049072265625,2452.0322265625,1593.9542236328125,2111.52490234375,1548.5885009765625,2112.27685546875,1512.3223876953125
1197,19.95,5.572329994873725,6.936320284532114,6.928241156125349,533.1482345630977,auto,2452.208984375,1570.7607421875,2447.901611328125,1598.7490234375,2120.8349609375,1537.11865234375,2109.695068359375,1527.813720703125
1198,19.966666666666665,5.597264338289058,6.963334512390202,6.9466084315544325,533.1482345630977,auto,2460.31787109375,1575.956787109375,2451.400390625,1597.617919921875,2123.8056640625,1554.7099609375,2121.64404296875,1521.37939453125
1199,19.983333333333334,5.608858938485129,6.981729721097799,6.959431180159897,533.1482345630977,auto,2461.943603515625,1574.7196044921875,2450.05517578125,1595.1329345703125,2119.32666015625,1540.1038818359375,2102.29736328125,1523.1302490234375
1200,20.0,5.633141200120083,7.017696335758145,7.012268579197165,533.1482345630977,auto,2476.173095703125,1568.6202392578125,2473.279296875,1600.7105712890625,2150.3349609375,1538.8677978515625,2126.3876953125,1531.6915283203125
1201,20.016666666666666,5.64616955597231,7.030942204844699,7.028739597145524,533.1482345630977,auto,2478.2890625,1572.840576171875,2477.11474609375,1599.496826171875,2137.56494140625,1535.885986328125,2123.01806640625,1529.875244140625
1202,20.033333333333335,5.6818069242842775,7.0362911987187235,7.046084789334575,533.1482345630977,auto,2481.140869140625,1550.5118408203125,2486.3623046875,1620.5950927734375,2169.989013671875,1514.9361572265625,2155.92724609375,1559.5413818359375
1203,20.05,5.708066037777305,7.040019604516369,7.0593943096623315,533.1482345630977,auto,2483.128662109375,1552.2835693359375,2493.458251953125,1626.9652099609375,2174.7939453125,1523.7540283203125,2160.380859375,1546.8441162109375
1207,20.116666666666667,5.777556822437817,7.096616548087987,7.185959078761532,533.1482345630977,auto,2501.25439453125,1569.252685546875,2548.88720703125,1686.153564453125,2183.83837890625,1516.156494140625,2173.5244140625,1550.095458984375
1209,20.15,5.822488187810584,7.110840081922511,7.2421100057221315,533.1482345630977,auto,2493.882568359375,1557.746826171875,2563.868896484375,1698.269775390625,2174.906005859375,1513.37158203125,2167.045654296875,1565.848388671875
1210,20.166666666666668,5.834675110887919,7.1292412436238894,7.269303281316265,533.1482345630977,auto,2500.195556640625,1556.1817626953125,2574.86962890625,1704.1912841796875,2194.59423828125,1514.4573974609375,2184.632080078125,1578.1434326171875
1211,20.183333333333334,5.850675040962988,7.132591863277707,7.284953244045369,533.1482345630977,auto,2500.45166015625,1555.177734375,2581.682861328125,1711.108642578125,2200.310546875,1525.088623046875,2208.630615234375,1585.699951171875
1212,20.2,5.869741564200106,7.153016584942215,7.317088420323389,533.1482345630977,auto,2511.17578125,1551.80859375,2598.650390625,1721.373046875,2200.51025390625,1520.52294921875,2198.2392578125,1572.144287109375
1213,20.216666666666665,5.890410816532255,7.157970849536262,7.33729883421176,533.1482345630977,auto,2510.79736328125,1547.6796875,2606.40576171875,1726.08056640625,2221.82421875,1526.20654296875,2210.9775390625,1577.23291015625
1214,20.233333333333334,5.90670587772211,7.127284998282751,7.341711834294285,533.1482345630977,auto,2487.74951171875,1548.4808349609375,2602.07080078125,1732.7225341796875,2208.1787109375,1520.6317138671875,2218.51806640625,1581.0013427734375
1215,20.25,5.91563823041068,7.117087062012353,7.347134553706681,533.1482345630977,auto,2472.55029296875,1547.6590576171875,2595.19970703125,1743.8643798828125,2204.426025390625,1517.6981201171875,2205.47998046875,1581.9674072265625
1216,20.266666666666666,5.956090196924128,7.109159505985719,7.332218640903102,533.1482345630977,auto,2456.7568359375,1551.67236328125,2575.680419921875,1757.877685546875,2206.40380859375,1511.8056640625,2198.430908203125,1574.845947265625
1217,20.283333333333335,5.987566880505388,7.113885725125673,7.319181584521502,533.1482345630977,auto,2447.494873046875,1561.00244140625,2556.947998046875,1768.09033203125,2214.88623046875,1506.673828125,2212.38525390625,1582.075439453125
1218,20.3,5.992760180695895,7.1202764929114695,7.285755982360681,533.1482345630977,auto,2441.13330078125,1570.7452392578125,2529.3583984375,1778.0948486328125,2193.10986328125,1508.1693115234375,2194.4482421875,1571.5386962890625
1219,20.316666666666666,6.010590770839442,7.262459628080472,7.2490324216448805,533.1482345630977,auto,2510.431640625,1788.58642578125,2503.27294921875,1791.16162109375,2203.50390625,1537.572021484375,2204.62353515625,1559.51171875
1220,20.333333333333332,6.039011278997772,7.0702035726018355,7.203661450577476,533.1482345630977,auto,2402.7783203125,1614.78125,2473.93115234375,1794.0869140625,2165.3857421875,1527.6796875,2199.3125,1553.7490234375
1221,20.35,6.066416458274398,6.980768999485976,7.179026588541615,533.1482345630977,auto,2353.4853515625,1605.8118896484375,2459.18603515625,1817.1453857421875,2168.91064453125,1530.4324951171875,2199.331298828125,1548.1085205078125
1222,20.366666666666667,6.1002055364978425,6.99574764768556,7.1384564779977335,533.1482345630977,auto,2361.456787109375,1604.287841796875,2437.54150390625,1827.809814453125,2210.390625,1517.215576171875,2246.591796875,1567.281494140625
1223,20.383333333333333,6.102813520177412,6.928275500320242,7.099706151860613,533.1482345630977,auto,2330.09375,1545.1419677734375,2421.49169921875,1838.8692626953125,2235.4638671875,1509.3011474609375,2274.4541015625,1582.3453369140625
1224,20.4,6.208143365840362,7.058656984583408,7.179198302455301,525.4171248032935,auto,2348.87451171875,1604.927978515625,2412.208740234375,1860.583984375,2244.7265625,1501.46337890625,2285.2880859375,1569.290771484375
1225,20.416666666666668,6.239812229952343,7.082855400734804,7.1445080761487505,524.7706674166709,auto,2358.404296875,1621.9873046875,2390.7578125,1862.8740234375,2247.9501953125,1498.4931640625,2288.36669921875,1541.12548828125
1226,20.433333333333334,6.254093920085415,7.062001924087737,7.118131418298487,524.1959147542932,auto,2340.501953125,1636.669189453125,2369.9248046875,1857.854736328125,2262.303955078125,1491.381103515625,2301.7548828125,1539.058349609375
1228,20.466666666666665,6.341148381377052,7.070499826118838,7.054103864132384,523.6021493946043,auto,2326.889892578125,1615.67138671875,2318.30517578125,1841.80078125,2289.0859375,1476.60302734375,2311.34619140625,1541.86181640625
1229,20.483333333333334,6.386049028122254,7.154076770250333,7.046066040893166,522.7797335372152,auto,2353.50927734375,1612.652099609375,2297.04345703125,1831.4716796875,2286.510498046875,1469.840576171875,2312.67041015625,1538.41748046875
1230,20.5,6.408960732217403,7.160291542480731,7.020990266524351,522.5192458326243,auto,2346.5849609375,1601.709228515625,2273.79736328125,1815.17578125,2301.953125,1465.475341796875,2314.42529296875,1542.86474609375
1231,20.516666666666666,6.434548586607821,7.267205837597892,6.989583145362169,522.122755285881,auto,2391.749267578125,1627.2591552734375,2246.796142578125,1809.7008056640625,2302.78515625,1465.1253662109375,2327.25732421875,1523.5003662109375
1232,20.533333333333335,6.47217122232257,7.2768871491913085,6.950012909443349,521.4482431478879,auto,2387.61767578125,1583.4716796875,2217.169677734375,1782.615234375,2304.5927734375,1451.109375,2337.66552734375,1524.47900390625
1233,20.55,6.516066719306173,7.35513727943411,6.913520250863718,520.4887370335784,auto,2418.726806640625,1593.0926513671875,2188.8701171875,1775.7169189453125,2322.80517578125,1450.5521240234375,2348.6494140625,1519.1473388671875
1234,20.566666666666666,6.549216470898498,7.328031174310614,6.878453932282343,519.8166901240843,auto,2397.8408203125,1588.7044677734375,2164.14306640625,1764.9373779296875,2341.837890625,1443.0484619140625,2355.67919921875,1519.6168212890625
1235,20.583333333333332,6.584367836278498,7.171758964713591,6.854307014754756,518.7531506424973,auto,2306.7109375,1551.3441162109375,2142.03173828125,1735.2371826171875,2355.294921875,1441.8031005859375,2365.793701171875,1520.1365966796875
1236,20.6,6.608602997770508,7.309578685727513,6.830826770230493,517.9569885024679,auto,2367.0751953125,1562.5626220703125,2119.102294921875,1713.4488525390625,2361.9208984375,1444.6436767578125,2363.64306640625,1512.5748291015625
1237,20.616666666666667,6.653186315831722,7.287830833670032,6.816478430939892,517.0046972042676,auto,2339.1142578125,1565.4228515625,2095.4228515625,1686.604736328125,2375.9404296875,1446.936279296875,2370.753173828125,1513.349609375
1238,20.633333333333333,6.731325183262064,7.271784400187391,6.811376763599768,516.5058173638524,auto,2312.150390625,1552.421630859375,2074.34716796875,1660.75537109375,2384.208984375,1438.04833984375,2372.0615234375,1510.77783203125
1239,20.65,6.7600250180010875,7.251755912676266,6.824297889857093,515.6190919625411,auto,2279.5458984375,1558.7967529296875,2059.140380859375,1639.1219482421875,2374.76123046875,1462.2784423828125,2381.9052734375,1492.8714599609375
1240,20.666666666666668,6.803839107736389,7.284422665146853,6.805761567004032,515.4682929069063,auto,2279.7255859375,1547.5673828125,2032.990966796875,1623.885986328125,2372.8642578125,1426.507080078125,2382.681640625,1497.181884765625
1241,20.683333333333334,6.847846323988204,7.319122239833245,6.841903371764806,515.2084377869556,auto,2283.80517578125,1546.6304931640625,2037.938232421875,1592.1173095703125,2376.294921875,1438.2938232421875,2392.23193359375,1493.8472900390625
1242,20.7,6.880027401041796,7.368022153721942,6.855416695436589,514.4873111347946,auto,2293.067138671875,1549.173095703125,2029.338134765625,1575.403564453125,2381.9267578125,1429.777099609375,2385.42529296875,1492.9853515625
1243,20.716666666666665,6.9064971144388245,7.383735288286141,6.895566901059512,514.0478185342869,auto,2290.3232421875,1555.895751953125,2039.38134765625,1558.860595703125,2374.361572265625,1422.87890625,2395.62109375,1485.6064453125
1244,20.733333333333334,6.950869814039062,7.407251746633939,6.930209334360505,513.6154587475862,auto,2291.40478515625,1559.17529296875,2046.388427734375,1542.79150390625,2387.72705078125,1428.59716796875,2400.92822265625,1482.254150390625
1245,20.75,6.980851058818104,7.4419386899004545,6.9423588401029805,513.1763394734221,auto,2296.619384765625,1562.6060791015625,2040.246826171875,1538.2237548828125,2406.95361328125,1454.7315673828125,2399.15185546875,1470.4234619140625
1246,20.766666666666666,7.015876108983179,7.4334816294251365,6.94181102695051,512.4469042014821,auto,2278.00048828125,1556.1761474609375,2026.04541015625,1535.3297119140625,2414.224609375,1452.5408935546875,2390.4716796875,1468.4578857421875
1247,20.783333333333335,7.061658894444077,,6.979736394726533,512.2095512354156,auto,,,2034.03857421875,1536.915771484375,2404.73291015625,1415.6591796875,2412.087890625,1473.277587890625
1248,20.8,7.09951738591342,7.506612645830966,7.016962217202838,511.93349862586064,auto,2291.40576171875,1540.702880859375,2040.7373046875,1532.68212890625,2412.196044921875,1426.71435546875,2421.447998046875,1479.6552734375
1249,20.816666666666666,7.138627717982625,7.548567010275953,7.061787306869489,511.4768770301486,auto,2299.674560546875,1547.2166748046875,2050.697998046875,1526.9549560546875,2428.2841796875,1441.5179443359375,2415.158447265625,1470.6492919921875
1250,20.833333333333332,7.177896653808186,7.536425607675044,7.121712939230786,511.2532350524842,auto,2280.299072265625,1556.37939453125,2068.27587890625,1518.18798828125,2412.71240234375,1418.89453125,2442.07275390625,1473.11572265625
1251,20.85,7.208924966452976,7.569017451894488,7.1628862180207165,511.1001399445812,auto,2286.04345703125,1562.61865234375,2078.4697265625,1518.153076171875,2406.95361328125,1414.8935546875,2442.8486328125,1473.058349609375
1252,20.866666666666667,7.247558184244458,7.535179638559213,7.208734504695127,510.56328046505115,auto,2255.848876953125,1544.27001953125,2089.177978515625,1515.5126953125,2420.974609375,1415.971923828125,2433.91845703125,1468.16259765625
1253,20.883333333333333,7.278946475602059,7.587503895452223,7.205989205545797,509.88934000211685,auto,2272.330078125,1545.3052978515625,2077.7998046875,1517.1541748046875,2454.15283203125,1452.0989990234375,2426.23486328125,1461.0350341796875
1254,20.9,7.320528827702663,7.423439502807837,7.267730582405309,508.79001875067826,auto,2177.35986328125,1546.147705078125,2098.13671875,1512.978759765625,2440.890625,1425.403564453125,2461.26806640625,1456.958251953125
1255,20.916666666666668,7.360440051280794,7.866868946163454,7.303682429064751,507.6477897550479,auto,2392.08740234375,1541.8092041015625,2106.187255859375,1510.1094970703125,2457.38916015625,1417.8946533203125,2470.2421875,1461.0968017578125
1256,20.933333333333334,7.402544401818125,7.372816045398889,7.356815059698661,506.48430032406213,auto,2130.943115234375,1514.3304443359375,2122.8388671875,1507.8546142578125,2472.57373046875,1432.8131103515625,2482.19140625,1453.2198486328125
1257,20.95,7.430245475009522,7.546043397710867,7.396044144666139,505.6405387724418,auto,2208.552001953125,1551.734619140625,2132.70654296875,1504.120849609375,2481.89892578125,1441.520751953125,2490.337646484375,1453.865478515625
1258,20.966666666666665,7.47359669190394,7.606469395595989,7.457528740078291,504.37913229691577,auto,2226.018310546875,1553.5145263671875,2150.895751953125,1510.1942138671875,2491.306640625,1435.3055419921875,2504.69775390625,1448.5279541015625
1259,20.983333333333334,7.52881268038551,7.5593558728204355,7.509940449126868,503.1037300933126,auto,2190.366455078125,1540.131591796875,2165.50537109375,1504.60595703125,2503.2548828125,1449.96728515625,2513.32421875,1446.28955078125
1260,21.0,7.557533560293283,7.836309249642953,7.498932093613625,501.90577501349935,auto,2323.919189453125,1542.076171875,2154.587646484375,1490.882568359375,2509.23583984375,1410.7412109375,2541.7666015625,1443.67724609375
1261,21.016666666666666,7.611285033754981,7.660453370864954,7.565120871531687,500.4124169605501,auto,2229.6044921875,1544.455810546875,2181.89892578125,1505.481201171875,2532.86328125,1424.89501953125,2543.0673828125,1443.982177734375
1262,21.033333333333335,7.636765513281589,,7.600568189330123,499.3521232543214,auto,,,2197.9248046875,1507.944091796875,2558.867431640625,1432.200439453125,2553.7919921875,1444.32958984375
1263,21.05,7.682980884857373,7.7800962732606544,7.665926177520534,498.3612289181566,auto,2281.398681640625,1522.736083984375,2224.50048828125,1510.480224609375,2568.554443359375,1426.453857421875,2579.93017578125,1447.6865234375
1264,21.066666666666666,7.741725329866083,7.719938517415344,7.7218853138471,497.23615799527886,auto,2235.166748046875,1535.0963134765625,2236.134765625,1513.9832763671875,2574.55712890625,1441.7022705078125,2590.440185546875,1448.0977783203125
1265,21.083333333333332,7.76035128432479,,7.738120647683565,496.8903289979253,auto,,,2225.953857421875,1518.793212890625,2582.80126953125,1440.145751953125,2586.27197265625,1448.618896484375
1266,21.1,7.788365349013558,,7.840721788430662,496.81577694252644,auto,,,2255.011474609375,1507.7906494140625,2563.79541015625,1415.0416259765625,2594.45751953125,1447.1202392578125
1267,21.116666666666667,7.80582782221801,7.888311468612726,7.897643849664416,497.1559146376723,auto,2259.00732421875,1515.2977294921875,2263.646728515625,1506.3560791015625,2552.57666015625,1434.0460205078125,2575.10888671875,1443.0013427734375
1268,21.133333333333333,7.825490644705288,7.992536533639592,7.868626346485236,497.22962914662924,auto,2293.06005859375,1544.8043212890625,2231.448486328125,1518.1895751953125,2535.3828125,1453.9468994140625,2577.537841796875,1438.2921142578125
1269,21.15,7.8495057973094005,,7.914033644361133,497.0203832730584,auto,,,2236.07177734375,1519.30712890625,2533.366455078125,1459.58984375,2572.418701171875,1437.65234375
1270,21.166666666666668,7.884462921856681,,7.958647876918617,496.49313848395633,auto,,,2242.832275390625,1513.5966796875,2534.317138671875,1476.965576171875,2567.90234375,1436.412841796875
1271,21.183333333333334,7.9156249347235415,,8.032025810594545,495.7142132457895,auto,,,2262.701416015625,1511.561279296875,2531.72314453125,1471.5166015625,2567.77099609375,1432.081787109375
1272,21.2,7.960269481270629,8.113001780885881,8.059011218058128,494.6701447890944,auto,2286.55224609375,1515.323974609375,2259.8447265625,1517.174072265625,2534.73583984375,1453.30712890625,2570.333984375,1433.039306640625
1273,21.216666666666665,7.994824016866908,8.065984961548128,8.14292961291743,493.4426599097995,auto,2246.114013671875,1518.82373046875,2284.08154296875,1497.878662109375,2538.18505859375,1467.038330078125,2582.01318359375,1419.379638671875
1274,21.233333333333334,8.04876705842011,8.13304703692268,8.179562781947237,491.91592922826413,auto,2262.458740234375,1526.46533203125,2285.340576171875,1506.64501953125,2542.58544921875,1463.757080078125,2583.19677734375,1415.113037109375
1275,21.25,8.090076244979942,8.187097550925635,8.21682079407504,490.5114078724658,auto,2273.590087890625,1521.985107421875,2288.169677734375,1509.219482421875,2540.3056640625,1466.492431640625,2593.36376953125,1414.95166015625
1276,21.266666666666666,8.125796783746033,8.186201479008773,8.273767459440247,489.20700041179725,auto,2257.550537109375,1527.741943359375,2300.38818359375,1501.242919921875,2553.44140625,1471.1337890625,2596.029296875,1409.643798828125
1277,21.283333333333335,8.17208596764942,8.247364216780491,8.3363741904795,488.0921379247535,auto,2273.74267578125,1533.114990234375,2317.187744140625,1509.214111328125,2565.91845703125,1476.062255859375,2600.294189453125,1413.113037109375
1278,21.3,8.21745447876518,8.324568162043024,8.368455888657065,487.038214304797,auto,2296.16845703125,1528.2529296875,2317.54345703125,1509.04248046875,2570.26416015625,1467.152587890625,2607.64453125,1413.179443359375
1279,21.316666666666666,8.25711339134881,8.344427878008231,8.42358235285572,486.1562834779017,auto,2293.448486328125,1537.423583984375,2331.929931640625,1510.419677734375,2555.97314453125,1464.72216796875,2590.291015625,1411.8125
1280,21.333333333333332,8.285532153630006,8.342672936323678,8.462708653899423,485.5529052798153,auto,2281.744873046875,1526.705078125,2340.028564453125,1512.26416015625,2578.00830078125,1460.902587890625,2610.03173828125,1408.293701171875
1281,21.35,8.317642885483606,8.433380124158544,8.507443313988892,484.72649783563213,auto,2313.10107421875,1531.32861328125,2349.00146484375,1517.89990234375,2585.61083984375,1459.363037109375,2626.41357421875,1423.645751953125
1282,21.366666666666667,8.352882002328155,8.51539885133384,8.553158670137961,484.17145901412385,auto,2341.685791015625,1531.5810546875,2359.96826171875,1512.57177734375,2589.575439453125,1464.285888671875,2618.06103515625,1412.461181640625
1283,21.383333333333333,8.386460571529112,8.48381908478544,8.58318903162464,483.84437521690313,auto,2315.1064453125,1540.32861328125,2363.185791015625,1524.43798828125,2579.055419921875,1480.9775390625,2613.72998046875,1416.122314453125
1284,21.4,8.39217634179895,8.528097129337755,8.626113274983043,483.727304571676,auto,2323.748779296875,1540.282470703125,2371.161865234375,1530.82861328125,2587.41357421875,1468.14306640625,2612.53759765625,1418.29345703125
1285,21.416666666666668,8.420406231213988,8.56580283658229,8.667670462375934,483.9978408584483,auto,2329.371826171875,1537.4521484375,2378.67529296875,1527.6015625,2586.4658203125,1456.598388671875,2642.75634765625,1421.144287109375
1286,21.433333333333334,8.438318162646368,8.618548013656088,8.688520315562808,484.1201314937345,auto,2338.2529296875,1538.564208984375,2372.1279296875,1536.43115234375,2581.5234375,1468.30322265625,2620.615478515625,1407.017578125
1287,21.45,8.471233220767395,8.680899279062093,8.716130204735421,484.1383046007506,auto,2353.507080078125,1532.894775390625,2370.56396484375,1524.41796875,2574.20166015625,1452.095703125,2597.08935546875,1417.61376953125
1288,21.466666666666665,8.480887165086525,8.723824559309257,8.773258021421682,483.94044317780026,auto,2360.5673828125,1528.8173828125,2384.490234375,1510.457275390625,2564.541015625,1438.3662109375,2606.322998046875,1418.03759765625
1289,21.483333333333334,8.508166564424576,8.791877572766992,8.809535037066622,483.3185299249636,auto,2377.123046875,1527.979248046875,2385.656982421875,1512.730224609375,2560.124755859375,1437.310791015625,2594.326416015625,1411.37060546875
1290,21.5,8.548505773885083,8.829122279119638,8.851173340737022,482.7440835255642,auto,2378.466064453125,1519.3211669921875,2389.11083984375,1511.5726318359375,2557.736328125,1429.5858154296875,2590.662353515625,1410.0684814453125
1291,21.516666666666666,8.57294267801436,8.85542209033005,8.877274476251108,482.4853940132181,auto,2375.292236328125,1521.1602783203125,2385.8359375,1512.1766357421875,2551.653564453125,1423.2261962890625,2591.23779296875,1407.6656494140625
1292,21.533333333333335,8.584409468915254,8.892650745544557,8.91516909298631,482.80942198898117,auto,2379.82177734375,1526.6783447265625,2390.69384765625,1512.0235595703125,2540.7646484375,1403.5115966796875,2580.8203125,1402.7093505859375
1293,21.55,8.579635565681,8.879427605795556,8.963803935877568,483.57455288811826,auto,2359.9716796875,1538.1114501953125,2400.77392578125,1517.7301025390625,2518.01171875,1440.1226806640625,2564.466796875,1396.1768798828125
1294,21.566666666666666,8.588686618119231,8.872160203422332,8.981387444688885,484.6189754149697,auto,2345.376953125,1536.9117431640625,2398.31005859375,1524.2657470703125,2505.46728515625,1435.0745849609375,2565.13818359375,1398.9376220703125
1295,21.583333333333332,8.579489863859552,8.909017316312024,9.000611578430666,485.9395808669427,auto,2354.13037109375,1537.8887939453125,2398.6396484375,1524.2965087890625,2489.31591796875,1435.4739990234375,2543.4296875,1392.3797607421875
1296,21.6,8.587979405301912,8.967031152338556,9.014023626067855,487.1749212305584,auto,2374.664794921875,1539.3126220703125,2397.558349609375,1517.7650146484375,2503.021484375,1415.2760009765625,2543.235107421875,1390.9158935546875
1297,21.616666666666667,8.583860629564608,8.971599299384199,9.01554194970588,488.7740540572836,auto,2371.516357421875,1535.6153564453125,2392.99462890625,1524.9796142578125,2492.43701171875,1408.8397216796875,2534.95849609375,1391.3492431640625
1298,21.633333333333333,8.569481361928597,8.997860711725062,9.017467967272506,490.7402919912719,auto,2381.22314453125,1543.7615966796875,2390.84521484375,1530.2381591796875,2481.21435546875,1405.5738525390625,2525.522216796875,1388.4747314453125
1299,21.65,8.558607758221083,9.006892773230412,9.022813034068653,492.5977806476879,auto,2380.82421875,1540.7314453125,2388.66650390625,1526.9111328125,2466.794189453125,1399.93505859375,2513.5869140625,1388.563720703125
1300,21.666666666666668,8.536281368425039,8.985162384068152,9.024912141824737,494.49986891411635,auto,2366.9716796875,1543.2109375,2386.6279296875,1530.94287109375,2447.055419921875,1393.88134765625,2493.642333984375,1386.140625
1301,21.683333333333334,8.538291495594425,9.011001364103318,9.04108003368668,495.1209056546365,auto,2369.048828125,1541.6162109375,2383.94140625,1533.6455078125,2443.176513671875,1380.1845703125,2489.3681640625,1391.058349609375
1302,21.7,8.537803741867872,9.023163486770631,9.05656414479692,495.7418939386782,auto,2367.61328125,1538.045654296875,2384.17138671875,1537.240478515625,2432.14892578125,1370.142578125,2481.404052734375,1383.042236328125
1303,21.716666666666665,8.54608752249401,9.028200920223586,9.07741354903827,496.1926623438846,auto,2361.22119140625,1533.765869140625,2385.64013671875,1536.196044921875,2420.09619140625,1362.96337890625,2474.73193359375,1383.406005859375
1304,21.733333333333334,8.546257320341075,9.068909838209656,9.091953029880385,496.94382786155813,auto,2373.72900390625,1526.1121826171875,2385.18017578125,1536.3651123046875,2431.098876953125,1374.8011474609375,2469.060546875,1381.1429443359375
1305,21.75,8.561457892909111,9.06571675146399,9.136211282787256,497.13657922686554,auto,2360.685302734375,1533.11474609375,2395.73095703125,1548.3837890625,2429.85986328125,1370.40283203125,2458.198974609375,1381.119140625
1306,21.766666666666666,8.567205341185728,9.14773381370954,9.14785562775512,497.04346252929474,auto,2389.548095703125,1534.016357421875,2389.6083984375,1545.35791015625,2407.24365234375,1372.190185546875,2451.44091796875,1376.404541015625
1307,21.783333333333335,8.594803299758231,9.172442210633315,9.214421743242518,495.89363002903485,auto,2382.447265625,1528.069580078125,2403.26513671875,1550.661865234375,2402.5224609375,1363.01220703125,2449.4453125,1377.936767578125
1308,21.8,8.628175903994892,9.249330145684025,9.250794202822746,494.265417217347,auto,2398.014892578125,1537.63330078125,2398.738525390625,1542.044921875,2396.2958984375,1359.72607421875,2444.037841796875,1373.882568359375
1309,21.816666666666666,8.661489290517519,9.284781715462074,9.310503959902652,492.64266301775007,auto,2395.060546875,1531.1470947265625,2407.732421875,1541.4776611328125,2399.052001953125,1342.9329833984375,2431.4345703125,1378.3475341796875
1310,21.833333333333332,8.695253588926436,9.352065640623461,9.375695009770373,490.8773070340594,auto,2406.4140625,1531.74365234375,2418.01318359375,1543.0634765625,2395.271728515625,1336.554931640625,2431.80224609375,1381.203369140625
1311,21.85,8.73779447957616,9.428875397869115,9.442950851207163,488.47366519019135,auto,2417.57470703125,1538.0989990234375,2424.4501953125,1541.5638427734375,2389.302734375,1342.7374267578125,2419.45068359375,1371.9244384765625
1312,21.866666666666667,8.782987230952262,9.503721571030344,9.528940342581127,486.2914059990662,auto,2429.486572265625,1536.534423828125,2441.750244140625,1544.890869140625,2392.72412109375,1343.757568359375,2422.94189453125,1372.083251953125
1313,21.883333333333333,8.817015558879561,9.552534475707107,9.58413788976994,484.5513377780686,auto,2430.396484375,1531.324951171875,2445.71044921875,1542.74560546875,2397.6826171875,1340.5205078125,2419.38330078125,1374.07470703125
1314,21.9,8.839682131714298,9.597235413754225,9.635140613628886,482.88126689805296,auto,2429.80859375,1521.5113525390625,2448.11181640625,1538.6097412109375,2401.150146484375,1344.7117919921875,2414.867431640625,1378.2862548828125
1315,21.916666666666668,8.858752461554959,9.63706939983788,9.676779242623228,480.95463172035187,auto,2426.33544921875,1529.13720703125,2445.43359375,1538.069091796875,2399.323486328125,1348.223388671875,2412.8125,1377.171142578125
1316,21.933333333333334,8.915532579811428,9.730567343561349,9.750918706714083,477.49987873389057,auto,2439.17919921875,1532.19482421875,2448.896484375,1538.185546875,2384.98291015625,1348.444580078125,2405.0947265625,1373.8232421875
1317,21.95,8.98181489922822,9.841957691819811,9.859159712243326,473.23656172807614,auto,2456.05126953125,1526.851318359375,2464.19140625,1534.567138671875,2396.30078125,1348.252197265625,2412.082763671875,1379.353271484375
1318,21.966666666666665,18.1059674590456,19.8915349872201,20.0511158696224,234.6784573987335,auto,2468.0341796875,1519.3037109375,2505.484375,1521.007568359375,2386.69189453125,1349.13671875,2407.487548828125,1387.5830078125
1319,21.983333333333334,9.132630097388057,10.05464763538854,10.11434118596112,465.4632867953954,auto,2484.1650390625,1517.906982421875,2511.95068359375,1526.04345703125,2390.055419921875,1355.896484375,2409.52392578125,1381.3427734375
1320,22.0,9.166988469633322,10.167195030638366,10.177601315405234,463.7278050581687,auto,2514.823486328125,1509.3828125,2519.649169921875,1522.4580078125,2383.42041015625,1360.810302734375,2402.61669921875,1380.08447265625
1321,22.016666666666666,9.17726436911633,10.216284853164316,10.238017996567738,463.27211798612495,auto,2524.34912109375,1498.861328125,2534.41748046875,1513.822998046875,2377.831298828125,1372.1455078125,2397.26611328125,1387.199462890625
1322,22.033333333333335,9.182111490150326,10.178455154441567,10.226680776901631,463.80298188006344,auto,2499.107421875,1502.01416015625,2521.47412109375,1513.1748046875,2371.431884765625,1371.006103515625,2384.35009765625,1387.22509765625
1323,22.05,9.201761083065055,10.300028561943012,10.166138121413947,463.06881982206386,auto,2538.57373046875,1487.233642578125,2476.572998046875,1504.322021484375,2366.927734375,1393.085693359375,2374.886474609375,1381.76318359375
1324,22.066666666666666,9.210247564647846,10.309446525595408,10.334652567445616,462.0900420112386,auto,2525.9287109375,1480.6416015625,2537.57666015625,1479.1416015625,2352.192626953125,1371.87060546875,2363.95751953125,1388.88330078125
1325,22.083333333333332,9.227711503244665,10.379053869901252,10.400090432958471,460.0435132239494,auto,2533.667236328125,1467.139892578125,2543.34521484375,1469.58935546875,2346.9619140625,1389.870361328125,2355.053955078125,1378.09228515625
1326,22.1,9.277469697645937,10.463245028212624,10.472234993905294,457.37843133295684,auto,2544.34814453125,1460.209228515625,2548.460205078125,1460.052490234375,2340.40576171875,1379.388427734375,2349.475341796875,1381.149658203125
1327,22.116666666666667,9.330844554185887,10.539493533893296,10.556698097841538,454.6054806172063,auto,2548.45849609375,1447.98388671875,2556.280029296875,1445.852783203125,2334.984375,1385.77001953125,2342.7958984375,1379.071533203125
1328,22.133333333333333,9.369161909261884,10.600065833936664,10.629804655418106,452.6714036365079,auto,2552.195068359375,1433.789306640625,2565.6572265625,1428.66357421875,2322.85400390625,1376.827880859375,2338.3623046875,1381.803466796875
1329,22.15,9.38837610221013,10.66492362614826,10.670457972612335,451.37161021926283,auto,2562.197265625,1421.474853515625,2564.695556640625,1422.60693359375,2309.91064453125,1373.891357421875,2329.500732421875,1377.396484375
1330,22.166666666666668,9.399927213739222,10.701376068572767,10.69266926519834,450.2136669944457,auto,2558.93017578125,1415.4234619140625,2555.01025390625,1421.1812744140625,2314.996337890625,1387.2076416015625,2313.69287109375,1371.2064208984375
1331,22.183333333333334,9.404771464846082,10.755673501257826,10.743602018775007,449.22830068451304,auto,2563.86328125,1404.89453125,2558.4404296875,1410.168212890625,2297.635009765625,1374.920654296875,2304.419189453125,1373.189697265625
1332,22.2,9.417237997389028,10.785124693365422,10.782471436130518,448.2992110048831,auto,2559.22216796875,1399.435791015625,2558.033203125,1399.733154296875,2289.54443359375,1379.26611328125,2293.67578125,1371.60400390625
1333,22.216666666666665,9.439348748648777,10.84511821993226,10.849174382897196,447.09164256397435,auto,2565.507568359375,1389.300048828125,2567.321044921875,1391.2841796875,2270.05615234375,1373.777099609375,2281.9736328125,1372.528564453125
1334,22.233333333333334,9.449769847729556,10.864311782686269,10.891015802431129,446.40838912631307,auto,2559.463134765625,1381.5638427734375,2571.38427734375,1384.6761474609375,2265.662109375,1369.1375732421875,2272.510009765625,1372.2459716796875
1335,22.25,9.472404856336015,10.902236029349911,10.932033449974657,445.1281888468134,auto,2556.45849609375,1379.3563232421875,2569.7216796875,1380.2393798828125,2243.774169921875,1371.0657958984375,2262.418701171875,1373.6048583984375
1336,22.266666666666666,9.502538979308992,10.951472915819139,10.993001607224805,443.4293121017384,auto,2555.49951171875,1374.029052734375,2573.914794921875,1375.7197265625,2252.516845703125,1366.60205078125,2262.58935546875,1374.0693359375
1337,22.283333333333335,9.584895268767331,11.032712264929788,11.07354491778486,441.46941055928517,auto,2567.1669921875,1367.4759521484375,2585.193359375,1369.3094482421875,2250.43505859375,1369.5950927734375,2254.069091796875,1368.4930419921875
1338,22.3,9.621287581514565,11.106626258298792,11.13825607275618,439.64095133988246,auto,2577.015869140625,1361.9013671875,2590.92138671875,1367.961669921875,2258.61083984375,1377.53759765625,2253.795166015625,1368.0166015625
1339,22.316666666666666,9.644598687930396,11.14873441881978,11.219702775865112,438.05972408790296,auto,2574.9013671875,1357.3641357421875,2605.98974609375,1359.3597412109375,2249.58642578125,1359.6136474609375,2267.2109375,1381.3746337890625
1340,22.333333333333332,9.674394389305146,11.202436893117403,11.272411732105363,436.8548480906146,auto,2577.53271484375,1352.723876953125,2608.1015625,1356.59033203125,2242.434814453125,1367.651123046875,2255.466796875,1375.86328125
1341,22.35,9.683054863256107,11.282966152209418,11.204388242859547,436.91708692750683,auto,2602.02880859375,1353.5284423828125,2567.69677734375,1350.1795654296875,2264.38037109375,1392.7176513671875,2232.12890625,1371.4405517578125
1342,22.366666666666667,9.686067675259228,11.220011563648269,11.316881624740411,436.942639232866,auto,2562.24560546875,1341.25244140625,2604.572021484375,1352.420166015625,2226.34521484375,1354.8525390625,2237.320068359375,1374.939697265625
1343,22.383333333333333,9.708094974965931,11.262491809352154,11.328180964778705,437.4666749731835,auto,2572.9970703125,1331.85205078125,2601.733642578125,1355.338623046875,2239.83544921875,1350.89794921875,2240.88427734375,1375.821533203125
1344,22.4,9.742949734556285,11.305340015195899,11.35181058745249,437.5038588989129,auto,2580.5517578125,1332.94189453125,2600.883056640625,1354.0322265625,2244.9716796875,1360.17236328125,2244.59521484375,1373.75927734375
1345,22.416666666666668,9.77408990394675,11.313316700297866,11.376105867271386,437.46038945035417,auto,2573.35107421875,1330.9049072265625,2600.81884765625,1352.1695556640625,2242.11181640625,1356.8533935546875,2244.241943359375,1375.3819580078125
1346,22.433333333333334,9.823993943467732,11.337073701735015,11.409083274891909,436.2416390152217,auto,2565.068359375,1323.0577392578125,2596.48193359375,1349.0042724609375,2237.517333984375,1353.6737060546875,2234.326171875,1378.7049560546875
1347,22.45,9.906483169125591,11.385834093251553,11.490627213708231,433.89991980720595,auto,2560.889892578125,1321.701904296875,2606.360107421875,1336.605224609375,2231.85595703125,1345.034423828125,2250.018798828125,1382.9619140625
1348,22.466666666666665,10.004127974466604,11.490132784277971,11.594939079529988,430.31393549932756,auto,2569.4482421875,1317.8377685546875,2614.548095703125,1331.7645263671875,2250.549072265625,1344.0360107421875,2268.568115234375,1381.3524169921875
1349,22.483333333333334,10.096579579057272,11.615090140302346,11.710459014168208,427.2114593547041,auto,2590.725341796875,1311.4307861328125,2631.4677734375,1322.2806396484375,2261.98486328125,1346.6375732421875,2266.86279296875,1374.0091552734375
1350,22.5,10.132885245390753,11.66963233702241,11.76403157469443,425.19088397677353,auto,2587.41064453125,1311.134033203125,2627.54833984375,1326.975830078125,2252.447265625,1340.2138671875,2267.51416015625,1377.444091796875
1351,22.516666666666666,10.162203958876981,11.687481605697304,11.792022449897193,424.92362999348643,auto,2581.12646484375,1310.728271484375,2625.54833984375,1322.600341796875,2243.477783203125,1335.729248046875,2262.40869140625,1372.719970703125
1352,22.533333333333335,10.145531000711712,11.687088990910812,11.77988787976547,426.0515385795567,auto,2577.783203125,1306.627197265625,2617.3203125,1324.008056640625,2240.250244140625,1334.012939453125,2256.779296875,1371.596923828125
1353,22.55,10.111805354622659,11.622590124969864,11.736999195555368,428.73584480866054,auto,2561.7275390625,1309.042236328125,2610.77880859375,1320.083251953125,2228.23095703125,1338.418212890625,2250.06884765625,1373.323974609375
1354,22.566666666666666,10.085290802535232,11.584639424306138,11.675916600232867,431.46396785559654,auto,2555.9150390625,1301.0120849609375,2595.2978515625,1328.6351318359375,2224.25341796875,1338.4320068359375,2240.311767578125,1369.6683349609375
1355,22.583333333333332,10.068987073929106,11.592019590135243,11.663102371788433,433.13001012978987,auto,2561.6708984375,1303.4000244140625,2592.458984375,1329.1536865234375,2224.61669921875,1339.3709716796875,2237.3330078125,1371.4886474609375
1356,22.6,10.087931392679966,11.613891292371887,11.638033674269431,434.57597776702926,auto,2573.1455078125,1310.642333984375,2583.63720703125,1326.1416015625,2234.160400390625,1347.653564453125,2234.37255859375,1366.25830078125
1357,22.616666666666667,10.097785824671368,11.621300869546545,11.649936352639672,435.22543637447836,auto,2571.07275390625,1311.9329833984375,2583.53564453125,1321.6925048828125,2226.82373046875,1346.2298583984375,2223.54345703125,1359.3995361328125
1358,22.633333333333333,10.084276140328491,11.6046501561668,11.635894549360012,436.54707432318855,auto,2565.71484375,1309.1298828125,2579.3544921875,1320.4169921875,2220.45556640625,1344.19091796875,2219.7802734375,1356.48291015625
1359,22.65,10.085296996625678,11.60600996087148,11.644405521953766,437.16397877419365,auto,2561.80126953125,1304.446533203125,2578.586181640625,1317.295166015625,2222.36962890625,1349.53125,2220.4091796875,1354.80419921875
1360,22.666666666666668,9.110311316663612,10.477609834926728,10.495664470330537,485.3702884469036,auto,2563.64599609375,1304.4423828125,2572.4091796875,1316.38720703125,2216.021484375,1343.802734375,2213.29541015625,1354.17529296875
1361,22.683333333333334,9.110992377028518,10.476650663325517,10.518609193536799,484.9002818389724,auto,2549.208251953125,1304.30029296875,2569.5537109375,1321.16015625,2205.543212890625,1335.88330078125,2214.3974609375,1349.72998046875
1362,22.7,9.152722571351779,10.531070189629151,10.557825882521275,483.85219674354255,auto,2557.916259765625,1302.94921875,2570.8623046875,1317.968994140625,2215.75,1334.309326171875,2218.80908203125,1348.310546875
1363,22.716666666666665,8.337655053965939,9.591870172984741,9.624325949803316,531.793329781666,auto,2555.98291015625,1305.19677734375,2573.242919921875,1317.59423828125,2210.15771484375,1339.646484375,2219.776611328125,1346.15869140625
1364,22.733333333333334,9.215757997610158,10.621721873555424,10.664354446324223,481.8150604326823,auto,2565.41455078125,1299.0302734375,2585.95556640625,1311.904541015625,2215.70166015625,1328.50439453125,2225.23681640625,1343.2548828125
1365,22.75,9.265730756899188,10.658128916863435,10.696505788522618,480.96697345269905,auto,2565.69775390625,1299.9176025390625,2584.15576171875,1312.3509521484375,2222.595458984375,1327.0289306640625,2226.90673828125,1340.3902587890625
1366,22.766666666666666,9.30193493859514,10.687578745524057,10.732553266849449,480.12210207915416,auto,2564.2783203125,1303.9227294921875,2585.87158203125,1312.8148193359375,2223.18701171875,1329.2152099609375,2228.9853515625,1339.2154541015625
1367,22.783333333333335,9.347453927038082,10.740893114606225,10.774823306121714,479.0684074117048,auto,2571.552734375,1302.8687744140625,2587.8076171875,1313.8094482421875,2222.948486328125,1325.5345458984375,2224.23046875,1336.1956787109375
1368,22.8,9.355513521046843,10.74249676325319,10.782224683157317,477.9581034149981,auto,2554.919921875,1301.36376953125,2573.908203125,1316.887451171875,2222.39013671875,1318.634033203125,2230.853759765625,1330.71240234375
1369,22.816666666666666,9.41544189050018,10.810766815622989,10.856599638126488,476.6814491586583,auto,2568.125732421875,1299.959228515625,2589.972900390625,1310.621337890625,2229.474609375,1324.054931640625,2238.397216796875,1330.275634765625
1370,22.833333333333332,9.459800649673186,10.859625024011384,10.904628874352056,475.4801497653522,auto,2572.58837890625,1299.651123046875,2593.98681640625,1307.94775390625,2226.907470703125,1321.366943359375,2238.061767578125,1328.7119140625
1371,22.85,9.472186326385117,10.896983125609308,10.945286141915886,474.644433527403,auto,2574.27197265625,1291.663330078125,2597.198486328125,1310.391357421875,2223.12255859375,1307.6640625,2237.48095703125,1325.55615234375
1372,22.866666666666667,9.514080351228333,10.925302126485922,10.979202399956998,473.96559154211707,auto,2570.87060546875,1294.3726806640625,2596.41748046875,1305.7432861328125,2216.974609375,1316.7091064453125,2231.31396484375,1321.8519287109375
1373,22.883333333333333,9.529188908402675,10.96238677542765,11.00903167264199,473.13505346764816,auto,2571.09619140625,1295.774169921875,2593.16552734375,1305.332763671875,2216.12646484375,1322.787841796875,2232.13916015625,1316.25927734375
1374,22.9,9.584406265247596,10.998106895903163,11.044019661116973,471.76762604323795,auto,2567.9384765625,1294.56005859375,2589.5986328125,1309.357421875,2220.7900390625,1310.1298828125,2234.79638671875,1322.24755859375
1375,22.916666666666668,9.615826732743614,11.099123287775367,11.141237414671053,469.98406969295337,auto,2593.1259765625,1286.0958251953125,2612.91845703125,1304.2286376953125,2225.048583984375,1305.6488037109375,2233.603271484375,1314.6075439453125
1376,22.933333333333334,9.682876694633284,11.131385714956764,11.189464796697953,467.9099675008639,auto,2582.77197265625,1280.7386474609375,2609.94775390625,1301.5675048828125,2227.106201171875,1295.1226806640625,2242.96923828125,1308.7603759765625
1377,22.95,9.734455644974505,11.214996518818824,11.261828358602187,466.18966139796464,auto,2599.212890625,1288.3863525390625,2621.04541015625,1304.1859130859375,2241.33447265625,1295.9696044921875,2255.6552734375,1311.6419677734375
1378,22.966666666666665,9.790866394305999,11.257518120608857,11.292931118858347,465.07574553469476,auto,2600.10400390625,1295.291015625,2616.573974609375,1307.682861328125,2247.2861328125,1301.96630859375,2254.1181640625,1303.798828125
1379,22.983333333333334,9.802759964077833,11.291853474153513,11.332743523509476,465.138378396841,auto,2603.63427734375,1294.9571533203125,2622.65380859375,1309.9456787109375,2235.540283203125,1301.4136962890625,2249.953857421875,1311.4127197265625
1380,23.0,9.806820362789988,11.313580388798279,11.34815748579594,465.34652785736887,auto,2600.16552734375,1298.9453125,2616.255859375,1312.0634765625,2234.85302734375,1297.076904296875,2238.44189453125,1309.970947265625
1381,23.016666666666666,9.946650114912705,11.334512873012809,11.41249036141618,464.23279041756075,auto,2578.29150390625,1201.494384765625,2614.4912109375,1301.697021484375,2223.78759765625,1250.579833984375,2177.35400390625,1285.725830078125
1382,23.033333333333335,8.892332924008208,10.167002942090804,10.246118780142032,516.141419257409,auto,2547.90966796875,1263.783203125,2588.744873046875,1314.2421875,2197.0673828125,1298.49365234375,2219.634765625,1306.712890625
1383,23.05,8.911206304997712,10.133260643324638,10.26737217586046,515.7823639273785,auto,2514.31396484375,1232.2109375,2583.486328125,1316.048583984375,2202.03466796875,1280.88720703125,2206.00048828125,1304.287841796875
1384,23.066666666666666,9.077681985922531,10.189536058707652,10.253800367165992,514.79598250009,auto,2524.3779296875,1256.850341796875,2557.460693359375,1310.079833984375,2175.623046875,1223.43017578125,2174.6953125,1243.6650390625
1385,23.083333333333332,8.966961811888897,10.184180433653504,10.322882762155874,513.8061779549164,auto,2505.41455078125,1256.850830078125,2576.680419921875,1321.54345703125,2185.275634765625,1293.197021484375,2196.30712890625,1314.47900390625
1386,23.1,9.027176165401812,10.227870431886899,10.354868531255905,512.5761072778442,auto,2510.447265625,1246.0390625,2575.54345703125,1337.96142578125,2231.068359375,1257.638916015625,2203.82080078125,1288.81494140625
1387,23.116666666666667,9.046314262242594,10.253347317080141,10.344313006754321,511.6648428567998,auto,2508.5966796875,1289.806396484375,2555.14013671875,1341.22021484375,2199.95166015625,1278.61962890625,2152.45654296875,1307.70263671875
1388,23.133333333333333,9.080588872519769,10.293582194395182,10.410717055992462,510.2375223524993,auto,2509.9150390625,1293.4061279296875,2569.68115234375,1354.7064208984375,2202.643798828125,1259.8685302734375,2191.9189453125,1308.4344482421875
1389,23.15,9.087257926371361,10.385552611616047,9.843722773645986,510.2375223524993,auto,2553.4384765625,1363.5545654296875,2276.97705078125,1281.6331787109375,2209.37353515625,1294.6920166015625,2117.35546875,1311.7801513671875
1390,23.166666666666668,9.13731872278096,10.2661853209715,10.40029294108363,507.8491830334136,auto,2465.2939453125,1336.697265625,2533.400390625,1368.953857421875,2171.05029296875,1269.629150390625,2187.553955078125,1300.955078125
1391,23.183333333333334,9.16768423302744,10.289755930855202,10.384649521755371,506.8176843533808,auto,2462.685546875,1359.0164794921875,2510.779541015625,1377.9017333984375,2188.40869140625,1289.6104736328125,2194.2666015625,1303.6719970703125
1392,23.2,10.386281623588511,11.643594702798742,11.730454334177036,447.8029146169065,auto,2458.028564453125,1374.24169921875,2496.9248046875,1399.680419921875,2208.83447265625,1276.025634765625,2192.801025390625,1292.412109375
1393,23.216666666666665,10.41766731299375,11.662806571940926,11.74194449210516,446.31337829829397,auto,2446.72216796875,1399.4495849609375,2482.04296875,1421.8172607421875,2198.01123046875,1282.6116943359375,2217.30029296875,1284.0985107421875
1394,23.233333333333334,10.461090812255017,11.707884836517465,11.729138783102739,444.31086420173807,auto,2440.9638671875,1427.7403564453125,2450.407470703125,1429.5052490234375,2176.649658203125,1298.4058837890625,2211.242919921875,1270.4451904296875
1395,23.25,10.535994364870037,11.721678489677569,11.751478548560053,442.7948465482755,auto,2425.01513671875,1445.6259765625,2438.21044921875,1443.65087890625,2179.98193359375,1306.488525390625,2205.2861328125,1291.470947265625
1396,23.266666666666666,10.59261823689012,11.740242150374334,11.748354011340963,441.218307022725,auto,2409.35302734375,1461.1895751953125,2412.931640625,1451.9400634765625,2205.53662109375,1299.8167724609375,2203.3203125,1280.5040283203125
1397,23.283333333333335,10.622939184654202,11.739418473265586,11.745997122424999,439.8402494773375,auto,2387.07275390625,1469.419921875,2389.96630859375,1459.7470703125,2174.13720703125,1296.320068359375,2211.373046875,1287.96728515625
1398,23.3,10.69741549511213,11.746524464119284,11.761729706067158,438.3703571834411,auto,2367.89794921875,1477.548583984375,2374.563720703125,1466.088134765625,2173.19482421875,1298.7431640625,2221.017578125,1277.427001953125
1399,23.316666666666666,10.750863336419943,11.749028342873507,11.769201412718253,436.8931764143302,auto,2345.091552734375,1467.440185546875,2353.90478515625,1457.67041015625,2167.3232421875,1286.20263671875,2216.916015625,1266.586669921875
1400,23.333333333333332,10.79803612405694,11.742944635898708,11.77728550394696,435.56032160378646,auto,2320.56494140625,1448.71435546875,2335.522216796875,1446.193359375,2145.84033203125,1278.42822265625,2206.3251953125,1263.0625
1401,23.35,10.85703228555746,11.76786391197436,11.814188277442366,433.63552683465286,auto,2302.96923828125,1432.522216796875,2323.05712890625,1432.646728515625,2152.115966796875,1297.57861328125,2200.618896484375,1287.610107421875
1402,23.366666666666667,9.557723829715208,10.359765040974098,10.397116110256395,493.2349171388197,auto,2302.594970703125,1422.4825439453125,2321.017822265625,1429.1719970703125,2146.3095703125,1286.6632080078125,2186.357177734375,1292.7884521484375
1403,23.383333333333333,9.607446242373667,10.401842136463046,10.41314377421449,491.8396671571065,auto,2302.71533203125,1412.27978515625,2308.27392578125,1405.281005859375,2180.45361328125,1288.296142578125,2179.55078125,1277.958984375
1404,23.4,9.63696491733728,10.414542455986417,10.444782958645014,490.90502930279837,auto,2293.716796875,1396.6201171875,2308.56201171875,1387.3662109375,2154.22998046875,1286.038818359375,2183.396484375,1293.486572265625
1405,23.416666666666668,9.661664133598403,10.382503616689768,10.453125131976517,490.90502930279837,auto,2272.86376953125,1378.96533203125,2307.5322265625,1369.57666015625,2144.1767578125,1282.878662109375,2177.6171875,1291.8056640625
1406,23.433333333333334,9.74167276530885,10.526962653395515,10.419677886748765,488.523529021328,auto,2312.6328125,1366.484130859375,2260.22119140625,1232.001708984375,2170.396240234375,1309.106201171875,2198.3427734375,1299.98583984375
1407,23.45,9.798164294808076,10.536552383698583,10.51220866639613,487.3442040035222,auto,2297.84912109375,1270.09326171875,2285.9853515625,1314.713134765625,2172.2294921875,1302.390625,2211.9267578125,1308.5810546875
1408,23.466666666666665,9.846597358334147,10.422721702349756,10.435373719038402,485.9650165904459,auto,2223.9765625,1238.1243896484375,2230.12451171875,1225.3936767578125,2187.37939453125,1304.7171630859375,2216.60595703125,1298.3831787109375
1409,23.483333333333334,9.898862166847435,10.66679973010256,10.720150523664293,484.6496853431403,auto,2326.1806640625,1277.26904296875,2352.036865234375,1274.323974609375,2185.3447265625,1294.0458984375,2218.12548828125,1311.966796875
1410,23.5,11.388881270276986,12.360903245427517,12.369997983917727,421.56070558011845,auto,2364.7666015625,1297.597900390625,2368.6005859375,1256.943603515625,2161.7958984375,1293.82666015625,2193.372314453125,1302.484130859375
1411,23.516666666666666,11.457595709409942,12.384017235580995,12.448718287436506,420.1640902911249,auto,2353.248779296875,1281.1590576171875,2380.43408203125,1257.6505126953125,2152.938232421875,1284.7777099609375,2206.859619140625,1314.7393798828125
1412,23.533333333333335,10.014053564124085,10.91073895025691,10.810657926035175,481.28972624501773,auto,2390.5654296875,1256.4224853515625,2342.3974609375,1227.0494384765625,2201.372314453125,1298.1265869140625,2168.223876953125,1289.0650634765625
1413,23.55,10.077305877972556,10.939235403062806,10.945878197799527,481.01930386873573,auto,2382.60498046875,1258.5103759765625,2385.80029296875,1232.7852783203125,2193.35546875,1303.4683837890625,2181.82763671875,1265.8936767578125
1414,23.566666666666666,10.063468964663032,10.954540074938485,10.97000428009509,481.73876095200956,auto,2373.26318359375,1251.0982666015625,2380.713134765625,1238.8924560546875,2165.09619140625,1314.6307373046875,2118.88525390625,1277.4952392578125
1415,23.583333333333332,10.072971664435698,9.715497163250452,10.969238373762048,482.2986827786084,auto,1755.590576171875,1277.1728515625,2360.268310546875,1252.1640625,2050.49853515625,1270.083251953125,2162.302978515625,1302.526611328125
1416,23.6,10.073981568528158,11.002980690794583,10.308537509894744,483.61025493090557,auto,2368.2734375,1245.615234375,2032.433349609375,1298.411865234375,2165.639404296875,1310.58154296875,2110.3310546875,1271.85791015625
1417,23.616666666666667,10.057344261190034,11.025838252449187,11.03052776702098,483.64630742217804,auto,2361.408447265625,1250.569580078125,2363.6767578125,1248.612060546875,2103.44384765625,1297.620361328125,2123.101806640625,1296.825927734375
1418,23.633333333333333,10.082036128484262,11.050051338535615,11.019698785176827,483.7679906671748,auto,2360.29443359375,1252.7904052734375,2345.611328125,1226.6072998046875,2123.625,1303.0379638671875,2112.406982421875,1283.5750732421875
1419,23.65,9.202679105075955,10.128418371836789,9.447925086340462,530.1975877313004,auto,2372.82470703125,1250.6953125,2012.02880859375,1298.027587890625,2139.8125,1307.216552734375,2084.75537109375,1269.26123046875
1420,23.666666666666668,10.110459933160032,9.91624341360672,,482.1025257945883,auto,1775.36767578125,1283.71533203125,,,2146.174072265625,1285.0013427734375,2147.79541015625,1269.6077880859375
1421,23.683333333333334,9.24072072686745,,,527.7478359982748,auto,,,,,2151.0078125,1282.6207275390625,2157.7138671875,1264.474853515625
1422,23.7,10.18257950455678,11.373613962196526,11.371156183826534,479.18656514344667,auto,2433.72802734375,1245.5009765625,2432.5498046875,1232.65673828125,2140.448974609375,1287.643798828125,2118.4365234375,1255.58251953125
1423,23.716666666666665,10.223009857831144,11.427816632200825,11.440104971850902,477.85709702959423,auto,2439.7255859375,1249.45556640625,2445.597900390625,1236.566650390625,2138.79638671875,1283.3564453125,2152.341552734375,1257.676025390625
1424,23.733333333333334,10.280322087778703,11.500760453863643,10.451977482581832,476.74259156558963,auto,2456.835205078125,1233.9356689453125,1956.83544921875,1293.4364013671875,2093.483642578125,1265.2344970703125,2034.166748046875,1215.2926025390625
1425,23.75,9.33679948664287,10.469246256252916,10.49596963426545,524.3792003832034,auto,2457.83154296875,1234.64990234375,2471.844970703125,1249.673583984375,2146.35546875,1268.77978515625,2168.85009765625,1252.52978515625
1426,23.766666666666666,10.276794938752362,11.575803896654085,11.617466307523658,474.86881518776164,auto,2455.85888671875,1241.41552734375,2475.64306640625,1263.68115234375,2122.41748046875,1268.374267578125,2122.61279296875,1263.55419921875
1427,23.783333333333335,10.267549504367674,11.617068712140968,11.624642224441397,474.9024686071818,auto,2464.89013671875,1284.63134765625,2468.486572265625,1287.0927734375,2113.14501953125,1284.78173828125,2097.99365234375,1277.630126953125
1428,23.8,9.34219603100264,10.578634706409877,10.591819027528542,522.3785866001562,auto,2460.88916015625,1297.531494140625,2467.776611328125,1289.604736328125,2131.31689453125,1309.718017578125,2102.455078125,1299.2470703125
1429,23.816666666666666,9.374862529388935,10.59829698373632,10.60659644431749,521.7300669907393,auto,2449.302734375,1309.4136962890625,2453.6328125,1299.2818603515625,2085.6669921875,1283.2259521484375,2069.355712890625,1265.4613037109375
1430,23.833333333333332,9.372271150026236,10.62951532463755,10.627884210568407,521.4754465005683,auto,2448.622314453125,1318.35302734375,2447.771728515625,1314.7490234375,2088.3349609375,1313.672119140625,2057.032958984375,1290.357421875
1431,23.85,9.392539866883938,10.661388482725672,10.669829752583926,521.1213306903712,auto,2448.22412109375,1324.0626220703125,2452.623046875,1320.1202392578125,2084.478515625,1310.3255615234375,2074.37548828125,1286.7701416015625
1432,23.866666666666667,9.395343214462148,10.67452788344924,10.683281704193847,520.8663103260739,auto,2442.2841796875,1331.45556640625,2446.84375,1334.56396484375,2086.571044921875,1314.214111328125,2086.053955078125,1302.941162109375
1433,23.883333333333333,9.385551782920384,10.682547555344968,10.6859735361186,520.6367239355011,auto,2434.263671875,1343.6875,2436.04736328125,1337.553466796875,2057.97119140625,1338.754150390625,2053.331298828125,1327.173583984375
1434,23.9,9.410238565435487,10.70222915067889,10.703173109361536,520.3733452860121,auto,2433.3173828125,1342.3670654296875,2433.80859375,1348.8656005859375,2053.57568359375,1330.8299560546875,2062.18408203125,1315.4578857421875
1435,23.916666666666668,9.410978962711988,,,519.9661678503559,auto,,,,,2042.2548828125,1349.120361328125,2040.055419921875,1335.21337890625
1436,23.933333333333334,9.427166299419634,10.738750202772083,10.754832365179144,519.4273887777559,auto,2426.27294921875,1361.386962890625,2434.62646484375,1361.8779296875,2049.663330078125,1346.678466796875,2062.2734375,1347.784912109375
1437,23.95,9.449448462414571,10.774745421119492,10.763777153910352,518.8974832102435,auto,2432.693359375,1368.3402099609375,2427.001953125,1371.0467529296875,2062.30859375,1359.5792236328125,2054.405517578125,1359.2078857421875
1438,23.966666666666665,9.474082845589297,10.780998891716694,10.786304542219625,518.1312707992058,auto,2421.15380859375,1368.83056640625,2423.9033203125,1374.177978515625,2069.76708984375,1353.38916015625,2063.989990234375,1362.627685546875
1439,23.983333333333334,9.49037472442296,10.813107205747796,10.81496105124842,517.5580467339149,auto,2426.5908203125,1379.78955078125,2427.55029296875,1381.70458984375,2083.38134765625,1358.048828125,2076.9111328125,1353.478271484375
1440,24.0,9.509016092024366,10.68184875987647,10.681213879745266,516.8298453096002,auto,2344.1552734375,1375.741943359375,2343.826904296875,1379.053466796875,2038.0166015625,1371.0732421875,2020.86328125,1364.156982421875
1441,24.016666666666666,9.551471712467269,10.865240215472088,10.882259560963975,516.1864922589118,auto,2421.1494140625,1393.6590576171875,2429.9345703125,1395.2188720703125,2083.0908203125,1387.3961181640625,2063.3359375,1366.6844482421875
1442,24.033333333333335,9.584013319217775,10.899556080007981,10.91906794099642,515.5367823299814,auto,2416.21044921875,1398.5528564453125,2426.269775390625,1402.8792724609375,2066.912353515625,1387.8594970703125,2059.99755859375,1369.7891845703125
1443,24.05,9.61476637316212,10.960709091828798,10.958075272093442,515.0106874405604,auto,2423.1748046875,1403.9049072265625,2421.818359375,1403.1373291015625,2078.138671875,1402.8060302734375,2058.47607421875,1380.0711669921875
1444,24.066666666666666,9.653475629423426,11.0087162971505,10.177972654846027,514.3293997664452,auto,2425.039794921875,1406.004150390625,1997.76416015625,1392.995361328125,2086.1279296875,1404.299072265625,2039.49853515625,1370.80859375
1445,24.083333333333332,9.691091806611333,11.054026707332161,10.093169018591881,513.4633777264355,auto,2427.81689453125,1408.1888427734375,1934.45166015625,1402.0892333984375,2102.08837890625,1406.4969482421875,2053.7060546875,1365.5286865234375
1446,24.1,9.739901868930506,11.10233308255907,10.096447354680192,512.3370625301843,auto,2432.02392578125,1406.283935546875,1916.67138671875,1387.3916015625,2099.2685546875,1401.55126953125,2069.3818359375,1380.552001953125
1447,24.116666666666667,9.785060672215845,11.141111519854118,10.160363137870846,511.0400071654656,auto,2432.996337890625,1409.044189453125,1931.794677734375,1393.3984375,2104.09716796875,1389.761962890625,2089.13232421875,1377.59912109375
1448,24.133333333333333,9.84278021757875,11.194709327112177,10.232132208706329,509.58934467621003,auto,2440.9287109375,1410.8194580078125,1950.40966796875,1394.8677978515625,2139.874267578125,1413.6358642578125,2100.15380859375,1379.7579345703125
1449,24.15,9.888160507608392,11.21290593034338,11.247541881789843,508.1312520663426,auto,2431.144775390625,1406.72314453125,2448.744140625,1411.4443359375,2090.413818359375,1359.33251953125,2088.21337890625,1379.595703125
1450,24.166666666666668,9.935585927227503,11.275553890876768,11.299649392445987,506.75223272164203,auto,2444.03173828125,1408.21875,2456.2421875,1410.181640625,2096.73193359375,1373.090087890625,2088.820556640625,1373.828125
1451,24.183333333333334,10.010239299696153,11.32795818284797,11.351049081504748,505.3905457930162,auto,2450.962890625,1403.59228515625,2462.63232421875,1407.5107421875,2129.9990234375,1377.970947265625,2106.22412109375,1385.02978515625
1452,24.2,10.042720064902626,11.328278651838435,11.392480027756697,504.25747072331734,auto,2433.252685546875,1408.5850830078125,2465.626708984375,1407.2572021484375,2120.732421875,1347.4901123046875,2126.5673828125,1379.0323486328125
1453,24.216666666666665,10.082879270943804,11.368772215738844,11.43551793359404,503.236286414213,auto,2436.10791015625,1402.4207763671875,2469.697021484375,1403.7049560546875,2124.41015625,1358.5340576171875,2123.99755859375,1379.5145263671875
1454,24.233333333333334,10.11703753649636,11.43106094434775,11.476826606632759,502.3041315744317,auto,2450.039306640625,1400.5120849609375,2473.02734375,1398.7230224609375,2116.483154296875,1374.1939697265625,2113.91552734375,1375.5284423828125
1455,24.25,10.152343530158275,11.482766033842001,11.51872447653009,501.56912210282326,auto,2460.298828125,1399.540771484375,2478.334716796875,1395.96875,2127.213623046875,1367.0927734375,2122.100830078125,1372.25927734375
1456,24.266666666666666,10.195222775878214,11.520890658448053,11.560756675338936,500.57809241693394,auto,2460.6005859375,1398.0604248046875,2480.556640625,1392.0194091796875,2115.4775390625,1383.8167724609375,2124.31201171875,1376.2537841796875
1457,24.283333333333335,10.235842248263738,11.563185720284372,11.59060267981024,499.80469158408704,auto,2466.41259765625,1395.8194580078125,2480.11572265625,1390.8753662109375,2150.48974609375,1378.7855224609375,2154.62939453125,1379.4976806640625
1458,24.3,10.258905624658,11.596844479132333,11.635218078538738,498.91122613988773,auto,2467.512939453125,1392.476318359375,2486.65771484375,1385.522216796875,2127.259765625,1378.79150390625,2129.18798828125,1379.19189453125
1459,24.316666666666666,10.299058086550726,11.636799588949897,11.671688212839289,498.08331395763423,auto,2473.306396484375,1389.731689453125,2490.68408203125,1381.902099609375,2140.07568359375,1371.699951171875,2143.26220703125,1371.667236328125
1460,24.333333333333332,10.341777250283181,11.685167376808705,11.709848216324362,497.305846240116,auto,2484.07568359375,1386.1202392578125,2496.349609375,1380.5408935546875,2143.421630859375,1373.3580322265625,2147.00732421875,1372.4161376953125
1461,24.35,10.364724498488815,11.718490893108227,11.746342579601789,496.5616042028876,auto,2487.228515625,1381.08251953125,2501.05859375,1378.486083984375,2146.082275390625,1366.796630859375,2159.3056640625,1375.045654296875
1462,24.366666666666667,10.413625782578842,11.732710019782056,11.790425213131149,496.08836557678086,auto,2482.38232421875,1380.757080078125,2511.014404296875,1372.290283203125,2144.45556640625,1365.78125,2164.38916015625,1375.412841796875
1463,24.383333333333333,10.423856751023687,11.776805722821603,11.810962938057786,495.6687465717503,auto,2490.61474609375,1373.4813232421875,2507.54541015625,1373.2161865234375,2155.919189453125,1370.5284423828125,2166.900390625,1377.7667236328125
1464,24.4,10.44892644959999,11.833457714572107,11.831681508459036,495.3720213128311,auto,2504.8583984375,1369.514892578125,2503.97802734375,1370.760009765625,2158.513671875,1369.030517578125,2164.5947265625,1373.50830078125
1465,24.416666666666668,10.493827944963446,11.857135308317266,11.85061145589258,495.17808492654814,auto,2503.080078125,1366.4625244140625,2499.849609375,1373.2806396484375,2158.476318359375,1363.8834228515625,2169.9228515625,1377.1402587890625
1466,24.433333333333334,10.509765730628263,11.88935034352884,11.902584619663386,495.02288335582796,auto,2505.926025390625,1363.5869140625,2512.47705078125,1363.943603515625,2157.103515625,1368.7431640625,2163.9248046875,1373.9169921875
1467,24.45,10.539983609606569,11.930896073045592,11.937796308582886,494.77477711408966,auto,2513.1884765625,1358.99560546875,2516.602783203125,1361.962646484375,2159.2919921875,1370.421142578125,2166.677734375,1375.67236328125
1468,24.466666666666665,10.583683963275769,11.944248274490244,11.952632037448764,494.643357257106,auto,2507.994140625,1360.18896484375,2512.14111328125,1362.943603515625,2160.677978515625,1367.919921875,2171.020263671875,1374.967041015625
1469,24.483333333333334,10.59778042876471,11.979145326876829,11.979834725203444,494.3735708986939,auto,2511.91015625,1357.5185546875,2512.25146484375,1358.715576171875,2167.71923828125,1370.55078125,2173.966064453125,1377.37109375
1470,24.5,10.626914178201575,11.995090371749475,11.984002580563855,494.0153517324632,auto,2506.900146484375,1357.9942626953125,2501.42236328125,1363.9237060546875,2159.978271484375,1369.7940673828125,2164.7158203125,1374.0201416015625
1471,24.516666666666666,10.686885089616236,12.03852619057163,12.058131698393971,493.27456983694356,auto,2512.72998046875,1350.3818359375,2522.4013671875,1354.928955078125,2158.789306640625,1356.03857421875,2168.037353515625,1368.7294921875
1472,24.533333333333335,10.724108954244949,12.091154581262726,12.012574545468809,492.4132098606804,auto,2524.1513671875,1352.6026611328125,2485.45751953125,1367.9571533203125,2169.112060546875,1362.2740478515625,2169.16650390625,1370.1207275390625
1473,24.55,10.774292502744713,12.11750871078944,12.108818920761673,491.3273204942162,auto,2519.958984375,1350.6781005859375,2515.68896484375,1359.5050048828125,2171.410888671875,1359.2017822265625,2179.2412109375,1366.2689208984375
1474,24.566666666666666,10.818549543196267,12.17083283446506,12.131497473087785,490.32495697734186,auto,2529.05810546875,1351.220458984375,2509.771240234375,1363.489501953125,2181.116943359375,1354.49755859375,2186.000732421875,1364.685302734375
1475,24.583333333333332,10.865287635360062,12.210627981544022,12.18560390493373,489.41147772314145,auto,2532.42529296875,1346.3721923828125,2520.177734375,1358.0084228515625,2193.779052734375,1354.7813720703125,2190.8173828125,1367.5592041015625
1476,24.6,10.905282554951574,12.224307931875963,12.210902760476484,488.5299806949714,auto,2521.383544921875,1344.67236328125,2514.834716796875,1361.5361328125,2193.10302734375,1348.53515625,2195.56201171875,1362.01904296875
1477,24.616666666666667,10.926541863569366,12.245215297686762,12.254157485213401,488.0525933390678,auto,2516.58203125,1343.2469482421875,2520.9462890625,1355.4193115234375,2182.87890625,1354.6463623046875,2185.4287109375,1362.7552490234375
1478,24.633333333333333,10.960268295558164,12.277538583365796,12.273127987744957,487.7724852704765,auto,2516.528564453125,1339.0245361328125,2514.376953125,1354.0042724609375,2179.1259765625,1353.4510498046875,2181.56396484375,1358.6834716796875
1479,24.65,10.97110497612006,12.305235379435455,12.29295415486623,487.7157045690001,auto,2514.67626953125,1336.1875,2508.6865234375,1352.8984375,2177.0400390625,1357.20947265625,2178.35595703125,1361.112548828125
1480,24.666666666666668,10.990684808804872,12.323083983660974,12.298775890230083,487.6767575870751,auto,2508.7802734375,1334.3778076171875,2496.92578125,1350.8719482421875,2169.02734375,1355.3695068359375,2168.16357421875,1359.5364990234375
1481,24.683333333333334,11.021701912933029,12.369155720801668,12.319835960611913,487.60050233872033,auto,2517.01904296875,1331.3865966796875,2492.970703125,1352.6248779296875,2176.14306640625,1343.7369384765625,2172.652099609375,1356.1048583984375
1482,24.7,11.044789543099403,12.381267725747117,12.385566376420957,487.52580379532674,auto,2509.5673828125,1328.1754150390625,2511.66357421875,1343.5172119140625,2173.585693359375,1349.7825927734375,2175.417236328125,1360.0716552734375
1483,24.716666666666665,11.06940688931306,12.416532223809671,12.389855139990372,487.60249014135724,auto,2514.861328125,1330.1231689453125,2501.85400390625,1349.3365478515625,2177.634521484375,1349.0364990234375,2169.1181640625,1359.4993896484375
1484,24.733333333333334,11.090610689910354,12.43948781604136,12.42827259450337,487.70561900830745,auto,2514.85498046875,1329.0531005859375,2509.38525390625,1345.3428955078125,2174.25146484375,1349.5579833984375,2171.80224609375,1357.5345458984375
1485,24.75,11.077649633046322,12.438293132168976,12.442646961844712,488.0760521804711,auto,2506.097412109375,1330.333984375,2508.22216796875,1341.833251953125,2164.060791015625,1351.91015625,2169.323486328125,1358.74560546875
1486,24.766666666666666,11.088155719302078,12.46747501079573,12.46013138176777,488.5053874712985,auto,2512.80517578125,1329.7833251953125,2509.217529296875,1340.0899658203125,2170.42333984375,1349.1448974609375,2172.5517578125,1357.7652587890625
1487,24.783333333333335,11.106790714495903,12.463934851586066,12.4660983112524,488.85458969140427,auto,2502.4462890625,1329.9437255859375,2503.50341796875,1345.9378662109375,2163.2744140625,1348.4644775390625,2168.052734375,1358.8323974609375
1488,24.8,11.102267173651695,12.469938875761969,12.47119014071374,489.3485481501313,auto,2499.268310546875,1330.6151123046875,2499.88037109375,1346.9002685546875,2160.615478515625,1350.8699951171875,2169.8271484375,1356.9154052734375
1489,24.816666666666666,10.27005841312736,11.516108620086627,11.524883037743527,530.884590538797,auto,2499.5087890625,1323.54638671875,2504.1669921875,1345.2880859375,2158.6171875,1349.75634765625,2166.3623046875,1362.696044921875
1490,24.833333333333332,11.143189704870501,12.499417592319293,12.508422953626981,490.26784286058285,auto,2502.9150390625,1322.810546875,2507.329833984375,1338.60205078125,2164.43798828125,1354.07763671875,2163.89013671875,1360.8076171875
1491,24.85,10.317461020825593,11.586430442682541,11.593669469781462,530.0317307931957,auto,2505.59423828125,1317.4154052734375,2509.430908203125,1342.3421630859375,2171.421875,1343.5506591796875,2170.4736328125,1359.6673583984375
1492,24.866666666666667,10.323114483080525,11.59603985280566,11.617958867020462,529.6485912290984,auto,2497.203125,1314.185791015625,2508.812255859375,1342.41650390625,2155.037109375,1341.915771484375,2159.2763671875,1363.510009765625
1493,24.883333333333333,11.179773810591572,12.552564337693187,12.57324143791916,490.3097379687323,auto,2501.09228515625,1315.1268310546875,2511.230712890625,1336.4027099609375,2163.154296875,1335.3922119140625,2165.41796875,1362.3712158203125
1494,24.9,11.223269414152526,12.567326129817474,12.573111534157167,489.6819040049357,auto,2493.159912109375,1317.54541015625,2495.992919921875,1342.2265625,2154.03173828125,1339.667236328125,2156.792724609375,1360.3056640625
1495,24.916666666666668,11.25762844873973,12.58446277017872,12.586609193295919,489.322426847928,auto,2490.249755859375,1306.5531005859375,2491.30029296875,1338.0657958984375,2162.73876953125,1331.3109130859375,2164.071044921875,1354.4656982421875
1496,24.933333333333334,11.276908296696066,12.617529260993804,12.613270514140536,488.42492795828883,auto,2488.79248046875,1305.3387451171875,2486.712646484375,1335.7425537109375,2151.98583984375,1334.1412353515625,2150.59521484375,1351.7982177734375
1497,24.95,11.307159289161183,12.69256608511352,12.714107124142886,487.3736657706103,auto,2506.21044921875,1298.46826171875,2516.709228515625,1331.7021484375,2151.10791015625,1330.593505859375,2148.86865234375,1350.539794921875
1498,24.966666666666665,11.348426149691756,12.729474286230472,12.762331436585493,486.18365264165067,auto,2503.44287109375,1296.383056640625,2519.417724609375,1330.5849609375,2149.930419921875,1325.910888671875,2130.379638671875,1351.68603515625
1499,24.983333333333334,11.364054801869788,12.777347645959123,12.806188640536101,485.1492712102835,auto,2508.658203125,1309.4384765625,2522.650390625,1332.83837890625,2123.9482421875,1332.07373046875,2107.2900390625,1349.65673828125
1500,25.0,11.401703356474101,12.67450717546293,12.833016620733527,484.182872905341,auto,2440.27001953125,1239.951904296875,2517.017333984375,1325.123291015625,2126.9033203125,1315.755615234375,2132.18994140625,1340.9306640625
1501,25.016666666666666,11.461204114660564,12.893051744036834,12.872570437434703,483.0767470528781,auto,2526.6923828125,1311.657470703125,2516.79833984375,1328.4560546875,2150.27001953125,1319.082275390625,2100.80029296875,1329.310546875
1502,25.033333333333335,11.513395335797462,12.954897547568828,12.347172901605019,481.8546736295087,auto,2535.59423828125,1317.41064453125,2242.759765625,1334.060302734375,2152.8857421875,1307.2421875,2103.552001953125,1334.157470703125
1503,25.05,11.563221966351135,12.945454366954898,12.960426400559925,480.6487383306403,auto,2511.3681640625,1312.578125,2518.564453125,1341.24755859375,2156.98193359375,1305.763427734375,2110.997314453125,1326.854736328125
1504,25.066666666666666,11.586121203537179,12.865916477000807,12.967759988903628,479.16459061295,auto,2451.232666015625,1218.1021728515625,2500.03271484375,1338.2965087890625,2146.90380859375,1289.1541748046875,2140.594970703125,1337.1644287109375
1505,25.083333333333332,11.661992566085294,12.91519828507458,13.05742720531269,477.26481549151885,auto,2448.111328125,1267.977783203125,2515.9921875,1353.028076171875,2142.88330078125,1302.954833984375,2165.97412109375,1327.732177734375
1506,25.1,11.714902200591045,12.911915400494967,13.070076040914879,475.7357809217466,auto,2425.4619140625,1224.8890380859375,2500.70458984375,1366.7008056640625,2149.952392578125,1300.2591552734375,2156.092529296875,1339.9205322265625
1507,25.116666666666667,11.769144921484472,12.93782672274126,13.07621259113373,474.4468423252826,auto,2420.477294921875,1230.4044189453125,2486.1337890625,1378.5091552734375,2164.05859375,1317.8133544921875,2158.23193359375,1344.5877685546875
1508,25.133333333333333,11.789522611192785,12.92662605607353,13.062667242908034,474.18931607989055,auto,2404.20263671875,1228.4285888671875,2468.711669921875,1398.9300537109375,2170.48046875,1301.5240478515625,2192.72119140625,1333.4129638671875
1509,25.15,11.78111781522238,12.985839341102492,13.042989112238216,474.8094938439325,auto,2430.012939453125,1390.0966796875,2457.1484375,1428.503662109375,2163.64501953125,1344.782958984375,2164.56884765625,1341.15185546875
1510,25.166666666666668,10.812022718625993,,11.915414875581845,518.4241860072755,auto,,,2431.025390625,1446.5675048828125,2155.040283203125,1333.6903076171875,2188.3466796875,1327.6087646484375
1511,25.183333333333334,10.820674438854073,,11.898359441082002,518.3110579293809,auto,,,2406.576171875,1468.5950927734375,2115.177978515625,1365.6580810546875,2135.593017578125,1349.9500732421875
1512,25.2,10.856680276725857,11.892510336462106,11.892545230917216,517.7443290739216,auto,2387.295166015625,1495.95947265625,2387.31298828125,1496.61376953125,2160.040771484375,1349.62548828125,2155.9609375,1332.63916015625
1513,25.216666666666665,10.880774668020461,11.829554685165284,11.866568579811355,517.5421333845804,auto,2342.03369140625,1503.836669921875,2361.18994140625,1502.153076171875,2145.96923828125,1342.30615234375,2170.8876953125,1316.546875
1514,25.233333333333334,10.912329968049617,,11.845135521540156,517.0485178905462,auto,,,2339.305908203125,1501.83935546875,2140.1201171875,1344.5205078125,2187.26611328125,1309.22998046875
1515,25.25,10.945031696428426,11.818686811765375,11.821527930856728,516.6180615120704,auto,2316.345703125,1526.659912109375,2317.8134765625,1499.95556640625,2140.78955078125,1363.2578125,2171.40625,1327.72119140625
1516,25.266666666666666,10.968966202738207,11.803526939894045,11.820150047631513,515.977431714971,auto,2297.614501953125,1510.4114990234375,2306.19189453125,1502.9989013671875,2121.130126953125,1355.3614501953125,2173.07666015625,1331.3536376953125
1517,25.283333333333335,11.01117089391446,11.80631818323889,11.818776763941989,515.222838417205,auto,2286.677734375,1498.2447509765625,2293.09716796875,1496.4056396484375,2128.835205078125,1353.2999267578125,2164.8603515625,1338.1861572265625
1518,25.3,11.037569210996688,11.802214206796215,11.82373735909764,514.5712466926641,auto,2272.46435546875,1483.87939453125,2283.539794921875,1480.24951171875,2118.0048828125,1358.945556640625,2157.021484375,1336.571044921875
1519,25.316666666666666,11.082464202215688,11.837484254818518,11.855402215321202,513.6256996783404,auto,2274.7978515625,1480.7335205078125,2284.0009765625,1477.2044677734375,2137.28564453125,1352.9605712890625,2160.489013671875,1342.7938232421875
1520,25.333333333333332,11.118934610354192,11.851031473479472,11.859833390938508,513.0828938430152,auto,2268.626220703125,1463.248046875,2273.142578125,1452.9150390625,2134.36669921875,1342.63427734375,2157.12109375,1314.525390625
1521,25.35,11.157121539643247,11.885874553088247,11.905827454916336,512.5595699995916,auto,2274.529296875,1453.99658203125,2284.75634765625,1439.92236328125,2144.3818359375,1328.523681640625,2158.9814453125,1337.88916015625
1522,25.366666666666667,12.295451392237704,13.074971441972785,13.075743725912911,465.97276280451945,auto,2270.235107421875,1419.24365234375,2270.59521484375,1426.00146484375,2101.4111328125,1335.369873046875,2142.695068359375,1334.3369140625
1523,25.383333333333333,11.25390548160161,11.943124041859187,11.949878969536062,510.9117432618467,auto,2275.1298828125,1403.9219970703125,2278.5810546875,1403.1341552734375,2104.936767578125,1339.4720458984375,2142.21337890625,1340.8699951171875
1524,25.4,11.299217374427705,11.126797898058522,11.96966803859542,510.1013763236727,auto,1844.048828125,1324.9053955078125,2273.998046875,1373.1436767578125,2124.832763671875,1358.3006591796875,2143.74267578125,1348.6146240234375
1525,25.416666666666668,11.340103507397142,12.064025404621383,12.00019088276756,509.77143213380924,auto,2312.03466796875,1372.582763671875,2279.49365234375,1348.7080078125,2150.9580078125,1370.243408203125,2150.51220703125,1350.82470703125
1526,25.433333333333334,11.374884166673635,12.108541514426735,12.068891901069971,509.3075555251518,auto,2322.6572265625,1353.3314208984375,2302.46337890625,1332.8604736328125,2166.944580078125,1373.2259521484375,2168.529052734375,1338.1678466796875
1527,25.45,11.39724239275823,12.141640887373343,12.125018774725113,509.0757259066544,auto,2328.955078125,1342.534423828125,2320.49365234375,1330.174560546875,2154.788330078125,1362.794677734375,2158.57470703125,1345.30712890625
1528,25.466666666666665,11.454833839165005,12.152041935829764,12.214548475503225,508.4155520529098,auto,2318.47119140625,1339.933837890625,2350.2509765625,1313.0244140625,2098.697509765625,1324.228271484375,2153.533203125,1326.446533203125
1529,25.483333333333334,11.47434469075494,12.242370074070104,12.259019756245191,508.2327682603651,auto,2354.33544921875,1315.836181640625,2362.7978515625,1305.909912109375,2130.226806640625,1333.515869140625,2174.79736328125,1336.685791015625
1530,25.5,11.4926472623332,12.29268155913024,11.789284341393168,507.8511956333032,auto,2367.29833984375,1303.045166015625,2111.647705078125,1290.867431640625,2174.220703125,1365.515380859375,2119.201171875,1322.806396484375
1531,25.516666666666666,11.504235163625186,12.294446266519543,12.301498693724138,507.98390785460043,auto,2361.41455078125,1304.814453125,2364.9970703125,1300.93505859375,2129.486328125,1356.219482421875,2126.452880859375,1326.595703125
1532,25.533333333333335,11.524053769061393,12.36594365402374,12.328930591469843,507.5409391993944,auto,2384.29345703125,1304.1114501953125,2365.508056640625,1295.2298583984375,2027.026123046875,1317.9852294921875,2117.205322265625,1310.5242919921875
1533,25.55,11.518272499188411,12.383429312836485,12.400794315508296,507.65495716338,auto,2385.201171875,1306.0126953125,2394.0166015625,1300.013671875,2059.7197265625,1320.79833984375,2150.919189453125,1322.52685546875
1534,25.566666666666666,11.536589639050398,12.450240835393771,12.424072411271835,507.5482657786991,auto,2409.72216796875,1303.238037109375,2396.440673828125,1303.946044921875,2114.104736328125,1328.54345703125,2160.451416015625,1338.34912109375
1535,25.583333333333332,12.697479320131325,13.675984871080615,13.697138481893031,463.2917309321621,auto,2417.33349609375,1316.00146484375,2427.1337890625,1304.1669921875,2048.97216796875,1318.864990234375,2175.878662109375,1324.935302734375
1536,25.6,12.690209910020489,13.813288123230334,13.765944047029478,462.59994797626416,auto,2463.5361328125,1297.595703125,2441.63427734375,1282.615478515625,2172.993896484375,1358.197998046875,2131.39111328125,1322.205810546875
1537,25.616666666666667,12.72614823334826,13.924865025397278,13.924053125653147,461.8796873762879,auto,2496.6630859375,1311.708251953125,2496.2880859375,1303.00390625,2114.52490234375,1317.69921875,2193.7236328125,1333.29443359375
1538,25.633333333333333,11.602154278584633,12.683225856747196,12.717254370261296,507.1861001318459,auto,2489.3046875,1332.529296875,2506.5634765625,1308.396240234375,2123.7158203125,1318.68701171875,2189.08740234375,1323.117919921875
1539,25.65,11.59185366171528,,,507.1223652807801,auto,,,,,2184.29248046875,1331.593994140625,2184.7939453125,1324.714111328125
1540,25.666666666666668,11.67982991947891,12.827833961238806,11.893014922444083,506.38717382573486,auto,2541.33447265625,1304.71337890625,2067.9541015625,1346.51025390625,2169.140869140625,1308.85498046875,2043.0986328125,1243.07958984375
1541,25.683333333333334,11.630215594987579,12.766675619718592,12.767543982251615,505.5087328808668,auto,2498.490234375,1324.961669921875,2498.929443359375,1313.3798828125,2184.166259765625,1323.310791015625,2166.537109375,1306.076171875
1542,25.7,12.89551089706248,14.209998804690144,14.228184248649619,456.80099560740547,auto,2537.45947265625,1302.1817626953125,2545.7666015625,1295.5804443359375,2135.80078125,1294.1534423828125,2139.57861328125,1284.6844482421875
1543,25.716666666666665,12.971734357045612,12.395548615883074,13.1965070401236,455.3541301576662,auto,1692.631103515625,1185.7537841796875,2057.350830078125,1353.4298095703125,2018.35009765625,1248.4803466796875,2148.23779296875,1256.3492431640625
1544,25.733333333333334,12.983596989581937,14.391331419071024,13.272427765774161,454.11753553050437,auto,2582.27685546875,1349.7333984375,2074.162841796875,1371.433349609375,2166.63623046875,1304.596923828125,2151.0537109375,1271.3828125
1545,25.75,13.003035397513544,14.453651342979638,14.476048730997139,452.9336743227868,auto,2589.03271484375,1371.42333984375,2599.17724609375,1351.259033203125,2199.534423828125,1336.832763671875,2196.22119140625,1316.038330078125
1546,25.766666666666666,13.039871262542597,14.5021524939402,14.49344019193578,451.77900791926857,auto,2586.6279296875,1376.01220703125,2582.69189453125,1353.83935546875,2212.56787109375,1345.09033203125,2197.96435546875,1317.92041015625
1547,25.783333333333335,13.051331011117728,14.394540332910882,14.394564166547353,450.71542116286327,auto,2513.4052734375,1362.375732421875,2513.416015625,1372.145263671875,2194.5986328125,1335.27734375,2190.43896484375,1332.2344970703125
1548,25.8,13.081115194974467,14.450351410321469,14.449554907829471,449.3522115070001,auto,2509.269287109375,1369.97265625,2508.911376953125,1374.85400390625,2192.494140625,1356.505615234375,2182.426025390625,1340.5885009765625
1550,25.833333333333332,11.824686829802124,13.03360182383992,13.033679353006058,497.5446102689992,auto,2481.4892578125,1368.842041015625,2481.52783203125,1382.03564453125,2165.756103515625,1355.0521240234375,2171.99755859375,1344.658935546875
1552,25.866666666666667,11.86938849988072,13.094165429167527,13.12645868326127,496.03408318653993,auto,2473.53125,1369.0469970703125,2489.5498046875,1388.0208740234375,2158.51611328125,1343.7864990234375,2181.949462890625,1343.7034912109375
1553,25.883333333333333,11.89011152474297,13.16189371673473,13.160772963822549,495.7953322820864,auto,2493.5439453125,1386.2412109375,2492.988037109375,1392.84814453125,2170.7705078125,1347.382568359375,2182.119384765625,1345.2021484375
1554,25.9,11.917075369854293,13.284486471306373,13.313847368534457,495.11802252060943,auto,2535.029541015625,1394.361572265625,2549.56689453125,1395.187744140625,2160.176025390625,1369.811767578125,2175.727783203125,1347.722900390625
1555,25.916666666666668,11.92433125829417,13.327163499160106,13.322350047987578,494.82914693198626,auto,2542.162109375,1401.696044921875,2539.780517578125,1406.356201171875,2156.197998046875,1359.216552734375,2152.908203125,1355.603759765625
1556,25.933333333333334,11.955982329935022,13.229301648220435,13.229477493013079,494.26577377231234,auto,2476.35791015625,1389.653564453125,2476.44482421875,1401.8388671875,2146.864013671875,1365.89501953125,2160.0107421875,1362.909912109375
1557,25.95,11.987255077246004,13.281443364609387,13.283868882469953,493.6123722135686,auto,2484.8271484375,1394.284912109375,2486.0244140625,1401.318603515625,2167.7998046875,1370.31787109375,2178.652099609375,1360.66748046875
1558,25.966666666666665,12.032781549854372,13.399459726362762,13.428854839990736,493.2460415360383,auto,2531.10888671875,1410.199951171875,2545.60791015625,1411.1162109375,2177.506103515625,1363.8896484375,2177.988525390625,1365.109375
1559,25.983333333333334,12.049081710219467,13.441779852927136,13.472523173805543,492.4532550461331,auto,2536.838623046875,1412.6815185546875,2551.97802734375,1415.0811767578125,2175.33203125,1393.2271728515625,2163.774658203125,1363.9927978515625
1560,26.0,12.091293220511055,13.468985358342055,13.511254101501228,491.66890257984215,auto,2536.368408203125,1419.3809814453125,2557.150390625,1418.8839111328125,2169.3603515625,1377.5938720703125,2168.947021484375,1367.2259521484375
1561,26.016666666666666,12.127676914884788,13.557932427034768,12.531587523618164,491.0967709693561,auto,2567.39404296875,1422.451904296875,2063.359130859375,1405.249267578125,2204.18603515625,1395.70556640625,2174.27001953125,1366.216064453125
1562,26.033333333333335,12.160777299025584,13.502329376603445,13.586105769338483,490.8317945552064,auto,2530.4765625,1424.1561279296875,2571.5966796875,1421.1878662109375,2182.263671875,1374.2767333984375,2228.037109375,1400.5416259765625
1563,26.05,12.200281559525886,13.630013164415029,12.566975998344903,490.327473734456,auto,2580.03662109375,1426.949462890625,2058.80029296875,1414.738525390625,2224.967041015625,1406.642333984375,2200.55859375,1382.28759765625
1564,26.066666666666666,12.239762263644101,13.61687503534918,13.662011867293682,489.8624668859421,auto,2559.595703125,1435.767822265625,2581.706298828125,1437.105712890625,2212.263671875,1388.652099609375,2234.47509765625,1408.56884765625
1565,26.083333333333332,12.288017147156571,13.668920258175085,13.710210073826241,489.19400947202087,auto,2569.529296875,1437.4459228515625,2589.72802734375,1441.6187744140625,2218.49267578125,1386.2242431640625,2230.42919921875,1406.3182373046875
1566,26.1,12.33231300990266,13.638582217114486,13.723101836375266,489.1731283707447,auto,2546.991455078125,1437.5302734375,2588.336669921875,1440.92822265625,2226.018310546875,1370.87939453125,2252.44970703125,1419.865234375
1567,26.116666666666667,12.352144883558873,13.6844782334293,13.76193113254412,488.9753518148501,auto,2559.47802734375,1445.15625,2597.350830078125,1444.2421875,2238.556640625,1387.3876953125,2244.001953125,1425.23876953125
1568,26.133333333333333,12.386843546483338,13.740287860320121,13.80418063473721,488.3746803285612,auto,2572.98779296875,1452.16796875,2604.19140625,1451.278076171875,2261.51123046875,1408.562744140625,2262.1767578125,1438.568603515625
1569,26.15,12.40959734238899,13.813946666317323,13.83443585675469,488.01456885599083,auto,2597.3427734375,1453.526123046875,2607.342041015625,1454.4609375,2262.3564453125,1429.863525390625,2270.2353515625,1435.470947265625
1570,26.166666666666668,12.420667949042109,13.823911940042906,13.860633348296828,487.9168049222661,auto,2591.66650390625,1458.86083984375,2609.58349609375,1455.79052734375,2252.78955078125,1430.61181640625,2250.26611328125,1433.48486328125
1571,26.183333333333334,12.442679796707127,13.847486724582694,13.874964853233523,488.243424269558,auto,2597.8876953125,1462.49609375,2611.3037109375,1459.15185546875,2260.0078125,1430.96044921875,2253.567138671875,1427.75830078125
1572,26.2,12.485067544277657,13.86297393794705,13.89851578037785,487.87126845663505,auto,2593.240966796875,1461.1390380859375,2610.58056640625,1460.4217529296875,2260.13232421875,1403.8087158203125,2286.02294921875,1425.0521240234375
1573,26.216666666666665,12.514003361264772,,13.953364692710585,487.10326447198776,auto,,,2623.117919921875,1462.13916015625,2247.44384765625,1404.433837890625,2287.8369140625,1437.96484375
1574,26.233333333333334,12.564705338434749,13.965992205843529,14.004611653630587,485.88598524157925,auto,2611.865478515625,1473.435302734375,2630.630126953125,1465.589599609375,2264.80615234375,1422.283447265625,2293.06396484375,1450.622802734375
1575,26.25,12.612074139480917,12.652572597959812,14.068967819145826,484.9172479423728,auto,1961.63818359375,1374.2064208984375,2648.472900390625,1461.6705322265625,2243.45703125,1414.9720458984375,2307.05029296875,1455.1766357421875
1576,26.266666666666666,12.65055394557702,14.076200220520807,14.121973055378582,483.877338356231,auto,2635.837890625,1474.2890625,2657.986572265625,1462.04248046875,2276.418212890625,1446.13671875,2318.09228515625,1459.012451171875
1577,26.283333333333335,12.680055344902662,14.15810246294083,13.546209151602817,482.9783959458041,auto,2657.864990234375,1465.6009521484375,2362.333251953125,1526.1878662109375,2291.253662109375,1454.7772216796875,2282.947509765625,1454.5667724609375
1578,26.3,12.713757944345325,14.187671396278303,13.629648819555033,482.5563605888616,auto,2657.24609375,1468.783935546875,2387.96875,1512.122802734375,2284.17626953125,1448.47314453125,2280.6103515625,1448.93359375
1579,26.316666666666666,12.732666926815783,14.13329870470928,14.233968093089457,482.4055986026261,auto,2616.6728515625,1471.413330078125,2665.236083984375,1461.932861328125,2272.2353515625,1448.136474609375,2289.55224609375,1468.158935546875
1580,26.333333333333332,12.75667151575155,14.223974397955013,14.241502314212978,482.3499678638623,auto,2647.75341796875,1466.135009765625,2656.2080078125,1460.991943359375,2271.294189453125,1448.341552734375,2301.385498046875,1469.726806640625
1581,26.35,12.80418860717393,14.162843205841236,14.301762351533066,481.52166349619813,auto,2597.2216796875,1470.42724609375,2664.114501953125,1449.18212890625,2245.709228515625,1431.341064453125,2303.7802734375,1462.991455078125
1582,26.366666666666667,12.812150009405867,14.199441864242281,14.30820352071636,481.52166349619813,auto,2612.01123046875,1456.86181640625,2664.38232421875,1447.616455078125,2260.62841796875,1431.870849609375,2307.99755859375,1465.220703125
1583,26.383333333333333,12.926291501276108,14.335970069036525,14.41464340348415,478.41093628498254,auto,2632.40576171875,1451.3818359375,2670.0439453125,1446.807373046875,2274.46435546875,1443.99609375,2307.68310546875,1456.743408203125
1584,26.4,12.99698908534377,14.469884881755155,14.466776268622306,476.4044182919295,auto,2668.69384765625,1447.6505126953125,2667.212890625,1444.8729248046875,2304.57666015625,1458.2342529296875,2308.44873046875,1462.1522216796875
1585,26.416666666666668,13.019546004229706,14.456418324566723,14.474473494018843,476.4044182919295,auto,2667.532470703125,1448.5081787109375,2676.134033203125,1443.5323486328125,2316.5263671875,1454.8155517578125,2324.76318359375,1459.7135009765625
1586,26.433333333333334,13.142050650284988,14.617790699652664,14.638851425328538,472.5453714494374,auto,2690.35400390625,1436.2083740234375,2700.306396484375,1426.7171630859375,2331.612060546875,1445.7562255859375,2353.255859375,1457.9544677734375
1587,26.45,13.206153510351452,14.662244112560225,14.696537252126816,470.93682724469016,auto,2687.7265625,1429.6451416015625,2703.87646484375,1427.3272705078125,2338.83251953125,1436.6719970703125,2352.546875,1446.6241455078125
1588,26.466666666666665,13.266284997690933,14.731843265372193,14.748679047627354,469.2618676853398,auto,2695.73046875,1427.425537109375,2703.630859375,1424.46044921875,2355.5009765625,1437.44091796875,2362.79150390625,1447.60498046875
1589,26.483333333333334,13.355643542921806,14.789399475662423,14.814365441008114,467.57013726948645,auto,2697.38134765625,1422.952880859375,2709.0546875,1423.484130859375,2362.443603515625,1428.6318359375,2367.8701171875,1447.858642578125
1590,26.5,13.400022256863961,14.840374221459232,14.904281643005932,466.0596101031077,auto,2698.2900390625,1421.5791015625,2728.07470703125,1413.4951171875,2349.612548828125,1423.93017578125,2372.2373046875,1442.4384765625
1591,26.516666666666666,13.453549754749911,14.935482278733934,14.958967305584967,464.32926074218284,auto,2717.104248046875,1411.9144287109375,2728.00927734375,1414.6573486328125,2365.7958984375,1421.0186767578125,2369.193359375,1440.5709228515625
1592,26.533333333333335,13.532744220601975,14.99274663807413,15.013497208773995,462.97201810517447,auto,2721.9404296875,1410.43310546875,2731.54736328125,1414.193603515625,2374.3505859375,1417.651611328125,2384.04345703125,1437.984130859375
1593,26.55,13.573108651573108,15.0356760615357,15.076337528326206,461.96512743325627,auto,2724.6552734375,1406.4990234375,2743.439453125,1408.35205078125,2378.428466796875,1407.5615234375,2388.537109375,1433.0908203125
1594,26.566666666666666,13.627315481327555,15.0956978402277,15.138991538924486,460.9008276759005,auto,2733.77880859375,1403.1474609375,2753.73291015625,1403.7236328125,2379.92578125,1408.429931640625,2385.938232421875,1427.373046875
1595,26.583333333333332,13.69425042421366,15.142478524320305,15.186277050698108,459.6910153740799,auto,2734.7373046875,1406.3004150390625,2754.871337890625,1406.5865478515625,2375.47314453125,1406.0860595703125,2382.06005859375,1420.7496337890625
1596,26.6,13.732938848112758,15.1653989713417,15.222555775881203,458.724704652266,auto,2728.10498046875,1404.211181640625,2754.32421875,1409.251220703125,2382.830078125,1411.417724609375,2389.36669921875,1421.958251953125
1597,26.616666666666667,13.784521180301327,15.196575249185715,15.276017840135902,457.8409374299853,auto,2723.49609375,1402.82373046875,2759.8681640625,1405.887451171875,2386.862060546875,1406.11474609375,2404.279296875,1423.568115234375
1598,26.633333333333333,13.807894678773666,15.247640717753645,15.302662110224349,457.37714393815287,auto,2731.5068359375,1399.6270751953125,2756.672119140625,1404.3309326171875,2383.05908203125,1406.9508056640625,2386.45849609375,1417.9771728515625
1599,26.65,13.839055927892591,15.257928312988826,15.319853250431056,457.5615870857161,auto,2726.2216796875,1398.75927734375,2754.55615234375,1402.54296875,2382.21484375,1409.0673828125,2388.72119140625,1421.9091796875
1600,26.666666666666668,13.841705200618293,15.249726329389306,15.304985279448323,458.3533522252831,auto,2718.37109375,1396.494384765625,2743.69921875,1403.09912109375,2380.89208984375,1410.519775390625,2390.43701171875,1417.44873046875
1601,26.683333333333334,13.828266654886527,15.253645790304523,15.256360385414022,459.3945918992396,auto,2717.8115234375,1392.2325439453125,2719.05859375,1407.0264892578125,2373.7119140625,1413.1837158203125,2375.775390625,1419.6832275390625
1602,26.7,13.798972874752364,15.19718689070864,15.23521416257989,460.8508967744012,auto,2695.3681640625,1396.359375,2712.893310546875,1405.534423828125,2360.8369140625,1412.859619140625,2373.510498046875,1420.31494140625
1603,26.716666666666665,13.771080227972073,15.194359427684418,15.220381419985372,461.73008506768775,auto,2692.1708984375,1390.8973388671875,2704.186279296875,1402.0216064453125,2352.707763671875,1406.1483154296875,2360.6044921875,1418.1038818359375
1604,26.733333333333334,13.80551567100657,15.240543984210138,15.247201780062214,461.67388382608044,auto,2702.514892578125,1384.1337890625,2705.5888671875,1397.396484375,2366.110595703125,1411.879638671875,2368.38525390625,1420.30078125
1605,26.75,13.831965373585563,15.264992584931786,15.249561521380112,460.78169133902213,auto,2695.3125,1386.0426025390625,2688.2021484375,1405.5552978515625,2361.32763671875,1402.2991943359375,2364.5009765625,1413.8282470703125
1606,26.766666666666666,13.901394960257662,15.3362906850445,15.35507524565333,459.59556686096084,auto,2708.4716796875,1379.9827880859375,2717.10498046875,1391.5579833984375,2378.88671875,1411.8406982421875,2378.2783203125,1418.8260498046875
1607,26.783333333333335,13.932876538169168,15.412042308834598,15.392104525048982,457.84516809414816,auto,2715.228759765625,1378.0693359375,2706.1005859375,1397.0732421875,2383.5068359375,1399.811767578125,2386.97607421875,1411.630859375
1608,26.8,13.98791701796581,15.492698575180885,15.49863889291138,456.2801758625331,auto,2725.60205078125,1374.5164794921875,2728.312255859375,1386.5684814453125,2376.4599609375,1396.6212158203125,2382.91015625,1407.1234130859375
1609,26.816666666666666,14.050648799006629,15.524097933713604,15.543621476499492,455.5047464376042,auto,2721.1630859375,1375.24072265625,2730.055908203125,1387.892578125,2373.0419921875,1403.2275390625,2380.802734375,1411.0791015625
1610,26.833333333333332,14.06406641850678,15.546511586058228,15.537961604448734,455.78725595414164,auto,2724.6796875,1372.30322265625,2720.782958984375,1386.9921875,2371.298095703125,1403.01171875,2373.166259765625,1407.8623046875
1611,26.85,14.050988228970017,15.535462461149981,15.548462636308997,457.1377709191027,auto,2724.609375,1365.2579345703125,2730.55224609375,1372.5072021484375,2377.6328125,1399.6788330078125,2386.22119140625,1400.3302001953125
1612,26.866666666666667,14.036396481403594,15.531030072165818,15.529470528156622,458.3671546202383,auto,2725.0908203125,1360.26171875,2724.375732421875,1370.63427734375,2368.447265625,1391.574462890625,2381.17333984375,1394.34130859375
1613,26.883333333333333,14.010253254010557,15.510271043273951,15.517155573624146,459.59017377415375,auto,2719.393310546875,1356.119873046875,2722.5576171875,1367.582763671875,2364.376953125,1389.43115234375,2371.994873046875,1397.145263671875
1614,26.9,14.014617489585309,15.506553949204173,15.503200065940746,459.7632256059472,auto,2709.9375,1354.2266845703125,2708.3955078125,1368.1175537109375,2347.59912109375,1386.5379638671875,2351.483154296875,1390.1839599609375
1615,26.916666666666668,14.048049525467233,15.54028152258505,15.553277527893353,459.0878852548602,auto,2709.0654296875,1353.9920654296875,2715.031494140625,1364.0965576171875,2349.908203125,1386.3675537109375,2360.260498046875,1393.4053955078125
1616,26.933333333333334,14.115871807265952,15.609459002761175,15.632070317197043,457.39424771541115,auto,2712.158203125,1342.048095703125,2722.50048828125,1360.570068359375,2349.798583984375,1369.5654296875,2361.627197265625,1393.380126953125
1617,26.95,14.197257743449939,15.705978579805732,15.71039097437227,454.8178788723145,auto,2717.193359375,1341.604736328125,2719.2001953125,1364.3115234375,2347.76220703125,1372.34814453125,2352.427734375,1386.019775390625
1618,26.966666666666665,14.310257641163858,15.813983104323556,15.8239259309643,451.85096186228355,auto,2723.459716796875,1336.533203125,2727.95263671875,1366.933837890625,2364.696044921875,1356.8525390625,2365.36181640625,1386.40185546875
1619,26.983333333333334,14.353414016736293,15.88208139645851,15.909051803668717,450.1461511269038,auto,2727.123291015625,1331.7333984375,2739.26416015625,1361.652099609375,2363.34814453125,1352.78271484375,2367.66796875,1377.70849609375
1620,27.0,14.428583006038535,15.93177649810148,15.980507539737447,448.89251831330495,auto,2725.7724609375,1318.1160888671875,2747.647705078125,1359.3033447265625,2375.45849609375,1341.9202880859375,2362.2421875,1380.3677978515625
1621,27.016666666666666,28.9326795330361,31.942482466902323,31.9834889304436,224.22865628231767,auto,2728.88427734375,1301.2554931640625,2738.0791015625,1359.1075439453125,2382.116943359375,1337.5562744140625,2361.90576171875,1365.3907470703125
1622,27.033333333333335,14.469218177391705,15.982730387406418,16.017082558927957,447.9679505952263,auto,2718.0048828125,1301.3177490234375,2733.393310546875,1357.3260498046875,2376.48779296875,1331.4605712890625,2359.06298828125,1371.8162841796875
1623,27.05,14.472270559755229,15.975975391389596,16.035369423018018,448.45822816232595,auto,2712.3486328125,1324.39501953125,2738.984375,1362.51611328125,2370.272216796875,1346.544189453125,2361.99658203125,1366.726318359375
1624,27.066666666666666,14.504661425522212,15.983423179922166,16.029716126907584,448.5488565686066,auto,2706.296875,1317.418701171875,2727.0615234375,1367.3125,2363.02685546875,1325.992919921875,2328.53955078125,1359.08984375
1625,27.083333333333332,14.513866667137114,15.946578791732694,16.009729606930076,448.6717120980869,auto,2681.8173828125,1304.87939453125,2710.1513671875,1359.23046875,2336.61572265625,1343.818359375,2358.3857421875,1364.672119140625
1626,27.1,14.50487717607954,15.939191415423865,16.03883984889347,448.3291047658655,auto,2665.044921875,1289.824951171875,2709.719970703125,1364.5185546875,2329.47119140625,1357.8876953125,2339.053955078125,1371.8701171875
1627,27.116666666666667,14.589915480251921,16.043959989869187,16.074075872018078,447.66855996767606,auto,2694.93017578125,1271.2701416015625,2708.411865234375,1364.5787353515625,2356.2431640625,1339.5001220703125,2348.06982421875,1361.4190673828125
1628,27.133333333333333,14.607952331212498,16.053986851051203,16.12896210631667,447.133199647692,auto,2683.56982421875,1268.409423828125,2717.09375,1378.12548828125,2350.075439453125,1342.364501953125,2355.29052734375,1365.3173828125
1629,27.15,14.638993422944322,16.060192636929465,16.12794380760892,446.29216149351595,auto,2666.269775390625,1272.32421875,2696.5068359375,1378.6298828125,2330.545654296875,1353.7294921875,2354.3916015625,1366.39208984375
1630,27.166666666666668,14.68296453941521,16.11207762127815,16.224071479153693,445.35872191917633,auto,2668.4677734375,1364.2916259765625,2718.34521484375,1400.5003662109375,2340.3974609375,1349.5565185546875,2366.416015625,1361.6407470703125
1631,27.183333333333334,14.7654705803448,16.095556051328284,16.199791158454346,443.5351473072973,auto,2628.939453125,1282.3602294921875,2675.171630859375,1414.8531494140625,2303.89404296875,1364.7938232421875,2343.84814453125,1370.6561279296875
1632,27.2,14.850137169893914,16.211830609384183,16.273093107275347,441.6828350366965,auto,2649.436767578125,1420.6011962890625,2676.494873046875,1431.3126220703125,2349.49267578125,1355.8848876953125,2350.95166015625,1355.2989501953125
1633,27.216666666666665,14.84613027795645,16.15344462765284,16.215810416523063,441.6828350366965,auto,2620.41845703125,1413.06982421875,2647.96435546875,1440.867431640625,2331.11572265625,1374.775634765625,2337.16552734375,1367.525146484375
1634,27.233333333333334,14.84274633638642,16.154749119992807,16.19882327305194,441.6828350366965,auto,2615.4892578125,1443.2322998046875,2634.9560546875,1458.6331787109375,2335.841064453125,1375.4022216796875,2352.86572265625,1360.2523193359375
1635,27.25,15.004997423209309,16.261953981898095,16.338954883548798,437.4568296005543,auto,2586.8642578125,1465.0118408203125,2620.548828125,1482.0997314453125,2320.12451171875,1373.5767822265625,2360.4677734375,1355.3443603515625
1636,27.266666666666666,15.0493806154996,16.305947409629503,16.340255831913346,436.0860915570418,auto,2578.97119140625,1491.2388916015625,2593.9326171875,1491.6607666015625,2313.64990234375,1377.9654541015625,2351.130859375,1362.4749755859375
1637,27.283333333333335,15.160779613667968,16.392027397852768,16.38675091394462,433.54584152482096,auto,2575.80224609375,1501.8992919921875,2573.5146484375,1484.1280517578125,2363.595703125,1372.6246337890625,2309.759521484375,1364.7457275390625
1638,27.3,15.194453379381885,16.355606707005027,16.37061624831642,433.54584152482096,auto,2561.4130859375,1533.657958984375,2567.92041015625,1515.17626953125,2329.26025390625,1364.99169921875,2372.47265625,1339.127197265625
1639,27.316666666666666,15.44950987100759,16.59398247897515,16.60000924700954,426.6447701034934,auto,2553.283203125,1526.8782958984375,2555.8544921875,1509.2535400390625,2352.642578125,1373.4635009765625,2374.9169921875,1340.1573486328125
1640,27.333333333333332,15.588451226973437,16.680361084662614,16.703388540566593,423.2379725593958,auto,2539.1376953125,1524.448974609375,2548.8837890625,1510.156982421875,2344.11376953125,1372.54443359375,2394.3115234375,1343.9296875
1641,27.35,15.679156850755332,16.742925620687544,16.76541258078145,420.94708546510765,auto,2527.790771484375,1510.954833984375,2537.256103515625,1506.756103515625,2347.734375,1369.400634765625,2391.58251953125,1341.98828125
1642,27.366666666666667,15.751664037495296,16.804092847197758,16.808650938141103,419.2836071622536,auto,2521.266357421875,1498.376708984375,2523.17724609375,1498.279541015625,2306.9208984375,1362.524169921875,2377.59814453125,1348.341064453125
1643,27.383333333333333,15.798074271712423,16.813763324995236,16.80845143700381,419.16593565108343,auto,2512.7421875,1481.1241455078125,2510.515625,1476.7576904296875,2341.49462890625,1364.2886962890625,2362.2919921875,1347.0518798828125
1644,27.4,15.831666741451963,16.811497002939483,16.805619206864293,418.8498598804912,auto,2494.401611328125,1463.1708984375,2491.93994140625,1458.26123046875,2342.669189453125,1350.765625,2352.2529296875,1343.698974609375
1645,27.416666666666668,15.88296932917236,16.81948675644103,16.798243621322513,419.000249096555,auto,2487.401123046875,1450.5633544921875,2478.5,1441.6024169921875,2312.33203125,1358.3150634765625,2330.64794921875,1354.1185302734375
1646,27.433333333333334,15.907429991092249,16.819648739862036,16.793065978592164,419.000249096555,auto,2475.2197265625,1432.5120849609375,2464.081298828125,1422.4193115234375,2324.18994140625,1343.4053955078125,2345.449462890625,1330.1490478515625
1647,27.45,15.968572387376962,16.86344269941148,16.81023124197277,418.13385292774944,auto,2468.17578125,1399.150390625,2445.92626953125,1400.266357421875,2304.6474609375,1337.29443359375,2326.03369140625,1337.339599609375
1648,27.466666666666665,16.030547756322306,16.931528321105638,16.951350568702406,417.15970544626373,auto,2473.85302734375,1386.49462890625,2482.1220703125,1382.9970703125,2294.070556640625,1374.267333984375,2303.466064453125,1353.57373046875
1649,27.483333333333334,16.114388693198816,17.06417713201444,17.022279764378514,415.27491494075366,auto,2494.42333984375,1361.517822265625,2477.0244140625,1351.92626953125,2310.08203125,1368.971435546875,2291.63916015625,1351.607177734375
1650,27.5,16.245938188517215,17.1878122843991,16.785233772569445,413.0466145610136,auto,2507.0380859375,1354.1639404296875,2340.754638671875,1317.1971435546875,2351.19873046875,1363.6832275390625,2343.66357421875,1342.9432373046875
1651,27.516666666666666,16.254463822793973,17.223974119191947,17.249984869468083,413.0466145610136,auto,2519.453125,1337.6568603515625,2530.19677734375,1315.9034423828125,2305.13134765625,1357.9342041015625,2311.0068359375,1359.1104736328125
1652,27.533333333333335,16.451579499440417,17.482028713029102,17.488446728616776,408.3202094091033,auto,2541.75341796875,1322.1895751953125,2544.3740234375,1306.2508544921875,2326.571044921875,1345.1246337890625,2316.316650390625,1348.8568115234375
1653,27.55,16.469796911721872,17.519196281965286,17.508283144224816,408.3202094091033,auto,2554.4912109375,1299.566650390625,2550.03515625,1294.048095703125,2347.296630859375,1346.167236328125,2317.015380859375,1329.868408203125
1654,27.566666666666666,16.643081803326822,17.735897615312783,17.667642807470767,404.68331689077706,auto,2574.244140625,1294.46728515625,2546.62255859375,1286.99755859375,2376.727783203125,1338.58984375,2320.48779296875,1318.89404296875
1656,27.6,16.764044388054405,16.56044818031768,17.929031469670008,402.6146768245011,auto,2051.029052734375,1313.415283203125,2602.041015625,1279.7626953125,2261.468994140625,1309.439208984375,2376.40966796875,1347.170166015625
1657,27.616666666666667,16.786945583098497,17.95247456549195,17.92703043410667,402.26767451847405,auto,2593.8544921875,1276.896240234375,2583.619140625,1272.78076171875,2353.187744140625,1341.735595703125,2326.43701171875,1321.87451171875
1658,27.633333333333333,16.76512197851836,16.549084211309207,18.00146562487757,402.26767451847405,auto,2014.09521484375,1312.929443359375,2598.34130859375,1274.531494140625,2268.689453125,1311.362548828125,2337.110107421875,1343.095947265625
1659,27.65,16.721982821463946,17.97007651925883,16.977896976711566,404.1671194174502,auto,2604.4384765625,1268.80712890625,2203.43212890625,1281.16357421875,2334.907470703125,1337.604248046875,2299.857666015625,1310.4287109375
1660,27.666666666666668,12.183855899003671,12.033617266178572,13.14111559723401,554.8845304539673,auto,2003.634765625,1298.30224609375,2618.16845703125,1267.97265625,2274.158203125,1295.684326171875,2350.8994140625,1319.97021484375
1661,27.683333333333334,16.725034728247305,16.452075751468534,18.122686637531878,404.2057390178507,auto,1965.66845703125,1292.55224609375,2640.938720703125,1261.931640625,2238.509765625,1292.224853515625,2369.46630859375,1318.59765625
1662,27.7,16.809401568077433,16.54041633425811,18.21003181454252,402.85637161223696,auto,1973.637939453125,1287.131103515625,2646.2529296875,1263.46630859375,2263.2685546875,1286.354248046875,2382.5341796875,1301.406494140625
1663,27.716666666666665,16.785590279556697,18.024904818672304,18.06731558941517,402.85637161223696,auto,2565.265625,1280.71630859375,2582.351318359375,1277.248779296875,2326.37939453125,1306.04833984375,2329.041015625,1293.896728515625
1664,27.733333333333334,16.909523437319738,18.399836323636386,18.4241412493991,400.30947975271556,auto,2661.586181640625,1274.723388671875,2671.31591796875,1257.479736328125,2309.068115234375,1304.770751953125,2324.851806640625,1278.506591796875
1665,27.75,16.897610835338757,,,400.0766368325201,auto,,,,,2319.28076171875,1317.2431640625,2301.0107421875,1300.6630859375
1666,27.766666666666666,16.89671886327486,,17.263263820159995,400.2016757287192,auto,,,2183.692138671875,1313.063232421875,2326.5048828125,1324.5614013671875,2296.15869140625,1293.5687255859375
1667,27.783333333333335,16.893530511292827,,,400.35139727325577,auto,,,,,2312.833251953125,1300.0428466796875,2316.67822265625,1284.1573486328125
1668,27.8,16.893891708963682,18.4777593324306,17.282867313552188,401.01525016860865,auto,2655.1552734375,1301.3701171875,2175.985595703125,1323.122314453125,2315.97705078125,1279.31396484375,2226.400146484375,1274.015380859375
1669,27.816666666666666,16.83959731205414,18.20704114324199,,402.13725198864324,auto,2552.900146484375,1302.19970703125,,,2310.22314453125,1315.7705078125,2266.3974609375,1292.507080078125
1670,27.833333333333332,16.843966677492492,18.43747214079712,18.450352414272036,402.10320291998426,auto,2633.75341796875,1321.632080078125,2638.9326171875,1319.5341796875,2276.644287109375,1298.463623046875,2287.3583984375,1283.772705078125
1671,27.85,14.398354810302315,15.79996805527072,14.708757261733114,470.39472824808536,auto,2641.311767578125,1330.723876953125,2128.011474609375,1357.49951171875,2309.745849609375,1311.26171875,2292.685302734375,1275.447509765625
1672,27.866666666666667,14.430816008394412,15.83649179473977,15.848507694394668,469.3894656860869,auto,2631.8095703125,1339.801025390625,2637.44970703125,1337.30712890625,2297.218994140625,1300.660400390625,2287.1513671875,1281.114013671875
1673,27.883333333333333,14.449979029630436,15.872691324575364,15.877131895413068,468.86567653006995,auto,2630.06103515625,1348.329345703125,2632.142822265625,1347.537109375,2283.184814453125,1303.64990234375,2269.12548828125,1287.2001953125
1674,27.9,14.464723249911877,15.897848711562116,15.910397565459817,468.05351342290805,auto,2618.779296875,1348.87158203125,2624.65283203125,1352.136474609375,2253.392822265625,1285.652099609375,2262.873291015625,1288.016357421875
1675,27.916666666666668,14.475827819979004,15.701776751367804,,467.5274546946105,auto,2508.16455078125,1348.43994140625,,,2244.170654296875,1302.273193359375,2249.1240234375,1293.674072265625
1676,27.933333333333334,16.834664594207926,,,401.5958235181946,auto,,,,,2234.57861328125,1304.364501953125,2239.55517578125,1303.75732421875
1677,27.95,14.508910990957697,15.97117949522409,15.971115598434853,466.1448032967769,auto,2591.62890625,1367.1724853515625,2591.59912109375,1368.0369873046875,2225.864501953125,1317.8333740234375,2212.75927734375,1314.3560791015625
1678,27.966666666666665,14.548106793761331,16.046044652068375,16.05039465092575,465.60716253207295,auto,2606.45068359375,1368.1322021484375,2608.476318359375,1370.5789794921875,2247.9716796875,1299.2344970703125,2239.81787109375,1315.2586669921875
1679,27.983333333333334,16.856948057752255,18.61591678960561,18.613832597046827,401.7874165325871,auto,2604.7314453125,1375.031982421875,2603.89404296875,1379.941162109375,2226.8486328125,1315.197998046875,2217.0986328125,1317.528564453125
1680,28.0,14.594059255719223,16.09242343640942,16.100784065159935,464.53313242268524,auto,2590.040283203125,1375.205322265625,2593.923828125,1378.72265625,2209.5712890625,1314.5234375,2211.35693359375,1312.866943359375
1681,28.016666666666666,14.632003626832196,16.135024185203907,16.118264454590943,463.6998382890368,auto,2586.9501953125,1376.4290771484375,2579.1787109375,1381.0906982421875,2224.9365234375,1346.7664794921875,2197.02880859375,1327.5045166015625
1682,28.033333333333335,14.683477742640896,16.18574849096568,16.18057723764811,462.6689079164241,auto,2586.053955078125,1379.98291015625,2583.66162109375,1386.2236328125,2212.717529296875,1349.421875,2180.805908203125,1331.04345703125
1683,28.05,14.725127910539033,16.223334592918096,16.246981132337858,461.6739893185727,auto,2580.68310546875,1379.72314453125,2591.60009765625,1384.16552734375,2219.08154296875,1341.128173828125,2202.9013671875,1320.612060546875
1684,28.066666666666666,14.776457883748014,16.328816496795437,16.321793833706312,460.1452855546551,auto,2599.310302734375,1380.4599609375,2596.0791015625,1384.688232421875,2229.767578125,1364.605712890625,2199.98095703125,1328.953125
1685,28.083333333333332,14.846950942783415,16.39464797511814,16.387184674030234,458.75519219608634,auto,2601.01416015625,1384.305908203125,2597.59033203125,1383.7431640625,2240.759765625,1369.6064453125,2202.83203125,1322.016845703125
1686,28.1,17.321374521166433,19.140270511394053,17.952443986579905,393.3009830007344,auto,2605.37353515625,1384.281982421875,2138.199951171875,1348.916748046875,2243.79248046875,1381.856689453125,2188.52978515625,1325.60009765625
1687,28.116666666666667,14.938718768423248,16.51127282911657,15.352107420496841,456.3809376641758,auto,2608.68359375,1386.9261474609375,2079.662841796875,1357.3680419921875,2265.230224609375,1377.9161376953125,2217.54052734375,1337.5560302734375
1688,28.133333333333333,17.45623808399543,19.269566264226963,17.841659649310063,391.8891115439409,auto,2618.62353515625,1385.2371826171875,2059.04248046875,1371.1693115234375,2282.121826171875,1380.9991455078125,2250.30712890625,1352.3209228515625
1689,28.15,17.51278882512916,19.2783056914047,19.327354997418848,390.6902562897086,auto,2593.77001953125,1389.17529296875,2612.93310546875,1391.560791015625,2264.40673828125,1349.006103515625,2264.75244140625,1362.134521484375
1690,28.166666666666668,17.606373003055104,19.326251022036903,19.398225823534563,389.44565117571557,auto,2584.798828125,1387.4189453125,2612.8291015625,1391.32666015625,2257.4765625,1342.399658203125,2258.70068359375,1357.433349609375
1691,28.183333333333334,17.73108014645692,19.48732225718271,19.528199111629004,387.23873881485054,auto,2605.085205078125,1390.711669921875,2620.9140625,1390.874267578125,2264.124755859375,1354.587890625,2250.90234375,1354.587158203125
1692,28.2,17.855577768758966,19.61705915732333,19.669881587419223,384.5985436607076,auto,2605.46337890625,1386.688720703125,2625.77880859375,1386.7939453125,2258.60107421875,1345.7333984375,2257.029052734375,1361.05419921875
1693,28.216666666666665,18.03480517090898,19.83687500386661,19.86911154824119,381.1092277290475,auto,2625.78564453125,1384.95703125,2638.071533203125,1388.25439453125,2287.7578125,1368.583984375,2282.865234375,1363.92724609375
1694,28.233333333333334,18.17464590718629,20.03390551514035,18.573196511161534,378.17980379838946,auto,2646.13427734375,1386.109130859375,2093.723388671875,1388.443359375,2327.8837890625,1390.7265625,2295.92431640625,1358.035400390625
1695,28.25,18.319399442362723,20.165167041069477,20.18634283980516,375.71450252282074,auto,2648.481689453125,1386.544921875,2656.4375,1383.7041015625,2291.73486328125,1352.53662109375,2320.47412109375,1369.64404296875
1696,28.266666666666666,18.329428348209564,20.15632841291179,20.203606821050084,375.71450252282074,auto,2643.39306640625,1392.0877685546875,2661.15625,1387.0169677734375,2304.666015625,1366.8914794921875,2313.826171875,1369.8648681640625
1697,28.283333333333335,18.372238382099486,20.20022134445094,20.232944152623624,375.71450252282074,auto,2654.7998046875,1390.6805419921875,2667.09423828125,1387.2677001953125,2301.2421875,1358.7999267578125,2325.3994140625,1370.7779541015625
1698,28.3,18.38415772898204,20.269379938394678,18.904631290333494,375.71450252282074,auto,2674.305419921875,1382.6121826171875,2161.54931640625,1401.4364013671875,2313.16748046875,1383.0552978515625,2324.846923828125,1385.2789306640625
1699,28.316666666666666,18.60753037791836,20.49429257480711,20.4996423361491,372.02302079871913,auto,2675.9189453125,1377.9459228515625,2677.9091796875,1383.5552978515625,2330.306640625,1382.5750732421875,2331.32568359375,1388.4781494140625
1700,28.333333333333332,18.645240247955513,20.508672910848603,20.532443403422175,371.5338645766605,auto,2666.328125,1382.0645751953125,2675.15966796875,1384.2625732421875,2310.01416015625,1378.4854736328125,2318.903564453125,1382.5728759765625
1701,28.35,18.7199030314638,20.577657527065092,20.652586661818745,370.1218524333427,auto,2660.595703125,1380.7445068359375,2688.32861328125,1375.5516357421875,2310.807861328125,1382.1912841796875,2311.7958984375,1385.4925537109375
1702,28.366666666666667,18.814370813982034,20.696885211569654,20.729350312853143,368.3041412866849,auto,2667.337890625,1379.421875,2679.294921875,1382.40869140625,2325.12646484375,1379.0185546875,2320.869140625,1383.81201171875
1703,28.383333333333333,18.98258402499895,20.85191917636393,20.876418448514304,366.22181727191065,auto,2682.59130859375,1370.8275146484375,2691.5634765625,1376.1322021484375,2335.187255859375,1376.2164306640625,2331.90869140625,1378.0919189453125
1704,28.4,19.085028348299208,21.002369731634023,21.028845537645058,364.01895785465183,auto,2692.94873046875,1365.854248046875,2702.58642578125,1371.65087890625,2340.5654296875,1375.31787109375,2329.4677734375,1374.201171875
1705,28.416666666666668,19.203903202167403,21.098381625899396,21.15013589719369,362.22289605141543,auto,2691.2236328125,1364.4912109375,2709.97021484375,1368.695068359375,2344.52294921875,1378.661376953125,2345.5888671875,1378.681640625
1706,28.433333333333334,16.088852495037624,17.70902275952715,17.711339126660157,432.76447501186857,auto,2711.152099609375,1355.068359375,2712.15478515625,1363.4052734375,2345.88671875,1379.553466796875,2343.323974609375,1374.2275390625
1707,28.45,19.36169763736398,21.27150824627878,21.275304137122824,360.3042967887936,auto,2707.113037109375,1352.16064453125,2708.48046875,1360.982177734375,2342.720458984375,1379.964111328125,2345.107421875,1369.750244140625
1708,28.466666666666665,16.18314754068955,17.808430840124956,17.81077546294342,431.0894611877485,auto,2711.642578125,1343.721435546875,2712.6533203125,1350.600830078125,2346.65625,1370.407958984375,2343.995849609375,1361.2763671875
1709,28.483333333333334,16.209769966924295,17.816266103442416,17.82330382000334,430.99250996313384,auto,2699.3876953125,1340.939697265625,2702.4208984375,1347.651611328125,2338.44677734375,1361.118896484375,2339.630615234375,1354.544189453125
1710,28.5,16.25729358990725,17.841084867916628,17.86499466948115,430.6753970108213,auto,2690.10009765625,1338.22265625,2700.3974609375,1338.6162109375,2329.96923828125,1358.63720703125,2339.09619140625,1358.22314453125
1711,28.516666666666666,16.286922083912167,17.851177120019155,17.87851850206405,430.94803417040686,auto,2682.11279296875,1327.934326171875,2693.8955078125,1329.945068359375,2329.201416015625,1357.2958984375,2331.98681640625,1351.827880859375
1712,28.533333333333335,16.285116003735496,17.836498857331904,17.85542915191298,431.68240013390835,auto,2670.70458984375,1323.7459716796875,2678.87646484375,1328.8648681640625,2318.58251953125,1343.8372802734375,2322.495849609375,1343.2069091796875
1713,28.55,19.12693964924119,20.96070057893259,20.969982752939757,368.1767295152591,auto,2669.14794921875,1316.74951171875,2672.5654296875,1321.0283203125,2301.427734375,1349.28271484375,2315.639404296875,1340.0078125
1714,28.566666666666666,16.277874665863905,17.834198746231444,17.796924640546177,433.5229347671846,auto,2664.7021484375,1308.5577392578125,2648.54296875,1321.7203369140625,2304.18310546875,1339.0950927734375,2301.13623046875,1333.0867919921875
1715,28.583333333333332,18.92209293932536,20.740807176661836,20.73970057897748,372.8524486206685,auto,2650.11181640625,1306.539306640625,2649.69921875,1311.109130859375,2292.8564453125,1340.900146484375,2298.951171875,1331.94384765625
1716,28.6,16.229334767868547,17.808756380187315,17.797089565788358,434.6764154363332,auto,2643.537109375,1302.0704345703125,2638.4658203125,1306.0926513671875,2282.9873046875,1340.7198486328125,2283.17138671875,1326.1358642578125
1717,28.616666666666667,16.264516930644607,17.832533305791763,17.819149480713957,434.87661159379684,auto,2643.8935546875,1295.00927734375,2638.0732421875,1301.402099609375,2279.34033203125,1328.999267578125,2280.376220703125,1320.531494140625
1718,28.633333333333333,16.26121148753907,17.838767275750644,17.830977043986934,435.4286170986637,auto,2642.912841796875,1286.62255859375,2639.52099609375,1292.5654296875,2272.25732421875,1320.91357421875,2272.01953125,1314.4716796875
1719,28.65,16.258325549387557,17.820519909096767,17.809887272279536,436.0376968050588,auto,2632.17578125,1284.368896484375,2627.53955078125,1289.886962890625,2264.5068359375,1320.190185546875,2260.380859375,1313.993408203125
1720,28.666666666666668,16.235810234543152,17.810410259502007,17.83807505889867,436.7647001249513,auto,2626.7294921875,1278.041259765625,2638.8125,1281.16455078125,2259.38720703125,1314.700439453125,2265.556640625,1309.243896484375
1721,28.683333333333334,16.293777140058335,17.85308306178578,17.87992107865085,436.2835165455111,auto,2623.299560546875,1268.386474609375,2635.008544921875,1271.703857421875,2256.498046875,1300.7705078125,2269.138916015625,1305.47607421875
1722,28.7,14.469190715009667,15.863461332804258,15.873441988484666,492.06514779789376,auto,2625.07177734375,1259.221435546875,2629.98291015625,1263.584228515625,2262.993896484375,1298.060791015625,2274.23046875,1299.450927734375
1723,28.716666666666665,14.487524017499368,15.876947820311957,15.876456626778271,492.06514779789376,auto,2616.68701171875,1256.8536376953125,2616.4453125,1263.2864990234375,2250.46923828125,1296.4161376953125,2258.37109375,1295.6343994140625
1724,28.733333333333334,14.504448239549005,15.885404287572689,15.878652609182401,492.06514779789376,auto,2605.5205078125,1254.6378173828125,2602.1982421875,1260.0826416015625,2235.185546875,1291.5428466796875,2239.8740234375,1288.9781494140625
1725,28.75,14.53025252126279,15.909178054603034,15.883730260317483,492.06514779789376,auto,2601.52099609375,1249.6978759765625,2588.9990234375,1256.0355224609375,2236.07080078125,1281.6126708984375,2237.35693359375,1285.3861083984375
1726,28.766666666666666,14.539644619591677,15.927241872962247,15.93882566054159,492.4211121301523,auto,2598.282470703125,1238.669921875,2603.986083984375,1244.18994140625,2226.27197265625,1279.63720703125,2233.313232421875,1282.135009765625
1727,28.783333333333335,14.563681256307863,15.934963101948453,15.901497005021787,492.49643990055074,auto,2586.3515625,1241.842529296875,2569.86962890625,1250.34130859375,2229.218505859375,1266.070556640625,2225.005126953125,1280.24853515625
1728,28.8,14.561600892754184,15.947363684796898,15.958357627822153,492.54749183799265,auto,2579.554443359375,1236.463134765625,2584.96923828125,1242.01611328125,2210.56005859375,1281.148193359375,2220.06494140625,1274.691650390625
1729,28.816666666666666,14.587057661582543,15.98738427375689,15.98206781315922,492.4637386851194,auto,2585.60986328125,1227.47314453125,2582.991943359375,1238.034423828125,2218.2939453125,1275.59521484375,2224.18798828125,1271.89599609375
1730,28.833333333333332,14.606032837391702,16.01337122574026,15.94906735608914,492.37505091884634,auto,2584.9384765625,1226.9991455078125,2553.27685546875,1237.8514404296875,2221.721435546875,1262.6380615234375,2222.1064453125,1269.8455810546875
1731,28.85,14.625918042596206,15.985364807253342,16.018054382117125,492.186133829974,auto,2556.10107421875,1222.7105712890625,2572.1904296875,1233.1109619140625,2203.6669921875,1269.2330322265625,2208.850830078125,1263.2222900390625
1732,28.866666666666667,14.627809818394637,16.02905863168138,16.036392925568183,492.3893398241539,auto,2567.9599609375,1220.44482421875,2571.5712890625,1231.453125,2200.924560546875,1260.1396484375,2200.814453125,1263.583984375
1733,28.883333333333333,14.636230814752613,16.041344108305385,15.991813219668128,492.98466919960737,auto,2568.699462890625,1219.2281494140625,2544.281005859375,1230.9342041015625,2194.66845703125,1259.7086181640625,2187.86181640625,1261.2601318359375
1734,28.9,14.647120667133121,16.039366161084768,15.95688566293912,492.98466919960737,auto,2552.35546875,1220.70458984375,2511.694091796875,1229.88916015625,2194.025390625,1259.486572265625,2193.10302734375,1262.813232421875
1735,28.916666666666668,14.66613569047138,16.062464662402743,16.02125264141995,492.98466919960737,auto,2548.36865234375,1215.67431640625,2528.0517578125,1225.6640625,2178.08056640625,1251.9755859375,2175.29833984375,1254.61865234375
1736,28.933333333333334,14.64030740835447,16.0556148028745,16.02186393202144,494.37381771991824,auto,2553.69091796875,1214.5389404296875,2537.00537109375,1222.6004638671875,2180.45458984375,1249.8167724609375,2174.75,1252.0594482421875
1737,28.95,14.659426103333413,16.048631932192915,16.073690264875026,494.37381771991824,auto,2534.787109375,1208.048095703125,2547.17529296875,1219.318115234375,2170.8916015625,1251.538330078125,2167.738037109375,1251.223388671875
1738,28.966666666666665,14.636969227080716,16.046649587367085,16.05635002681533,496.1618808023153,auto,2543.4296875,1207.4273681640625,2548.24267578125,1215.9136962890625,2170.0419921875,1244.5780029296875,2164.753173828125,1246.1427001953125
1739,28.983333333333334,14.656093999703218,16.06316208341072,16.10119327773733,496.1618808023153,auto,2530.134033203125,1198.204345703125,2549.00341796875,1209.925048828125,2147.8515625,1242.88818359375,2164.31103515625,1234.484619140625
1740,29.0,14.585414256198776,15.969408939420775,15.992161257008302,499.7773833921234,auto,2518.689208984375,1197.2965087890625,2530.060546875,1207.5552978515625,2143.10888671875,1240.0228271484375,2148.7890625,1242.9373779296875
1741,29.016666666666666,14.608419310824946,15.981857841460464,16.019323741273517,499.7773833921234,auto,2503.413818359375,1194.336181640625,2522.138427734375,1203.614990234375,2125.11572265625,1249.751953125,2138.02783203125,1241.8876953125
1742,29.033333333333335,14.539472484648387,15.907836482748174,15.933455217632513,502.29506338215805,auto,2488.322509765625,1181.2081298828125,2501.1904296875,1200.8311767578125,2115.1611328125,1249.2523193359375,2121.3232421875,1241.2213134765625
1743,29.05,14.533117344702921,15.923803199752697,15.92821325106969,503.0013392819307,auto,2492.517333984375,1186.9246826171875,2494.7353515625,1201.9527587890625,2114.564208984375,1239.2088623046875,2108.019287109375,1238.3182373046875
1744,29.066666666666666,14.539262895146843,15.922213531356794,15.917107945375209,503.5270761324112,auto,2487.35302734375,1172.7470703125,2484.7822265625,1201.49951171875,2117.078125,1225.2890625,2108.71435546875,1240.322265625
1745,29.083333333333332,14.547622383077375,15.924591289538531,15.925227427127119,503.5270761324112,auto,2477.34130859375,1155.3641357421875,2477.661376953125,1196.6497802734375,2113.74755859375,1223.2117919921875,2109.6611328125,1222.7625732421875
1746,29.1,14.586977673086169,15.972509125286903,15.975621413012592,502.9836009629259,auto,2482.899169921875,1158.7728271484375,2484.46484375,1193.8114013671875,2115.319091796875,1212.4906005859375,2095.773681640625,1220.9217529296875
1747,29.116666666666667,14.60088455389865,16.00162252463744,15.970217065127205,502.8111631308494,auto,2485.306640625,1169.9166259765625,2469.515625,1193.5311279296875,2120.84619140625,1217.7464599609375,2080.039794921875,1218.5611572265625
1748,29.133333333333333,14.652517693914383,16.041677501702353,16.0220627494203,502.0784555236063,auto,2484.46728515625,1156.3121337890625,2474.619140625,1192.1397705078125,2119.868896484375,1197.8631591796875,2079.89599609375,1210.9647216796875
1749,29.15,14.65705852405511,16.076519668031832,15.964983697698129,502.09769061450805,auto,2490.707763671875,1171.3704833984375,2434.7060546875,1187.4049072265625,2115.02587890625,1205.0323486328125,2067.083251953125,1200.0162353515625
1750,29.166666666666668,14.643481746334741,15.991864120516567,16.021090994583837,502.8347892653463,auto,2445.013671875,1121.4425048828125,2459.710205078125,1184.7254638671875,2094.66552734375,1199.6761474609375,2059.45361328125,1205.9310302734375
1751,29.183333333333334,14.615000698162843,15.934287498814063,15.957597761308422,504.5516099012658,auto,2425.6484375,1151.677978515625,2437.40966796875,1183.15771484375,2088.0625,1203.733642578125,2067.8046875,1202.059326171875
1752,29.2,14.533552102142364,15.90543692100394,15.894272829481231,507.34647673565166,auto,2434.020751953125,1146.7822265625,2428.356689453125,1186.9033203125,2070.882568359375,1210.302734375,2026.3447265625,1206.68994140625
1753,29.216666666666665,14.468675395200478,15.81654018988009,15.810359726402757,510.12873756360176,auto,2410.58447265625,1146.449462890625,2407.431640625,1187.311279296875,2061.6396484375,1208.321533203125,2007.96337890625,1210.967041015625
1754,29.233333333333334,14.409853171583109,15.74561637748974,15.73857354519683,513.0437726932207,auto,2400.304931640625,1138.2899169921875,2396.692138671875,1189.2017822265625,2051.31591796875,1205.0794677734375,2003.5859375,1210.4197998046875
1755,29.25,14.39390085190535,15.682010170231324,15.662123903633184,514.8909053375135,auto,2379.236083984375,1179.99853515625,2368.996826171875,1189.437255859375,2043.40234375,1219.217041015625,2007.0009765625,1208.535888671875
1756,29.266666666666666,14.32881888251246,15.647612577221903,15.58523448967183,516.7031933349542,auto,2372.4248046875,1186.9786376953125,2340.194091796875,1191.8516845703125,2029.359375,1224.2501220703125,1962.09912109375,1212.4190673828125
1757,29.283333333333335,14.374624379720496,15.681624789603582,15.569652488950517,516.7031933349542,auto,2367.3310546875,1190.760498046875,2309.474609375,1194.701171875,2024.22509765625,1203.709228515625,1958.2294921875,1197.1650390625
1758,29.3,14.387263020452018,15.64178102124815,15.616574259938167,516.7031933349542,auto,2329.21337890625,1199.1163330078125,2316.188720703125,1211.6563720703125,1995.018798828125,1223.1717529296875,1936.13037109375,1210.3421630859375
1759,29.316666666666666,14.260490834883726,15.491682407480099,15.477792320781822,523.0095819632596,auto,2334.9248046875,1224.3382568359375,2327.66015625,1230.1785888671875,2019.286865234375,1201.6075439453125,1960.783447265625,1191.0159912109375
1760,29.333333333333332,14.261106426758754,15.439543701213212,15.442298752016184,523.0095819632596,auto,2298.333984375,1224.515869140625,2299.77490234375,1251.937255859375,2004.8515625,1233.535888671875,1968.3134765625,1210.001708984375
1761,29.35,14.258413657282226,15.383677695642744,15.406384958583535,523.4980130474435,auto,2270.07373046875,1263.983154296875,2281.9609375,1266.306884765625,1991.201904296875,1247.999755859375,1968.4169921875,1207.23681640625
1762,29.366666666666667,14.290907567758724,15.32793758405173,15.396495245488032,522.7123672136333,auto,2224.068359375,1042.8612060546875,2259.904296875,1280.8323974609375,2021.75341796875,1201.5611572265625,2019.24267578125,1176.5228271484375
1763,29.383333333333333,14.35174180729538,15.356450430321669,15.432354108791515,520.5636420927483,auto,2205.014892578125,1031.4300537109375,2244.52734375,1298.5216064453125,2022.656005859375,1202.5491943359375,2000.90234375,1187.1453857421875
1764,29.4,14.46992407673639,15.509003927809244,15.505019669377564,517.2945459215263,auto,2237.51025390625,1325.8154296875,2235.44921875,1309.726318359375,2026.4365234375,1202.4609375,1995.743408203125,1196.000732421875
1765,29.416666666666668,14.59997772469744,15.54617278385596,15.608056776244673,513.1277622133761,auto,2198.518798828125,988.9280395507812,2230.2734375,1340.782470703125,2045.101318359375,1201.391357421875,2058.326171875,1181.954345703125
1766,29.433333333333334,14.604729728368511,15.567966781944296,15.559117103639204,513.1277622133761,auto,2224.263671875,1348.439453125,2219.72265625,1352.673583984375,2048.771728515625,1203.164794921875,2050.985595703125,1178.72119140625
1767,29.45,14.612852014264258,15.498591965080562,15.50338221030506,513.1277622133761,auto,2202.497802734375,1348.9652099609375,2204.95556640625,1343.5098876953125,2048.70703125,1194.4237060546875,2063.7080078125,1173.6990966796875
1768,29.466666666666665,14.971088687407812,15.850970990385804,15.874609026904592,499.99278268549153,auto,2188.9345703125,1348.6981201171875,2200.75341796875,1333.3282470703125,2032.1689453125,1220.7664794921875,2051.486328125,1165.2584228515625
1769,29.483333333333334,14.995152419768628,15.838241314450155,15.811626672465172,499.99278268549153,auto,2193.53857421875,1352.39697265625,2180.2314453125,1319.8076171875,2035.5361328125,1210.13134765625,2053.38623046875,1149.640869140625
1770,29.5,15.010785091709511,15.826154225915015,15.813079818440794,499.99278268549153,auto,2194.6787109375,1355.945068359375,2188.1416015625,1330.958251953125,2040.193115234375,1207.809814453125,2054.65576171875,1191.8798828125
1771,29.516666666666666,15.023965488262473,15.809842467023328,15.798402848771682,499.99278268549153,auto,2186.9326171875,1336.3375244140625,2181.212890625,1306.1424560546875,2029.736083984375,1213.4195556640625,2045.968994140625,1201.7762451171875
1772,29.533333333333335,15.04293686196073,15.829957015181868,15.818849432973039,499.99278268549153,auto,2192.50439453125,1320.7288818359375,2186.95068359375,1313.2015380859375,2027.636962890625,1236.7388916015625,2033.84033203125,1214.9295654296875
1773,29.55,15.058009558777565,15.818533998732363,15.833503941380432,499.99278268549153,auto,2179.2568359375,1294.155517578125,2186.741455078125,1300.755126953125,2021.16357421875,1206.225830078125,2039.6962890625,1207.178466796875
1774,29.566666666666666,15.113918721518477,15.84057240278605,15.845176961438646,499.99278268549153,auto,2182.32177734375,1277.6607666015625,2184.6240234375,1267.0313720703125,2028.810546875,1236.7794189453125,2043.08544921875,1193.6422119140625
1775,29.583333333333332,15.124433582769255,15.869930248430661,15.878459668424673,499.99278268549153,auto,2190.742919921875,1256.8515625,2195.0078125,1244.449462890625,2028.03076171875,1199.198486328125,2060.548095703125,1208.447509765625
1776,29.6,15.473978143395112,16.27948350441947,15.96961187217045,489.72521951621957,auto,2225.476318359375,1192.642578125,2073.723876953125,1222.156982421875,2083.581298828125,1252.66455078125,2084.6494140625,1220.440673828125
1777,29.616666666666667,15.489464783036702,16.31096540458377,16.256471556492563,489.72521951621957,auto,2239.3095703125,1223.78466796875,2212.622802734375,1229.194091796875,2077.69921875,1220.643310546875,2071.96630859375,1218.317138671875
1778,29.633333333333333,15.522337943895913,16.27151407202,16.320676685901276,489.72521951621957,auto,2220.890625,1224.838623046875,2244.966796875,1210.0498046875,2068.02392578125,1218.271240234375,2097.14111328125,1215.619873046875
1779,29.65,15.702119455706532,16.529209395026573,16.394507685890524,483.92516541243447,auto,2254.24951171875,1206.70556640625,2189.064208984375,1145.218017578125,2093.91650390625,1236.603759765625,2071.84326171875,1207.234619140625
1780,29.666666666666668,15.802439615721877,16.625160289669513,16.62982135530497,481.56989877489195,auto,2261.197998046875,1207.482421875,2263.4423828125,1184.916748046875,2097.547607421875,1213.398193359375,2115.12890625,1197.642333984375
1781,29.683333333333334,15.87714942156431,16.726002702685847,16.780775858074144,479.20479307201293,auto,2268.7744140625,1182.1717529296875,2295.02197265625,1177.1534423828125,2057.49951171875,1191.0345458984375,2113.866455078125,1203.8497314453125
1782,29.7,15.961274564002546,15.870594987918718,16.876926837798724,477.2641677492062,auto,1826.7216796875,1160.23681640625,2307.0078125,1171.96435546875,2073.833984375,1192.347412109375,2155.31787109375,1202.290771484375
1783,29.716666666666665,16.058027567183505,16.918921954851026,16.95512439912744,475.28677448886583,auto,2292.171875,1181.27294921875,2309.37841796875,1168.637939453125,2113.991455078125,1226.35302734375,2117.033447265625,1198.2861328125
1784,29.733333333333334,16.049315464738058,16.99480336292573,16.28480541046502,475.28677448886583,auto,2328.3779296875,1160.085205078125,1990.92529296875,1215.273681640625,2122.92333984375,1238.572509765625,2083.993408203125,1204.109375
1785,29.75,16.169794335111032,17.157964177855014,17.161174981045693,471.8871350159178,auto,2346.3046875,1157.12451171875,2347.81982421875,1154.673828125,2102.45654296875,1200.1865234375,2107.6669921875,1194.194580078125
1786,29.766666666666666,16.142076097443248,15.987847332184122,17.223442626422926,471.8871350159178,auto,1790.22119140625,1207.02734375,2373.28271484375,1151.55419921875,2065.267578125,1179.290283203125,2141.68212890625,1194.039794921875
1787,29.783333333333335,16.135918511848743,17.270629947694143,17.28530465309222,471.8871350159178,auto,2390.45556640625,1153.2308349609375,2397.38037109375,1152.4639892578125,2060.785400390625,1178.3658447265625,2122.2255859375,1196.3348388671875
1788,29.8,16.154112211756487,17.253463584518705,17.278191839320794,471.8871350159178,auto,2377.76953125,1159.7591552734375,2389.438720703125,1148.978759765625,2113.869873046875,1181.5234375,2111.313720703125,1166.3349609375
1789,29.816666666666666,16.154149397782806,17.31144015647288,17.345975692177728,471.8871350159178,auto,2401.11083984375,1159.999755859375,2417.40771484375,1144.8603515625,2112.1943359375,1187.721435546875,2106.57861328125,1160.169921875
1790,29.833333333333332,16.157311147754424,17.354125317034253,17.428471501130407,471.8871350159178,auto,2419.76123046875,1166.443359375,2454.84375,1144.8994140625,2138.80126953125,1176.5556640625,2124.3486328125,1146.908935546875
1791,29.85,16.133137934814727,17.43036300877867,17.429386212706483,471.8871350159178,auto,2455.14404296875,1159.7337646484375,2454.68310546875,1144.3016357421875,2123.05419921875,1162.083740234375,2114.383056640625,1147.1768798828125
1792,29.866666666666667,16.180537572128383,17.450939880273953,17.488149188278097,471.8871350159178,auto,2464.486572265625,1153.3720703125,2482.044677734375,1150.7880859375,2132.168212890625,1166.2724609375,2140.923095703125,1155.486083984375
1793,29.883333333333333,16.151987046520247,17.482288411844966,17.50193401589854,471.8871350159178,auto,2478.751708984375,1163.327880859375,2488.022216796875,1142.423828125,2108.37939453125,1170.0341796875,2076.19384765625,1151.578369140625
1794,29.9,16.712201381855753,15.997419929398195,17.948769676110178,460.12021692312373,auto,1589.11474609375,983.9653930664062,2486.97021484375,1109.341552734375,1859.7958984375,1136.87939453125,2054.542236328125,1119.48291015625
1795,29.916666666666668,16.59899566833544,18.049105410206298,18.03678003464875,458.7525019906435,auto,2504.24169921875,1170.3961181640625,2498.587646484375,1125.7271728515625,2095.09912109375,1182.4844970703125,2068.850341796875,1149.2083740234375
1796,29.933333333333334,16.625584851824144,18.075220043723267,16.933865952621915,458.49545565437546,auto,2503.6513671875,1196.4296875,1980.345703125,1264.049072265625,2121.56591796875,1175.91650390625,2080.57861328125,1161.910400390625
1797,29.95,16.606594166206026,18.08068190377087,18.055366070951706,458.73589594926545,auto,2501.21630859375,1210.37744140625,2489.60302734375,1218.388427734375,1955.501220703125,1155.090576171875,2104.498779296875,1172.18994140625
1798,29.966666666666665,16.79671864194566,16.153298166367744,18.01107144840392,459.1087244726506,auto,1611.599853515625,1014.03271484375,2464.52001953125,1113.6373291015625,1858.861083984375,1166.0260009765625,2037.61376953125,1136.8839111328125
1799,29.983333333333334,16.550721842152054,17.83383818310142,17.833519542621758,459.7167790950386,auto,2382.869873046875,1194.1455078125,2382.7236328125,1193.573486328125,2094.13232421875,1211.1712646484375,2105.06005859375,1210.9775390625
1800,30.0,16.549227063060854,18.056946751729342,17.303099914767934,460.2169677691566,auto,2483.87841796875,1228.0140380859375,2136.9453125,1177.3157958984375,2120.667724609375,1234.6275634765625,2097.49755859375,1220.4146728515625
1801,30.016666666666666,16.517525757888215,17.840022902284094,17.56278666532777,461.03259375283415,auto,2386.71484375,1213.97314453125,2258.8994140625,1263.876953125,2097.500244140625,1225.2548828125,2105.414794921875,1213.4150390625
1802,30.033333333333335,16.498950527851413,18.023626384287034,18.02642743372698,461.9501869714525,auto,2476.32421875,1233.09033203125,2477.617919921875,1235.26025390625,2094.204833984375,1220.79296875,2100.7890625,1219.68310546875
1803,30.05,16.472514333239225,18.013549617385095,18.009331358324953,462.55382781878023,auto,2471.81201171875,1235.524658203125,2469.861328125,1239.7734375,2101.59423828125,1211.279052734375,2112.04150390625,1214.7294921875
1804,30.066666666666666,16.493272893659498,18.0425257978983,18.036208805599262,462.232932505851,auto,2472.11572265625,1238.845458984375,2469.195556640625,1239.008056640625,2083.15283203125,1240.672119140625,2084.91162109375,1236.6611328125
1805,30.083333333333332,16.539820098528207,17.95908102325147,17.95970378399166,461.02677396357024,auto,2407.317626953125,1231.46142578125,2407.604248046875,1224.005615234375,2093.76416015625,1229.465087890625,2100.334228515625,1220.6666259765625
1806,30.1,16.607769028244153,18.156930849186697,18.159174698986376,459.5895857861234,auto,2469.97802734375,1246.29296875,2471.009765625,1244.11767578125,2092.78271484375,1237.8583984375,2079.947265625,1238.90380859375
1807,30.116666666666667,16.670117448574274,18.254571411751925,17.562002060205014,457.9513737203213,auto,2482.60302734375,1246.5594482421875,2165.440185546875,1241.0389404296875,2107.787109375,1269.7178955078125,2077.984619140625,1245.0916748046875
1808,30.133333333333333,16.724794195957667,18.28168229549928,18.294897192182834,456.545614352722,auto,2465.7900390625,1253.164306640625,2471.82373046875,1260.18798828125,2086.879150390625,1265.285400390625,2077.631591796875,1240.796630859375
1809,30.15,16.76621111018418,18.32106306572472,18.32855461893368,456.3733603881221,auto,2473.593017578125,1260.6314697265625,2477.01220703125,1262.2728271484375,2089.9677734375,1262.6470947265625,2087.25244140625,1226.2467041015625
1810,30.166666666666668,16.775071754747696,18.340701285917202,18.3341196960813,456.7071862490185,auto,2479.033935546875,1264.1085205078125,2476.02783203125,1263.5523681640625,2105.465576171875,1267.9447021484375,2086.80810546875,1234.8555908203125
1811,30.183333333333334,16.741524256157604,18.29188174744426,18.307823324915525,458.2161027143137,auto,2470.3994140625,1269.7501220703125,2477.703857421875,1265.2593994140625,2135.91845703125,1283.1156005859375,2080.7373046875,1238.5618896484375
1812,30.2,16.717869154671718,18.266750514242958,17.1820041129384,459.6665003281777,auto,2471.968505859375,1270.7259521484375,1973.34716796875,1274.9830322265625,2142.690185546875,1291.6048583984375,2093.125,1239.7774658203125
1813,30.216666666666665,16.693612811803423,18.217871783854196,18.254241126364885,461.03605310082366,auto,2461.73828125,1268.4609375,2478.506103515625,1265.795166015625,2103.22216796875,1251.798095703125,2121.51611328125,1255.995849609375
1814,30.233333333333334,16.683131504601857,18.210631228003137,18.235480291518716,461.8116063128458,auto,2461.4169921875,1275.1343994140625,2472.892333984375,1275.5477294921875,2093.61181640625,1261.9840087890625,2104.419921875,1261.7364501953125
1815,30.25,16.687644870471928,18.23022259380433,18.255711314731514,462.3675030092433,auto,2471.23828125,1283.4063720703125,2483.0234375,1279.0010986328125,2110.31640625,1262.7999267578125,2109.82763671875,1272.7896728515625
1816,30.266666666666666,16.709949834922067,18.24383292405338,18.261375046764798,463.11518686462614,auto,2481.36474609375,1280.8896484375,2489.48876953125,1279.58056640625,2121.562744140625,1283.372314453125,2126.35400390625,1275.71875
1817,30.283333333333335,16.707593662327575,18.24514649179217,18.245928023507474,463.5828340734348,auto,2480.78369140625,1286.4932861328125,2481.145751953125,1294.3414306640625,2140.20458984375,1269.6495361328125,2110.06982421875,1277.6290283203125
1818,30.3,16.74310111586479,18.25517549085237,18.273253617256103,464.1853572153385,auto,2485.88232421875,1290.0574951171875,2494.2744140625,1287.1072998046875,2134.918701171875,1269.4681396484375,2128.18505859375,1286.1724853515625
1819,30.316666666666666,16.751726209168194,18.275924981466034,18.292459570934138,464.1075691539145,auto,2485.39208984375,1290.7254638671875,2493.06591796875,1292.4681396484375,2130.275634765625,1272.8587646484375,2118.05224609375,1269.5272216796875
1820,30.333333333333332,16.749235602872727,18.253974331198,18.292398388080642,464.64421181578143,auto,2475.167724609375,1300.8485107421875,2493.02197265625,1296.0867919921875,2119.43994140625,1260.0111083984375,2119.0615234375,1273.5086669921875
1821,30.35,16.760883783502283,18.275519007829605,18.3006657387865,465.0828181224886,auto,2484.4306640625,1299.42919921875,2496.1259765625,1298.24658203125,2137.64208984375,1283.13037109375,2137.45849609375,1286.77099609375
1822,30.366666666666667,16.75227689844899,18.312366862343627,18.33027114254749,465.41987265726004,auto,2499.09619140625,1298.6846923828125,2507.429443359375,1298.2689208984375,2137.9794921875,1292.3997802734375,2146.703125,1292.6707763671875
1823,30.383333333333333,16.769695420069887,18.292015787700052,18.34476989048183,465.5480619979684,auto,2484.712890625,1302.0850830078125,2509.272705078125,1295.5064697265625,2142.474609375,1284.6827392578125,2153.94091796875,1294.9102783203125
1824,30.4,16.795656130930425,18.325166362033453,18.37155207566792,465.7785136228832,auto,2496.41259765625,1300.2484130859375,2518.01806640625,1295.2059326171875,2163.4443359375,1288.3455810546875,2163.21337890625,1296.4844970703125
1825,30.416666666666668,16.78850456177598,18.30504676927665,18.362719690070815,465.92219329246353,auto,2482.5908203125,1318.181396484375,2509.4619140625,1298.490234375,2140.13427734375,1299.07763671875,2159.8701171875,1298.37841796875
1826,30.433333333333334,16.850573915551774,18.34377333834814,18.40662926651333,465.3188287687729,auto,2484.814208984375,1303.8546142578125,2514.06201171875,1293.4632568359375,2163.450439453125,1273.6351318359375,2170.87451171875,1288.8101806640625
1827,30.45,16.89746521043102,18.400617499615397,18.464468856108272,464.0599824736033,auto,2484.55322265625,1318.26513671875,2514.18310546875,1300.554443359375,2142.09326171875,1282.470703125,2147.86083984375,1293.28466796875
1828,30.466666666666665,16.990474201122968,18.527129274654634,18.560615856087473,462.2887164832858,auto,2508.3779296875,1311.7352294921875,2523.859375,1299.2161865234375,2142.4697265625,1280.7313232421875,2164.3623046875,1291.3446044921875
1829,30.483333333333334,17.05647825035638,18.46761481754394,18.630707886916795,461.03373085768783,auto,2456.58154296875,1308.6893310546875,2531.773193359375,1298.5137939453125,2156.27294921875,1271.1070556640625,2185.25244140625,1285.9346923828125
1830,30.5,17.14125792046814,18.652052572361534,18.725592385759942,459.1209892263761,auto,2504.63720703125,1313.4161376953125,2538.4013671875,1295.7681884765625,2146.705078125,1281.3626708984375,2172.244384765625,1291.8048095703125
1831,30.516666666666666,17.223980442741865,18.746600432871084,18.804894922329574,457.62057546617973,auto,2518.78271484375,1309.7540283203125,2545.458984375,1293.4581298828125,2167.83984375,1289.7745361328125,2177.24560546875,1293.3809814453125
1832,30.533333333333335,17.292016252100932,18.801640649615084,18.86448276672012,456.31469102275616,auto,2516.8642578125,1311.40673828125,2545.5390625,1295.725341796875,2171.7158203125,1286.8525390625,2184.01123046875,1294.454833984375
1833,30.55,17.346194828928287,18.91522358406627,18.93236782533451,455.17971984892165,auto,2543.189453125,1300.623291015625,2550.993408203125,1296.82470703125,2171.326416015625,1287.236572265625,2185.0,1297.536376953125
1834,30.566666666666666,17.378301644508095,18.900562853046797,18.963468717794193,455.2002542208999,auto,2530.93359375,1298.5687255859375,2559.568359375,1295.7435302734375,2171.292236328125,1289.1929931640625,2186.04052734375,1300.3397216796875
1835,30.583333333333332,17.382787259499317,18.91625424509966,18.988175333297264,455.3194498743704,auto,2533.217529296875,1304.1788330078125,2565.9638671875,1293.1558837890625,2170.2841796875,1304.2479248046875,2189.076904296875,1302.2813720703125
1836,30.6,16.016040058623496,17.404079807145568,17.474703586057778,495.1966149173563,auto,2532.3525390625,1309.6419677734375,2567.32470703125,1287.0777587890625,2183.4794921875,1311.1231689453125,2204.17724609375,1308.2064208984375
1837,30.616666666666667,16.038865988429677,17.458965500724172,17.501246465456823,494.80655348775815,auto,2546.67431640625,1300.2647705078125,2567.594970703125,1291.7359619140625,2181.083251953125,1305.6759033203125,2189.02880859375,1304.4569091796875
1838,30.633333333333333,16.075100876599233,17.479484730517264,17.535098543107836,494.1829584645243,auto,2541.022705078125,1305.1513671875,2568.505859375,1288.50537109375,2176.500244140625,1311.076904296875,2199.14306640625,1303.229736328125
1839,30.65,16.136906163150176,17.556311932153214,17.578961405236186,493.16475637563536,auto,2557.00146484375,1300.55517578125,2568.17041015625,1293.664794921875,2193.111328125,1311.282958984375,2209.30224609375,1307.369384765625
1840,30.666666666666668,16.204956616210406,17.64983503460156,17.657808884956236,492.2094738332559,auto,2583.1826171875,1283.3538818359375,2587.107666015625,1285.5794677734375,2214.0771484375,1304.3065185546875,2212.04736328125,1308.1478271484375
1841,30.683333333333334,16.24550815857822,17.672372218958206,17.69503583397674,491.3058051813623,auto,2574.02587890625,1294.16796875,2585.16162109375,1284.83935546875,2222.287841796875,1308.09521484375,2223.581787109375,1307.36083984375
1842,30.7,16.277976864006426,17.69548285843462,17.73713874539436,490.81448006998954,auto,2571.73291015625,1299.4564208984375,2592.177734375,1280.8033447265625,2212.442138671875,1302.0360107421875,2224.48828125,1301.0472412109375
1843,30.716666666666665,16.340696599186682,17.73534894609515,17.774277926766928,490.07512323157135,auto,2572.484619140625,1292.7105712890625,2591.562255859375,1283.8321533203125,2222.98583984375,1295.2337646484375,2232.410400390625,1301.4605712890625
1844,30.733333333333334,16.365903140008026,17.786298223324092,17.796385207269854,489.68583191560475,auto,2584.547607421875,1286.70263671875,2589.48681640625,1286.4541015625,2216.49267578125,1292.379638671875,2221.3388671875,1298.85107421875
1845,30.75,16.396888803620243,17.835351399397574,17.853191486449276,488.93574480439156,auto,2589.315673828125,1281.783935546875,2598.03857421875,1284.18115234375,2230.70263671875,1287.713134765625,2231.4833984375,1296.411376953125
1846,30.766666666666666,16.458888627489326,17.89151258031294,17.89123044115424,488.04041641555114,auto,2596.177734375,1279.244140625,2596.040283203125,1284.82568359375,2227.38232421875,1289.1572265625,2235.0771484375,1296.34765625
1847,30.783333333333335,16.505179722402556,17.966617690800433,17.973367155594435,486.58372000375783,auto,2604.111328125,1274.7071533203125,2607.395751953125,1279.9061279296875,2233.39599609375,1294.9764404296875,2231.00830078125,1299.3819580078125
1848,30.8,16.592495182746372,18.048518751785558,18.062454344397263,484.65152779557746,auto,2608.6640625,1274.65234375,2615.41845703125,1275.298095703125,2243.15087890625,1289.90087890625,2238.033203125,1294.1240234375
1849,30.816666666666666,16.665020834432752,18.128251913873342,18.140256362032225,482.81256754073877,auto,2614.46630859375,1271.2001953125,2620.26171875,1272.712890625,2245.6328125,1284.403076171875,2250.745849609375,1290.946533203125
1850,30.833333333333332,16.771467336372204,18.209339213241748,18.24795321063175,480.4665569227676,auto,2611.849609375,1267.4212646484375,2630.4013671875,1266.8861083984375,2247.052490234375,1283.7003173828125,2257.6943359375,1288.9339599609375
1851,30.85,16.858695855756824,18.299864984395796,18.34037481005931,478.20670652622493,auto,2615.1767578125,1266.8372802734375,2634.54833984375,1264.4281005859375,2250.88427734375,1278.3861083984375,2272.4228515625,1287.4822998046875
1852,30.866666666666667,18.84682281062975,20.491796039668372,20.510234409525577,427.7340573531225,auto,2633.6103515625,1255.32373046875,2641.4970703125,1260.372314453125,2271.287109375,1279.74560546875,2274.81396484375,1286.038330078125
1853,30.883333333333333,17.005541239181767,18.46543038891169,18.49089865857931,474.2420728862915,auto,2628.34033203125,1255.6651611328125,2640.41845703125,1260.8431396484375,2272.4267578125,1279.0010986328125,2282.49072265625,1280.0794677734375
1854,30.9,17.081836382197196,18.555921231911523,18.583630872802974,472.7103055507476,auto,2640.81494140625,1251.6270751953125,2653.91357421875,1255.0665283203125,2276.455810546875,1269.7086181640625,2290.7880859375,1273.4752197265625
1855,30.916666666666668,17.148483395172686,18.620088872072476,18.61718385489259,471.3020750722517,auto,2642.57080078125,1250.5601806640625,2641.20166015625,1257.5228271484375,2281.9716796875,1261.7652587890625,2289.197509765625,1271.0228271484375
1856,30.933333333333334,17.2039041676834,18.67386594947815,18.68043301961972,470.05955410147953,auto,2640.969970703125,1249.9539794921875,2644.056640625,1256.3670654296875,2291.88720703125,1266.0948486328125,2300.569091796875,1263.5548095703125
1857,30.95,17.26881956046407,18.729925985166535,18.75203925373485,469.0428409738528,auto,2645.3212890625,1240.9420166015625,2655.69287109375,1251.8343505859375,2283.5595703125,1250.4561767578125,2299.262451171875,1263.1431884765625
1858,30.966666666666665,17.321372419145167,18.802542954204302,18.801937698800785,467.9068098423239,auto,2654.04931640625,1239.6290283203125,2653.76611328125,1251.3985595703125,2291.5263671875,1249.7005615234375,2304.082763671875,1261.5518798828125
1859,30.983333333333334,17.359030240025987,18.87338187949705,18.88782093949277,467.07615502664305,auto,2666.31787109375,1231.5626220703125,2673.06103515625,1239.8331298828125,2296.28955078125,1249.1102294921875,2309.14111328125,1258.9005126953125
1860,31.0,17.397058673991033,18.8932404675744,18.904766354706194,466.4262716637546,auto,2656.8583984375,1227.73779296875,2662.23388671875,1239.631103515625,2299.94482421875,1243.090087890625,2313.4619140625,1252.871337890625
1861,31.016666666666666,17.430787040747514,18.938975065379132,18.938411530104965,466.1559347600981,auto,2666.05029296875,1221.9727783203125,2665.787841796875,1236.4464111328125,2297.052490234375,1239.7701416015625,2310.0712890625,1249.1751708984375
1862,31.033333333333335,17.46560699881794,18.945439236870136,18.97621094931349,465.5947719475913,auto,2652.001953125,1219.931640625,2666.32861328125,1232.62109375,2301.148193359375,1241.02294921875,2313.40771484375,1252.41796875
1863,31.05,17.50041612501676,18.98110706006375,19.01583183889911,465.1251276236334,auto,2652.70703125,1215.8778076171875,2668.857666015625,1224.7274169921875,2302.7568359375,1236.7655029296875,2315.7744140625,1242.1571044921875
1864,31.066666666666666,17.542357547536476,19.012973761570898,19.032967208419176,464.8007329861715,auto,2653.54296875,1208.041015625,2662.83642578125,1224.405029296875,2310.63525390625,1222.86572265625,2322.05224609375,1236.392578125
1865,31.083333333333332,19.62210764582674,21.303476158301134,21.329510185041794,415.8094873426706,auto,2665.12939453125,1206.05029296875,2675.9541015625,1217.362548828125,2303.9912109375,1222.2626953125,2312.582763671875,1230.183837890625
1866,31.1,19.61448929069216,21.308600725375953,21.289383543790322,416.59903869489665,auto,2673.7646484375,1202.269287109375,2665.759765625,1216.2373046875,2312.65380859375,1213.11083984375,2317.349853515625,1222.24560546875
1867,31.116666666666667,19.64409022591703,21.349780589750694,21.35306492667874,416.2750442335473,auto,2672.036376953125,1195.5794677734375,2673.403076171875,1212.3900146484375,2304.2490234375,1208.4027099609375,2308.99072265625,1224.7994384765625
1868,31.133333333333333,19.709098673257348,21.397138812265982,21.41564294403621,415.1838780061501,auto,2655.84716796875,1192.4931640625,2663.52978515625,1210.1787109375,2293.59716796875,1213.47705078125,2297.3212890625,1226.29443359375
1869,31.15,15.98195549895964,17.375215589708407,17.39040918391781,512.4615482806755,auto,2657.9921875,1179.43798828125,2665.77880859375,1196.869384765625,2276.53515625,1207.628662109375,2292.9228515625,1226.151611328125
1870,31.166666666666668,16.024853076226393,17.383221721715085,17.383597147906332,512.4384419235622,auto,2641.080322265625,1178.200927734375,2641.27197265625,1205.496337890625,2285.05615234375,1198.03076171875,2295.32177734375,1222.79541015625
1871,31.183333333333334,16.006289359322796,17.392994431471152,17.42666885202074,512.6062592400817,auto,2628.83349609375,1172.578369140625,2646.0947265625,1196.942626953125,2257.356201171875,1211.806396484375,2269.47216796875,1220.635009765625
1872,31.2,16.012477899758014,17.360082394806472,17.386407958596603,513.514346559464,auto,2607.01416015625,1155.1649169921875,2620.5322265625,1192.0140380859375,2245.449462890625,1220.8441162109375,2245.23828125,1211.6649169921875
1873,31.216666666666665,16.041630030866838,17.34773588070778,17.367494013839536,514.0288271302169,auto,2590.376220703125,1146.2330322265625,2600.53173828125,1194.1885986328125,2246.70703125,1194.0299072265625,2245.59619140625,1210.8604736328125
1874,31.233333333333334,16.007451946135216,17.349857860501785,17.37034132411019,514.8493750429005,auto,2588.136962890625,1156.724853515625,2598.6826171875,1192.200439453125,2234.8037109375,1196.85595703125,2239.533447265625,1213.8017578125
1875,31.25,16.01907306129989,17.332321781120047,17.39216463293003,515.0697410840821,auto,2566.41455078125,1148.6328125,2597.238037109375,1187.463134765625,2222.678955078125,1183.84716796875,2230.84716796875,1204.45849609375
1876,31.266666666666666,16.018880195757966,17.350979796919706,17.41018631338725,515.2284686301724,auto,2566.335693359375,1151.283447265625,2596.84033203125,1186.766845703125,2208.37939453125,1173.716796875,2217.0791015625,1199.930908203125
1877,31.283333333333335,16.054184236079692,17.455082523616184,17.38901774196457,514.7498423113195,auto,2601.112060546875,1167.206298828125,2567.10546875,1180.6513671875,2220.728515625,1192.445068359375,2186.1640625,1190.2451171875
1878,31.3,16.07947505886923,17.458884620751487,17.47179703374643,514.4335243615585,auto,2588.6142578125,1140.450439453125,2595.2568359375,1186.497314453125,2209.315185546875,1164.626220703125,2205.65283203125,1189.15234375
1879,31.316666666666666,16.09495360196177,17.46486823906725,17.516839731475034,514.066378263126,auto,2577.2275390625,1118.457763671875,2603.9443359375,1178.202392578125,2201.23193359375,1157.943115234375,2209.767333984375,1185.3662109375
1880,31.333333333333332,16.135674493260908,17.550422003753855,17.471291865756648,513.0492284928583,auto,2598.8349609375,1139.8759765625,2558.237548828125,1170.078369140625,2223.46826171875,1173.5595703125,2178.8212890625,1176.583984375
1881,31.35,16.19528013117695,17.551556711706862,17.500252143411494,511.78358594375396,auto,2573.1201171875,1128.1531982421875,2546.863037109375,1168.7967529296875,2215.475341796875,1163.9349365234375,2175.986572265625,1184.9398193359375
1882,31.366666666666667,16.236467596953343,17.590957038771936,17.497410867117267,511.0277273181593,auto,2574.18115234375,1123.6822509765625,2526.37646484375,1168.3826904296875,2212.10791015625,1172.3287353515625,2192.2958984375,1190.9449462890625
1883,31.383333333333333,16.249449861367665,17.59601316972388,17.551025073243125,511.2463473496403,auto,2570.425537109375,1147.463134765625,2547.42578125,1173.841796875,2213.891357421875,1166.80224609375,2189.199951171875,1187.86767578125
1884,31.4,16.25148139319586,17.545172523891136,17.499412706708668,512.2705398172218,auto,2546.72021484375,1163.6805419921875,2523.27880859375,1181.3284912109375,2204.9345703125,1172.2843017578125,2177.4638671875,1192.6180419921875
1885,31.416666666666668,16.200515831739693,17.56535281342721,17.07357849717593,514.0605140576853,auto,2568.609130859375,1175.7327880859375,2315.80712890625,1165.9095458984375,2200.234375,1183.8660888671875,2144.689453125,1189.7325439453125
1886,31.433333333333334,16.186525381008938,17.386311204058476,17.540339984271203,515.7886010184371,auto,2485.8359375,1230.66552734375,2565.28173828125,1207.947265625,2198.13134765625,1161.35791015625,2196.91845703125,1171.9345703125
1887,31.45,16.105832904845627,17.254924542817665,17.427520344609643,518.3149499940996,auto,2440.59130859375,1244.4093017578125,2530.050537109375,1218.2779541015625,2144.82421875,1182.2891845703125,2169.035888671875,1171.9801025390625
1888,31.466666666666665,16.04584432529093,17.16915019064691,17.360973208483784,520.2905890176978,auto,2411.44482421875,1251.47314453125,2511.2490234375,1234.930419921875,2125.257080078125,1194.476318359375,2152.405029296875,1172.861083984375
1889,31.483333333333334,16.035981298570444,17.142262988654196,17.29955628845168,521.3501332738354,auto,2401.76025390625,1273.7445068359375,2483.764892578125,1245.6429443359375,2120.8798828125,1199.4617919921875,2144.49658203125,1170.2489013671875
1890,31.5,16.07507568758753,17.133852707515388,17.301615099201424,520.715307135016,auto,2379.32080078125,1284.0611572265625,2466.677734375,1263.9239501953125,2124.77880859375,1200.8135986328125,2146.366455078125,1169.4288330078125
1891,31.516666666666666,16.145068883450847,17.133222434684658,17.305871867622738,519.1494570801508,auto,2351.0,1285.9925537109375,2440.63037109375,1271.3729248046875,2129.053955078125,1203.5701904296875,2143.23974609375,1180.1766357421875
1892,31.533333333333335,16.20831208813374,17.15913134334228,17.349677178814822,516.7719869384894,auto,2325.35693359375,1286.1083984375,2423.82568359375,1278.1748046875,2123.49609375,1197.63623046875,2136.020263671875,1174.692138671875
1893,31.55,16.32769676404219,17.252834689461586,17.411345079333596,514.3159014896592,auto,2333.813232421875,1311.39501953125,2415.337890625,1303.856689453125,2167.348388671875,1185.602294921875,2202.973876953125,1134.569580078125
1894,31.566666666666666,16.399732144091274,17.276660363156527,17.443507274951845,512.375568298645,auto,2312.31640625,1311.119873046875,2397.80419921875,1317.124267578125,2158.765869140625,1188.243896484375,2199.896484375,1138.427001953125
1895,31.583333333333332,16.461111123232126,17.309123800813374,17.4487321009216,511.2798178522842,auto,2308.57177734375,1323.331298828125,2379.950927734375,1324.1591796875,2161.29248046875,1185.268798828125,2217.572998046875,1142.96435546875
1896,31.6,16.491607909628936,17.307210329763763,17.40894800387765,510.79206722208755,auto,2293.60302734375,1317.245361328125,2345.56982421875,1294.3447265625,2138.223388671875,1181.956298828125,2202.549560546875,1140.803466796875
1897,31.616666666666667,16.523805750803177,17.33615714847882,17.415292302360875,510.2030895166471,auto,2290.46484375,1318.856689453125,2330.839111328125,1295.809326171875,2120.92431640625,1189.487548828125,2185.153564453125,1146.825927734375
1898,31.633333333333333,16.51543630510241,17.30354373764726,17.377748292284515,510.4923755715346,auto,2270.32275390625,1303.88525390625,2308.203857421875,1285.3154296875,2110.64892578125,1223.267578125,2157.90625,1154.388671875
1899,31.65,16.560757843628224,17.324941146994714,17.350859539322407,510.31569909018964,auto,2268.974609375,1303.306640625,2282.20068359375,1263.671142578125,2132.31884765625,1223.626708984375,2186.181884765625,1140.76953125
1900,31.666666666666668,16.645706584548222,17.332720291268163,17.34677736478165,509.7800490354256,auto,2258.2265625,1276.5467529296875,2265.391845703125,1250.5926513671875,2154.64697265625,1186.0855712890625,2182.53173828125,1149.1512451171875
1901,31.683333333333334,16.694511885800512,17.400169917582613,17.427788350819824,508.46362751233147,auto,2266.80078125,1258.257080078125,2280.844482421875,1246.198486328125,2121.731201171875,1177.085205078125,2155.431640625,1163.06591796875
1902,31.7,16.77760886178875,17.485143403815094,17.50222086168953,506.82446422294805,auto,2280.59619140625,1248.235595703125,2289.2509765625,1234.725341796875,2120.4501953125,1165.92822265625,2162.634033203125,1161.30517578125
1903,31.716666666666665,16.84372235569036,17.553211668253226,17.525278282349483,504.93313757604244,auto,2283.24462890625,1219.2545166015625,2269.14013671875,1209.4320068359375,2122.24609375,1168.7615966796875,2138.204833984375,1163.9432373046875
1904,31.733333333333334,16.91064926009423,17.679177864788453,17.674470891578398,503.1182368830946,auto,2314.660400390625,1205.4609375,2312.29248046875,1196.011962890625,2133.9052734375,1177.4892578125,2146.470703125,1174.09521484375
1905,31.75,16.99137588220123,17.775263168195398,17.7638149130318,501.4922235272308,auto,2333.11279296875,1198.832763671875,2327.3720703125,1175.18212890625,2157.048095703125,1194.220458984375,2137.846923828125,1172.790283203125
1906,31.766666666666666,17.066652728627798,16.972460250539935,17.839990134457963,500.0739566494193,auto,1903.89697265625,1166.915283203125,2337.7265625,1155.029296875,2150.13037109375,1177.725830078125,2191.25341796875,1181.038330078125
1907,31.783333333333335,17.155463949395827,17.98387944598033,17.981917687401822,498.7951299006284,auto,2384.20947265625,1164.250244140625,2383.23046875,1147.7900390625,2191.759033203125,1178.737548828125,2186.8193359375,1157.835693359375
1908,31.8,17.206153818393656,18.053180072157076,17.93236172335589,497.65600307483766,auto,2395.52783203125,1142.7822265625,2335.40185546875,1137.597900390625,2214.11376953125,1173.90576171875,2208.15234375,1153.723388671875
1909,31.816666666666666,17.27104676739997,17.121458744591692,18.20179512135185,496.2782633917817,auto,1906.76318359375,1141.069091796875,2442.91015625,1123.86572265625,2143.090087890625,1143.613525390625,2257.756103515625,1154.631103515625
1910,31.833333333333332,17.33193709402655,18.192308680525127,18.243237246661934,494.4885682104274,auto,2406.44384765625,1131.613525390625,2431.6279296875,1122.489501953125,2170.701904296875,1153.178955078125,2232.309814453125,1170.43798828125
1911,31.85,17.4133307059616,18.29113364676411,18.33619631864221,492.4565127880161,auto,2420.27978515625,1130.676513671875,2442.47119140625,1117.733642578125,2147.577392578125,1154.2939453125,2194.724365234375,1179.23046875
1912,31.866666666666667,17.460546201304755,18.375100806487236,18.400910399454325,490.71053071810337,auto,2431.78173828125,1124.5587158203125,2444.44677734375,1119.7337646484375,2174.690185546875,1156.8033447265625,2209.4521484375,1164.0770263671875
1913,31.883333333333333,17.540004982600205,17.4505326057255,18.50142175670873,489.30477362326957,auto,1954.22021484375,1157.435791015625,2468.42626953125,1116.41796875,2167.85693359375,1153.12451171875,2236.145263671875,1169.96044921875
1914,31.9,17.59704678315359,17.532707933799315,18.593555134950694,488.04135423610387,auto,1970.599853515625,1164.0589599609375,2488.33740234375,1115.9261474609375,2194.26513671875,1159.8724365234375,2252.177734375,1180.6973876953125
1915,31.916666666666668,17.634676417031486,18.670725752398294,18.686850882588825,487.15691949035,auto,2506.71875,1119.1513671875,2514.574462890625,1112.822021484375,2220.2216796875,1154.93310546875,2249.8369140625,1170.537109375
1916,31.933333333333334,17.68906749704851,17.4830652850954,18.77764306622769,486.0024464499182,auto,1904.8818359375,1136.389892578125,2534.05078125,1121.256103515625,2183.208251953125,1149.3896484375,2257.923583984375,1165.655029296875
1917,31.95,17.740426641017844,18.84991610282167,18.86012849533061,485.01122490773093,auto,2548.114501953125,1130.600830078125,2553.06787109375,1118.42822265625,2237.24462890625,1177.688720703125,2263.08447265625,1170.0146484375
1918,31.966666666666665,17.76790522078446,18.915452600028797,18.972288762839113,484.1217921735618,auto,2561.552490234375,1131.60986328125,2589.068603515625,1119.584228515625,2218.32470703125,1160.432373046875,2315.0576171875,1190.704345703125
1919,31.983333333333334,17.837164418953545,17.544901683866666,19.0524041594377,482.9678273242695,auto,1876.846923828125,1105.2457275390625,2604.922119140625,1128.1024169921875,2223.43603515625,1151.9715576171875,2344.70068359375,1183.0274658203125
1920,32.0,17.845913547883978,17.74624639825667,19.10630568047645,482.03393420652293,auto,1955.95654296875,1147.9678955078125,2611.5517578125,1142.0098876953125,2231.343505859375,1162.1802978515625,2313.158935546875,1175.2330322265625
1921,32.016666666666666,17.886565205723215,19.096200786268664,19.172259147253083,481.2299663872371,auto,2588.11279296875,1146.77001953125,2624.71484375,1150.810302734375,2250.8193359375,1166.458251953125,2301.91064453125,1162.79833984375
1922,32.03333333333333,17.903541734320328,19.119200335630776,19.186056765433968,480.8140055807263,auto,2586.50537109375,1145.254150390625,2618.6513671875,1173.91015625,2263.69384765625,1162.364990234375,2316.202880859375,1162.096923828125
1923,32.05,17.941001868060415,19.16838823930039,19.221626324807612,480.35615751116285,auto,2595.58251953125,1162.3211669921875,2621.15625,1190.5511474609375,2280.9404296875,1157.3431396484375,2306.83154296875,1154.2000732421875
1924,32.06666666666667,17.961125180145487,19.204761513413466,19.267572374690236,480.1431235293974,auto,2602.123779296875,1165.6734619140625,2632.28173828125,1206.1551513671875,2280.54638671875,1155.6307373046875,2304.686767578125,1151.4573974609375
1925,32.083333333333336,17.963390552468095,19.171065796508735,19.171128873341157,479.94543064805066,auto,2575.6181640625,1225.889892578125,2575.6484375,1221.629638671875,2295.9326171875,1186.623779296875,2278.471923828125,1166.98193359375
1926,32.1,17.96303495455053,19.187046618934456,19.18653589226624,479.9381014415805,auto,2576.44970703125,1216.1092529296875,2576.204345703125,1222.6510009765625,2285.65869140625,1187.2027587890625,2280.628173828125,1172.48828125
1927,32.11666666666667,17.964348580166988,19.191656362447464,19.19167671176425,479.8994041570294,auto,2571.984375,1241.0908203125,2571.99365234375,1255.67626953125,2286.5859375,1190.954833984375,2269.71826171875,1179.07568359375
1928,32.13333333333333,17.96264988770236,19.197630280153167,,479.65870852272354,auto,2565.369140625,1208.78369140625,,,2271.9375,1177.145263671875,2307.381103515625,1178.3211669921875
1929,32.15,18.012599319552695,19.357311831852222,19.464426364684233,478.96125372604786,auto,2625.06591796875,1248.929931640625,2676.369384765625,1267.82421875,2276.051025390625,1177.509033203125,2316.67333984375,1184.7705078125
1930,32.166666666666664,18.03890481810972,19.49778073739333,19.531616932041572,477.9171714080816,auto,2670.22216796875,1282.752197265625,2686.392578125,1276.167724609375,2314.45361328125,1178.169677734375,2338.904541015625,1192.894775390625
1931,32.18333333333333,18.081281703385145,19.52851441568419,19.55052554093828,476.8983953034459,auto,2664.1826171875,1281.714111328125,2674.680419921875,1290.140869140625,2316.3056640625,1181.573974609375,2334.875,1191.423095703125
1932,32.2,18.11947269795934,19.59602449699518,19.647220968350837,475.89720868153563,auto,2675.68701171875,1287.779052734375,2700.051025390625,1293.566162109375,2316.77783203125,1200.48583984375,2331.22265625,1205.056884765625
1933,32.21666666666667,18.16364534015691,19.655721305095312,19.70969963319338,475.0713034481397,auto,2686.842041015625,1286.662353515625,2712.48583984375,1297.0556640625,2326.779541015625,1201.924072265625,2334.412353515625,1217.460205078125
1934,32.233333333333334,18.21353671582921,19.679261258607887,19.74093975291321,474.28086591563203,auto,2681.165283203125,1294.4725341796875,2710.41845703125,1305.9627685546875,2335.124267578125,1216.3865966796875,2347.546875,1224.8240966796875
1935,32.25,18.24193503127014,19.74887793984259,19.79460532238367,473.74428042186645,auto,2699.90625,1299.6915283203125,2721.568603515625,1307.8939208984375,2323.8046875,1226.7650146484375,2340.979248046875,1246.3411865234375
1936,32.266666666666666,18.258694977705307,19.775903975372763,19.824479826546447,473.40588367205254,auto,2700.255859375,1308.3978271484375,2723.252197265625,1313.4051513671875,2332.0126953125,1237.6424560546875,2339.41162109375,1246.8756103515625
1937,32.28333333333333,18.276395437951244,19.803209107688257,19.831331178378868,473.52154101677615,auto,2707.978515625,1318.9267578125,2721.294921875,1325.91455078125,2342.46923828125,1242.96240234375,2331.59228515625,1244.9638671875
1938,32.3,18.253823226522027,19.78705643157038,19.854570397091656,474.29423124181073,auto,2706.203125,1316.4461669921875,2738.224609375,1325.6448974609375,2314.01416015625,1237.9818115234375,2345.896728515625,1257.3192138671875
1939,32.31666666666667,18.25043224478591,19.743391207519544,19.846549513198003,474.8466415557764,auto,2685.9267578125,1341.8917236328125,2734.911376953125,1328.8399658203125,2313.2001953125,1270.0775146484375,2341.771484375,1269.2149658203125
1940,32.333333333333336,18.250913681655657,19.79292315754548,19.823523163037216,475.4837279827081,auto,2711.200439453125,1374.3670654296875,2725.75,1337.6326904296875,2332.60546875,1294.0672607421875,2361.50537109375,1288.7586669921875
1941,32.35,18.27600102327311,19.828415977937805,19.848896802889385,475.91199746803596,auto,2725.81298828125,1376.923583984375,2735.560546875,1335.016357421875,2342.08544921875,1300.978515625,2370.46533203125,1282.2490234375
1942,32.36666666666667,18.288859820863358,19.834907263041206,19.85848168137046,476.466554471098,auto,2729.640625,1375.7174072265625,2740.87255859375,1339.6685791015625,2335.6162109375,1309.9822998046875,2350.503662109375,1296.8189697265625
1943,32.38333333333333,18.294523679041543,19.80316137004034,19.853067989748737,476.7497556240319,auto,2711.242919921875,1364.441162109375,2735.03515625,1349.580078125,2290.46728515625,1295.9052734375,2310.48046875,1286.880126953125
1944,32.4,18.328739210625347,19.83582657156985,19.907894165047843,476.6575494225406,auto,2718.36474609375,1351.82080078125,2752.716796875,1347.646484375,2322.53515625,1293.4697265625,2341.1943359375,1296.43359375
1945,32.416666666666664,18.36661051633547,19.863118627501954,19.92528018638648,476.4550315576606,auto,2721.01904296875,1384.240478515625,2750.63671875,1352.20703125,2342.0400390625,1296.207763671875,2338.3701171875,1292.88134765625
1946,32.43333333333333,18.413458056824783,20.0057825346309,19.971900503792433,476.46360882158126,auto,2780.6845703125,1403.76416015625,2764.541015625,1352.86767578125,2383.146484375,1315.506103515625,2360.593017578125,1305.21923828125
1947,32.45,18.432731359836822,19.98351290824138,19.970370832862276,476.76069564805266,auto,2766.35107421875,1404.291748046875,2760.0859375,1352.213623046875,2384.72900390625,1320.28271484375,2369.557373046875,1315.876708984375
1948,32.46666666666667,18.44213200294303,19.93410553151751,19.954727186418072,477.5395717504927,auto,2746.47705078125,1373.737060546875,2756.32470703125,1351.176513671875,2374.65234375,1310.0751953125,2372.191162109375,1321.360107421875
1949,32.483333333333334,18.40254297205248,19.948405132236417,19.9433219236056,478.36726792154195,auto,2757.490234375,1399.5247802734375,2755.0576171875,1349.4681396484375,2375.2763671875,1341.9915771484375,2367.552734375,1327.2967529296875
1950,32.5,18.401461556130442,19.934324520176027,19.97645001966354,479.0605288485929,auto,2753.33447265625,1405.8648681640625,2773.5146484375,1338.4732666015625,2370.81201171875,1313.0606689453125,2402.437744140625,1320.9791259765625
1951,32.516666666666666,18.43220353767639,19.981318998417144,19.986186078169503,479.1438333980062,auto,2768.2490234375,1396.6170654296875,2770.580810546875,1338.4188232421875,2362.38623046875,1323.0247802734375,2385.56982421875,1319.2984619140625
1952,32.53333333333333,18.437848943980356,20.02554477139423,19.996241272778256,479.29163882650056,auto,2783.969482421875,1391.5960693359375,2769.9248046875,1333.9090576171875,2395.877197265625,1344.6883544921875,2397.632568359375,1334.0906982421875
1953,32.55,18.44455570826282,20.005095324069327,19.99805170101462,479.43410639290204,auto,2767.176025390625,1358.3280029296875,2763.798828125,1342.9229736328125,2382.3095703125,1320.2799072265625,2385.447021484375,1328.9234619140625
1954,32.56666666666667,18.44398074440596,20.00434768008387,19.991640566998758,480.1690564278239,auto,2771.23974609375,1365.72412109375,2765.138671875,1337.92724609375,2381.93603515625,1323.145751953125,2394.956787109375,1332.583984375
1955,32.583333333333336,18.44416971973142,19.99556299416608,19.974235153117856,480.7298434153637,auto,2766.801025390625,1363.5313720703125,2756.548095703125,1336.9735107421875,2348.900146484375,1338.0921630859375,2371.78515625,1324.2064208984375
1956,32.6,18.44422880505635,19.980109711928584,19.98308271997558,481.21768925133847,auto,2758.093505859375,1357.0927734375,2759.52392578125,1332.8037109375,2369.23486328125,1314.76611328125,2379.23486328125,1332.89306640625
1957,32.61666666666667,18.463295336478094,19.981848562792663,19.987265174061413,481.7356960900305,auto,2759.541748046875,1361.1507568359375,2762.15087890625,1331.6690673828125,2375.251953125,1313.8262939453125,2393.62646484375,1330.3948974609375
1958,32.63333333333333,18.481937485771073,20.010622898749546,20.030835583582338,481.40407029018445,auto,2758.9150390625,1355.2545166015625,2768.64599609375,1330.9283447265625,2372.607666015625,1311.8802490234375,2400.401123046875,1337.0584716796875
1959,32.65,18.5518163714429,20.105295288305488,20.102121374628254,480.91011373376887,auto,2789.083984375,1397.0443115234375,2787.556884765625,1317.5355224609375,2401.74609375,1354.6087646484375,2410.8115234375,1343.5364990234375
1960,32.666666666666664,18.579796923785466,20.152542314446627,20.146853328106978,479.9569882898219,auto,2789.8505859375,1399.809326171875,2787.119873046875,1318.557373046875,2393.3369140625,1347.71533203125,2393.200927734375,1336.08349609375
1961,32.68333333333333,18.677320564515142,20.289784747602816,20.26633027133,478.07039025616194,auto,2815.87109375,1395.8623046875,2804.658203125,1313.156982421875,2408.44384765625,1352.150390625,2409.76806640625,1337.19580078125
1962,32.7,18.774115091721363,20.389587709186525,20.363080774668546,476.14309159134683,auto,2824.19677734375,1405.8822021484375,2811.57470703125,1312.5689697265625,2414.50537109375,1347.6749267578125,2415.2900390625,1341.6915283203125
1963,32.71666666666667,18.858044745322385,20.434020970066022,20.443353943328855,474.31377845361897,auto,2807.50732421875,1380.6187744140625,2811.9345703125,1314.9683837890625,2411.283935546875,1354.4361572265625,2419.953125,1343.5284423828125
1964,32.733333333333334,18.936026525928245,20.498950478696923,20.50774259461647,472.7246590048837,auto,2804.832763671875,1375.0185546875,2808.9892578125,1317.0517578125,2418.80322265625,1355.6513671875,2421.55810546875,1340.2763671875
1965,32.75,18.99542856290925,20.568558250461813,20.601387747902063,471.54144769272955,auto,2810.795654296875,1359.498291015625,2826.27685546875,1311.496337890625,2424.89697265625,1347.023681640625,2426.5859375,1343.0283203125
1966,32.766666666666666,19.055453894453628,20.616275054206437,20.661181984333254,470.41737077868584,auto,2807.237548828125,1372.6904296875,2828.3623046875,1317.425048828125,2429.4326171875,1350.038818359375,2438.8623046875,1338.35302734375
1967,32.78333333333333,19.128849498411533,20.675642280829525,20.730212438359786,469.54320886448915,auto,2813.28662109375,1354.6737060546875,2838.9091796875,1315.3516845703125,2447.166015625,1346.4410400390625,2451.02685546875,1344.5238037109375
1968,32.8,19.170422278637304,20.672708973308115,20.758114093139493,468.8362442914048,auto,2792.3271484375,1367.5943603515625,2832.36767578125,1321.8482666015625,2433.294921875,1351.5985107421875,2443.23046875,1337.3931884765625
1969,32.81666666666667,19.19764910144488,20.730740984561994,20.77888673327445,468.46685539579573,auto,2805.20263671875,1377.6593017578125,2827.757568359375,1325.6102294921875,2437.39501953125,1358.0391845703125,2453.309814453125,1336.5806884765625
1970,32.833333333333336,19.207329554704085,20.689336791408518,20.796246162928885,468.6541031199914,auto,2781.548583984375,1411.668212890625,2831.65234375,1325.198486328125,2436.71630859375,1361.279296875,2460.0419921875,1330.251708984375
1971,32.85,19.222044431607348,20.700579385069208,20.811385375702386,468.8656696549052,auto,2781.234130859375,1408.5029296875,2833.18701171875,1323.552490234375,2435.0888671875,1364.135986328125,2453.66650390625,1333.024169921875
1972,32.86666666666667,19.21385737350911,20.661877581364333,20.786674120325323,469.57682470921117,auto,2766.95654296875,1406.558837890625,2825.557861328125,1325.3251953125,2425.8935546875,1360.4521484375,2443.300537109375,1335.969482421875
1973,32.88333333333333,19.256477186372372,20.738090463896174,20.822851017609253,469.3829205585017,auto,2791.4443359375,1386.9888916015625,2831.228515625,1320.5040283203125,2428.27099609375,1360.7645263671875,2443.3369140625,1326.9193115234375
1974,32.9,19.31222010701796,20.801982023663196,20.90021262921321,467.9378698230339,auto,2789.11572265625,1384.776611328125,2835.082275390625,1318.000244140625,2440.9443359375,1362.585205078125,2457.5927734375,1330.562255859375
1975,32.916666666666664,19.43097308135973,20.88950054413456,21.02041035838517,465.4325410878465,auto,2779.84619140625,1403.2191162109375,2840.776123046875,1318.4527587890625,2439.95263671875,1360.4656982421875,2452.392578125,1332.6268310546875
1976,32.93333333333333,19.546980564477035,21.013699807842816,21.139476390180707,462.9985480409684,auto,2789.088623046875,1392.6025390625,2847.3232421875,1319.89111328125,2448.32666015625,1358.369140625,2461.890625,1333.87060546875
1977,32.95,19.63957136728841,21.12314015095767,21.257633800428295,461.0972241558943,auto,2801.069091796875,1393.995849609375,2863.084228515625,1317.3837890625,2460.193115234375,1374.507568359375,2464.5869140625,1334.987548828125
1978,32.96666666666667,19.72320196816722,21.17709253239105,21.341354737731166,459.74989251868345,auto,2794.426025390625,1401.723876953125,2869.9453125,1317.70263671875,2463.45849609375,1356.863037109375,2477.4033203125,1340.774169921875
1979,32.983333333333334,19.76227292230723,21.176324622404074,21.39861329979136,459.3636046837129,auto,2779.564453125,1406.747802734375,2881.67578125,1314.61572265625,2463.341796875,1368.6484375,2475.140625,1337.9306640625
1980,33.0,19.76190388904197,21.159518325378873,21.369839058340272,459.6727558725438,auto,2769.445556640625,1412.608154296875,2866.12353515625,1316.75732421875,2462.86181640625,1370.56591796875,2473.3994140625,1341.57080078125
1981,33.016666666666666,19.778141461610687,21.179589399018514,21.39756235064572,459.87016767078387,auto,2773.483642578125,1408.190185546875,2873.72314453125,1313.2822265625,2463.921630859375,1369.2265625,2477.95361328125,1341.6904296875
1982,33.03333333333333,19.803794458205434,21.210559409779275,21.42248934644568,459.601516636234,auto,2774.551025390625,1421.3328857421875,2871.9541015625,1315.6207275390625,2457.58349609375,1375.4776611328125,2474.8359375,1337.9976806640625
1983,33.05,19.856915469254144,21.160091792883552,21.454896010639164,458.87180576955427,auto,2729.99072265625,1428.3511962890625,2865.2685546875,1317.0821533203125,2452.09521484375,1365.1431884765625,2476.413330078125,1337.0118408203125
1984,33.06666666666667,19.915094438890414,21.215267487540718,21.52962843224166,457.85160812334806,auto,2730.285888671875,1431.118408203125,2874.216552734375,1312.19580078125,2465.325927734375,1370.323974609375,2491.090576171875,1335.814453125
1985,33.083333333333336,19.98107227009932,21.217101174028997,21.612036986977284,456.5269145358774,auto,2700.27978515625,1443.94873046875,2880.57861328125,1308.57080078125,2460.411865234375,1368.043212890625,2474.443603515625,1332.95654296875
1986,33.1,20.05946265152406,21.29992257763325,21.6951160424245,455.16423147967424,auto,2707.61279296875,1439.422607421875,2887.49072265625,1309.34423828125,2462.201904296875,1375.458984375,2494.87939453125,1331.6220703125
1987,33.11666666666667,20.05833079084722,21.298830509588086,21.678653492109113,455.16423147967424,auto,2706.630859375,1441.9383544921875,2879.51220703125,1309.5755615234375,2473.06591796875,1367.7803955078125,2494.9169921875,1328.4217529296875
1988,33.13333333333333,20.170277320376393,21.3530079683813,21.801897703558723,453.0318075654389,auto,2682.814453125,1436.760009765625,2886.175537109375,1304.787841796875,2458.77392578125,1359.05615234375,2483.15771484375,1326.61669921875
1989,33.15,20.19658978674617,21.369767036678915,21.83139640430395,452.6130003382183,auto,2675.99462890625,1442.0850830078125,2884.93505859375,1310.9034423828125,2464.79541015625,1359.4278564453125,2490.83740234375,1327.6209716796875
1990,33.166666666666664,20.240749763912902,21.327980979477342,21.860639196918292,452.5540632473656,auto,2649.0302734375,1429.400390625,2890.08740234375,1305.80712890625,2475.675048828125,1344.31103515625,2510.84228515625,1323.00244140625
1991,33.18333333333333,20.266196162576687,21.364018705853912,21.919293279840154,452.40850071090046,auto,2654.66455078125,1429.848876953125,2905.87451171875,1301.778076171875,2486.91748046875,1342.703857421875,2526.413330078125,1324.714111328125
1992,33.2,20.275467861340797,21.816659007684486,21.920497770635848,452.40850071090046,auto,2852.248291015625,1290.2418212890625,2899.22509765625,1306.4427490234375,2486.957763671875,1325.1680908203125,2515.471435546875,1318.7081298828125
1993,33.21666666666667,20.27049114744891,21.295333006679623,21.9682249584451,452.50259088939595,auto,2609.7431640625,1429.0244140625,2914.22900390625,1292.757080078125,2479.55810546875,1331.78076171875,2521.15625,1314.83154296875
1994,33.233333333333334,20.332911107135615,21.31696617010695,21.96228576593193,452.50259088939595,auto,2611.28759765625,1439.9490966796875,2903.29638671875,1295.0111083984375,2473.48583984375,1330.2694091796875,2536.769775390625,1310.1903076171875
1995,33.25,20.344819611929935,21.342200371603145,22.02016652313718,452.6060214152092,auto,2618.42041015625,1446.2852783203125,2925.272216796875,1286.3004150390625,2470.11572265625,1342.4503173828125,2541.2685546875,1306.7086181640625
1996,33.266666666666666,20.356757934803756,21.33520367325554,22.023593028680438,452.726848975805,auto,2610.96923828125,1447.3709716796875,2922.62060546875,1285.9554443359375,2474.064453125,1331.2322998046875,2521.50244140625,1304.7867431640625
1997,33.28333333333333,20.397540778455053,21.2633476193928,22.082544535780446,452.4069172486069,auto,2565.697265625,1464.5496826171875,2936.30712890625,1282.2969970703125,2469.37158203125,1318.8868408203125,2537.943359375,1298.5655517578125
1998,33.3,20.390969617299547,22.031252282795,22.091408319609233,452.48536978183995,auto,2908.204345703125,1237.580322265625,2935.42431640625,1285.564208984375,2499.861328125,1291.869873046875,2529.421875,1300.584228515625
1999,33.31666666666667,18.352996786101414,19.837000902969958,19.875868316654046,503.1126500707966,auto,2913.62060546875,1259.87060546875,2933.17626953125,1278.72998046875,2494.80322265625,1312.941650390625,2529.81884765625,1294.12939453125
2000,33.333333333333336,18.376573737684893,19.159344226177158,19.920614468509545,502.8691713531518,auto,2560.63134765625,1468.5889892578125,2943.451171875,1269.8201904296875,2481.0791015625,1317.7159423828125,2520.4150390625,1294.0067138671875
2001,33.35,18.40729687025064,19.877068609123317,19.92293836545676,502.6758158444666,auto,2907.81884765625,1250.6011962890625,2930.87646484375,1268.8072509765625,2492.10009765625,1308.5650634765625,2509.742431640625,1288.5133056640625
2002,33.36666666666667,18.425399668453085,19.196392349616367,19.945024414176633,502.78291817969557,auto,2555.641845703125,1458.0286865234375,2932.04150390625,1265.8519287109375,2465.87158203125,1340.7611083984375,2525.85986328125,1289.0277099609375
2003,33.38333333333333,18.414713734153946,19.183269986708755,19.97938260407768,503.1198229042592,auto,2542.67578125,1454.3037109375,2943.2158203125,1262.323486328125,2443.31396484375,1328.77001953125,2501.21875,1287.0830078125
2004,33.4,18.426995970002835,19.140172388382876,19.956016398046362,503.3442493429376,auto,2511.9736328125,1460.605224609375,2922.6240234375,1259.042236328125,2451.11328125,1299.007568359375,2489.38916015625,1272.838623046875
2005,33.416666666666664,18.437670665309405,19.117728800508104,20.01341965313802,503.51976415834287,auto,2492.4228515625,1468.4320068359375,2943.421142578125,1256.2864990234375,2450.51220703125,1282.0091552734375,2500.875,1267.3489990234375
2006,33.43333333333333,18.4575916836513,19.174879323581397,19.979768504093013,503.4272230401201,auto,2509.1015625,1461.4395751953125,2914.30517578125,1249.6016845703125,2449.04931640625,1323.8092041015625,2485.38037109375,1264.0343017578125
2007,33.45,18.47239806223878,20.0809481062581,19.944436088363098,503.21805771590095,auto,2953.451904296875,1231.9564208984375,2884.75634765625,1256.3599853515625,2516.941650390625,1262.9737548828125,2474.97607421875,1256.8887939453125
2008,33.46666666666667,18.529595790574835,20.10631403575975,20.01731835183217,502.5041794317982,auto,2945.3076171875,1236.636474609375,2900.5869140625,1251.31494140625,2485.68408203125,1269.548095703125,2445.9609375,1250.211669921875
2009,33.483333333333334,18.536929303407536,19.16233722600935,20.120619035320857,502.05212829894,auto,2455.98681640625,1458.65283203125,2937.09521484375,1250.728271484375,2444.29638671875,1311.729248046875,2474.14013671875,1257.55078125
2010,33.5,18.58387195572599,19.210915437762065,20.08105171227535,501.3414155231152,auto,2460.362548828125,1453.0538330078125,2896.59765625,1247.6243896484375,2450.4345703125,1293.2962646484375,2461.705078125,1261.2064208984375
2011,33.516666666666666,18.59510440488671,19.212163378580073,20.12217532305421,501.09983578403364,auto,2448.2080078125,1449.73974609375,2904.21435546875,1249.4462890625,2455.1328125,1287.625,2476.213623046875,1265.2412109375
2012,33.53333333333333,18.62754582611466,19.277261984870798,20.081528453665758,500.7680814617876,auto,2466.357421875,1451.82666015625,2869.107666015625,1248.9052734375,2390.294189453125,1310.29443359375,2439.885009765625,1261.3369140625
2013,33.55,18.64999722156794,20.05699570985497,20.08502667963435,500.6320949810188,auto,2844.38916015625,1250.9793701171875,2858.42236328125,1257.4085693359375,2450.531005859375,1286.0804443359375,2448.82080078125,1259.7298583984375
2014,33.56666666666667,20.388163044575656,21.045249797153044,22.09908265307547,458.5975409041287,auto,2444.33837890625,1447.6107177734375,2927.62353515625,1282.9212646484375,2437.33642578125,1303.1317138671875,2474.65283203125,1255.2879638671875
2015,33.583333333333336,18.66528768102471,19.949924521301465,20.199099062915128,501.46042635741094,auto,2785.19482421875,1324.720703125,2910.1455078125,1293.136474609375,2481.048583984375,1279.745361328125,2527.85595703125,1232.38525390625
2016,33.6,18.65987430956243,19.93565800537252,20.15205889919432,502.36351681625166,auto,2782.90673828125,1339.0025634765625,2891.618896484375,1307.3663330078125,2495.7197265625,1285.2525634765625,2492.65771484375,1243.4708251953125
2017,33.61666666666667,18.616086915751783,19.946418909022594,20.061467988703445,503.5215202129305,auto,2797.850341796875,1334.506103515625,2855.7802734375,1308.8662109375,2501.51318359375,1270.366455078125,2443.58203125,1240.550048828125
2018,33.63333333333333,18.60116382286796,19.790527964513288,20.001974620424413,504.81851812717423,auto,2732.41259765625,1358.40087890625,2839.15576171875,1335.22119140625,2486.1513671875,1284.45703125,2470.6396484375,1232.31884765625
2019,33.65,18.526206639954605,19.640406890246467,19.87301692329316,506.8921644550546,auto,2683.779052734375,1358.961181640625,2801.6875,1350.031494140625,2417.27587890625,1283.519287109375,2455.340576171875,1246.106201171875
2020,33.666666666666664,18.54562384073923,19.58202803703869,19.815823423577452,507.52177686930884,auto,2650.99755859375,1362.9755859375,2769.65380859375,1371.09228515625,2473.13134765625,1266.00537109375,2502.58447265625,1221.26220703125
2021,33.68333333333333,18.544697507258242,19.556635395093025,19.731875848710896,507.81787274445225,auto,2629.88037109375,1362.0748291015625,2718.87109375,1361.6217041015625,2435.5390625,1286.8804931640625,2439.57958984375,1254.3355712890625
2022,33.7,17.412791389585212,18.324367890359525,18.480354253229596,541.6263740656252,auto,2609.734375,1391.78271484375,2694.219970703125,1385.274658203125,2435.42138671875,1273.37646484375,2442.991943359375,1230.414794921875
2023,33.71666666666667,17.456806547270297,18.315585919005823,18.464441643615075,541.50719110128,auto,2593.03466796875,1408.7142333984375,2673.6416015625,1399.6610107421875,2437.28271484375,1264.5750732421875,2487.01904296875,1221.4019775390625
2024,33.733333333333334,17.47271812197217,18.320319982440115,18.442773984514336,541.4182223690548,auto,2586.90673828125,1419.0389404296875,2653.2060546875,1403.1683349609375,2437.97265625,1279.7528076171875,2482.56689453125,1232.7664794921875
2025,33.75,17.502320368731397,18.320212679723213,18.414575299526696,541.2340790385304,auto,2578.671875,1418.0538330078125,2629.744140625,1394.2923583984375,2432.00146484375,1281.2313232421875,2477.47509765625,1218.1251220703125
2026,33.766666666666666,17.533471319941782,18.331314281148497,18.40225499714619,540.8895753356638,auto,2574.544921875,1417.107666015625,2612.916259765625,1386.83447265625,2407.818603515625,1278.921875,2476.337158203125,1217.963623046875
2027,33.78333333333333,17.549455865434403,17.592142063553275,18.366535483624396,540.8895753356638,auto,2172.087890625,1456.12109375,2590.94970703125,1357.98779296875,2401.048828125,1314.87353515625,2475.341064453125,1234.072998046875
2028,33.8,17.584866529922543,17.886905685524653,18.342611136996954,540.8895753356638,auto,2328.369873046875,1453.74462890625,2574.856201171875,1349.687744140625,2386.69384765625,1303.44873046875,2480.61572265625,1229.7158203125
2029,33.81666666666667,17.596012628624866,17.926970976899607,18.344633268777404,540.8895753356638,auto,2347.01123046875,1449.61669921875,2572.921142578125,1335.759033203125,2383.44873046875,1311.16796875,2451.720703125,1231.67041015625
2030,33.833333333333336,17.63183618263224,17.895812092732648,18.368517894959158,540.8895753356638,auto,2325.7822265625,1449.7694091796875,2581.463623046875,1332.2713623046875,2357.6923828125,1317.5657958984375,2424.00927734375,1247.9232177734375
2031,33.85,17.667539672565148,17.901564335458104,18.385018129192662,540.8895753356638,auto,2322.58154296875,1449.770751953125,2584.07666015625,1324.011474609375,2377.90234375,1271.512451171875,2437.55126953125,1251.1640625
2032,33.86666666666667,17.650729348034062,17.74819286181024,18.421136652646133,540.8895753356638,auto,2233.716796875,1440.181884765625,2597.705078125,1290.685791015625,2394.41845703125,1270.734130859375,2425.975341796875,1256.552978515625
2033,33.88333333333333,17.683122274229536,17.827007253428057,,540.8895753356638,auto,2269.825927734375,1448.37255859375,,,2413.18505859375,1306.19482421875,2419.29150390625,1256.1650390625
2034,33.9,17.71514236987799,18.505214003317533,,540.8895753356638,auto,2628.341796875,1287.9453125,,,2437.45166015625,1293.15478515625,2412.384765625,1251.771728515625
2035,33.916666666666664,17.84357281995499,18.04091870701373,18.65660280914485,537.7608730946052,auto,2311.124755859375,1459.3382568359375,2642.2158203125,1236.9945068359375,2416.70458984375,1294.1607666015625,2463.994140625,1267.2828369140625
2036,33.93333333333333,17.87181492673491,18.04491567698689,18.668562847419835,537.7608730946052,auto,2302.0869140625,1456.922119140625,2637.4599609375,1237.293701171875,2403.247314453125,1287.10498046875,2440.82958984375,1259.818359375
2037,33.95,17.878266646440565,18.677797101083407,18.74831338505788,537.7608730946052,auto,2630.9560546875,1245.176025390625,2668.876708984375,1216.70703125,2365.385986328125,1253.657958984375,2441.14501953125,1267.77978515625
2038,33.96666666666667,17.934525338097384,18.763453202716327,18.796498574184575,537.7608730946052,auto,2666.76513671875,1239.0457763671875,2684.5361328125,1201.4652099609375,2370.75634765625,1246.9110107421875,2445.21533203125,1272.1634521484375
2039,33.983333333333334,17.990910212425717,18.843181081633226,18.869860381189444,536.1351750393713,auto,2671.93310546875,1227.7669677734375,2686.236328125,1199.1634521484375,2435.095947265625,1241.6048583984375,2482.157470703125,1240.3341064453125
2040,34.0,18.09715149186414,18.14103587677675,18.947364275298114,534.8002255232183,auto,2267.46923828125,1412.408935546875,2698.6943359375,1197.849365234375,2450.77880859375,1222.903564453125,2564.12353515625,1229.089599609375
2041,34.016666666666666,18.077880345579892,18.150806975755604,18.989319194030706,534.8002255232183,auto,2273.001220703125,1419.3741455078125,2721.437744140625,1195.1304931640625,2407.634521484375,1213.9556884765625,2542.9814453125,1236.0316162109375
2042,34.03333333333333,18.095682220603468,18.929286555266224,19.01999836314745,534.8002255232183,auto,2692.8115234375,1195.3763427734375,2741.32470703125,1187.4691162109375,2419.57421875,1226.3553466796875,2497.57275390625,1238.0701904296875
2043,34.05,18.08203513975768,19.024037546653567,19.080872802814433,534.8002255232183,auto,2747.783203125,1200.3902587890625,2778.17919921875,1181.4420166015625,2492.86767578125,1240.5220947265625,2508.4853515625,1228.2691650390625
2044,34.06666666666667,18.06342307701626,18.97661000903859,19.15215380070987,534.8002255232183,auto,2727.373046875,1216.344482421875,2821.25341796875,1182.4619140625,2474.4853515625,1222.549072265625,2551.58837890625,1224.13427734375
2045,34.083333333333336,18.09738054479409,17.915005943343687,19.19605161783781,534.8002255232183,auto,2162.46630859375,1206.937744140625,2847.56884765625,1182.030517578125,2494.13232421875,1222.923828125,2568.05517578125,1208.23095703125
2046,34.1,18.103470362602813,19.180243655987702,19.234672201542303,534.8002255232183,auto,2839.8583984375,1200.5687255859375,2868.96728515625,1187.1536865234375,2520.937255859375,1213.8441162109375,2579.63037109375,1211.2164306640625
2047,34.11666666666667,18.33460802348339,19.456160500141316,19.5392485545388,527.9837269402608,auto,2851.161865234375,1206.24658203125,2895.03076171875,1189.260986328125,2546.34912109375,1215.443603515625,2579.64892578125,1203.0732421875
2048,34.13333333333333,18.33455993369633,18.132200572576934,19.573375656887052,527.9837269402608,auto,2146.157958984375,1211.2657470703125,2907.0751953125,1192.0142822265625,2487.716552734375,1208.3480224609375,2602.883056640625,1205.5118408203125
2049,34.15,18.317682036844367,19.571231962148467,19.571994000312657,527.9837269402608,auto,2897.85400390625,1207.85205078125,2898.25634765625,1200.810791015625,2540.61669921875,1242.754638671875,2527.58984375,1210.758544921875
2050,34.166666666666664,18.3286209605948,19.553668092228193,19.620751495570484,527.9837269402608,auto,2878.80517578125,1209.49755859375,2914.2236328125,1208.025634765625,2501.595703125,1216.802490234375,2567.0654296875,1202.768310546875
2051,34.18333333333333,18.40068072956335,18.250474787678634,19.731865173352915,525.9160053937338,auto,2143.004150390625,1208.87841796875,2922.091552734375,1222.84912109375,2498.34375,1224.740234375,2546.782958984375,1229.087158203125
2052,34.2,18.428963421058366,19.64706885214749,19.7612757688709,525.4477342238054,auto,2859.05078125,1190.376953125,2919.060546875,1227.55859375,2505.84765625,1222.880859375,2557.584228515625,1204.4580078125
2053,34.21666666666667,18.44340630637072,18.167065330435456,19.797632999270952,524.8884957646285,auto,2063.951171875,1181.04638671875,2919.81787109375,1245.195556640625,2466.769287109375,1215.8583984375,2547.720947265625,1202.737548828125
2054,34.233333333333334,18.4256308374179,18.112576451048156,19.828590095051513,524.8884957646285,auto,2030.680908203125,1179.8917236328125,2931.3974609375,1249.9056396484375,2462.279052734375,1224.1829833984375,2524.28759765625,1217.3909912109375
2055,34.25,18.437865171812287,19.763717685911743,19.844337487243752,524.8884957646285,auto,2894.925048828125,1242.7933349609375,2937.2412109375,1263.4053955078125,2502.8193359375,1237.3614501953125,2528.8544921875,1235.2183837890625
2056,34.266666666666666,18.424808955269867,19.857305271220582,19.88833492705496,524.8884957646285,auto,2940.90087890625,1259.885498046875,2957.1875,1260.16552734375,2531.20703125,1253.424072265625,2536.156005859375,1240.07275390625
2057,34.28333333333333,18.4253525742628,19.864118474222472,19.893894143485774,524.8884957646285,auto,2941.19140625,1259.47265625,2956.82080078125,1268.154296875,2521.52294921875,1249.534912109375,2521.7265625,1232.36767578125
2058,34.3,18.39403686437011,19.703451909932184,19.702631423169805,524.8884957646285,auto,2852.296630859375,1255.071044921875,2851.865966796875,1256.882080078125,2518.790283203125,1262.746826171875,2504.092529296875,1244.467041015625
2059,34.31666666666667,18.43237898056384,19.884591572483743,19.88494879121022,524.8884957646285,auto,2941.25,1274.3619384765625,2941.437255859375,1276.2850341796875,2512.86083984375,1274.0645751953125,2520.3720703125,1234.5423583984375
2060,34.333333333333336,18.431658322016528,19.878228613918353,19.882091041398397,524.8884957646285,auto,2932.28759765625,1276.77587890625,2934.31591796875,1278.916748046875,2497.7255859375,1280.263427734375,2521.01171875,1243.350341796875
2061,34.35,18.426734820031562,19.887421414582562,19.89835937756675,524.8884957646285,auto,2930.69775390625,1281.181396484375,2936.4384765625,1288.235107421875,2508.37255859375,1250.35205078125,2539.007568359375,1247.2109375
2062,34.36666666666667,18.434151818032554,19.8898903169265,19.904673962762928,524.8884957646285,auto,2926.10107421875,1284.8594970703125,2933.85986328125,1289.6168212890625,2502.322021484375,1255.1546630859375,2529.87646484375,1258.9464111328125
2063,34.38333333333333,18.445227866055053,19.839859229563373,19.911903920945708,524.8884957646285,auto,2895.02587890625,1270.828369140625,2932.841796875,1289.361572265625,2526.495849609375,1228.8759765625,2537.45361328125,1249.905517578125
2064,34.4,18.442187030017696,19.925723820426324,19.913730945890507,524.8884957646285,auto,2935.69140625,1290.0084228515625,2929.396484375,1296.1268310546875,2523.833740234375,1279.4820556640625,2505.28759765625,1276.6666259765625
2065,34.416666666666664,18.8034680621008,20.307755355516704,19.717492632013567,515.4352043347074,auto,2941.36279296875,1287.43505859375,2637.12109375,1311.834716796875,2529.533203125,1283.37158203125,2493.241943359375,1271.1953125
2066,34.43333333333333,18.83698120409903,20.305755434508697,20.35320366462266,514.7057106522703,auto,2919.986083984375,1293.0306396484375,2944.407958984375,1291.9459228515625,2512.348388671875,1252.8592529296875,2525.952880859375,1255.4896240234375
2067,34.45,18.89058034013753,20.372605879032943,20.402716199952838,513.7682392577333,auto,2929.41748046875,1295.1229248046875,2944.88671875,1297.7369384765625,2547.22412109375,1264.4251708984375,2536.515625,1257.4666748046875
2068,34.46666666666667,18.93490600071307,20.408152467559862,20.46226113792777,512.9650975763562,auto,2923.724609375,1297.365966796875,2951.48046875,1300.372802734375,2521.966796875,1280.01171875,2522.9130859375,1248.974853515625
2069,34.483333333333334,18.945487826372037,20.436821350876823,20.5020891451726,512.4620187626762,auto,2920.251953125,1306.4580078125,2953.699462890625,1294.5224609375,2499.388671875,1277.0556640625,2538.69970703125,1245.052001953125
2070,34.5,19.005873368270912,20.37603755212451,20.567609657133886,511.82180853105217,auto,2868.2802734375,1310.0489501953125,2966.33056640625,1298.9818115234375,2496.33203125,1256.9051513671875,2546.21435546875,1260.9447021484375
2071,34.516666666666666,19.051538073099827,20.554950069152692,20.633598159860156,511.003544567743,auto,2936.249267578125,1306.9742431640625,2976.4384765625,1296.8375244140625,2500.2734375,1299.8299560546875,2529.61962890625,1269.0731201171875
2072,34.53333333333333,19.138404931324246,20.633298560405457,20.677877593378494,510.4391301234115,auto,2959.0517578125,1304.93017578125,2981.80712890625,1301.05615234375,2562.9482421875,1273.0361328125,2586.0947265625,1280.8388671875
2073,34.55,19.19943306567995,20.660572007280404,20.7518772909394,509.4730147132824,auto,2948.41064453125,1311.264892578125,2994.927978515625,1301.940185546875,2552.74072265625,1277.012451171875,2565.43310546875,1277.094970703125
2074,34.56666666666667,19.243473337675045,20.675452852408213,20.800449834944672,508.41852307484623,auto,2929.044921875,1311.263671875,2992.595458984375,1305.171142578125,2558.6103515625,1260.507568359375,2577.67236328125,1278.711669921875
2075,34.583333333333336,19.274799903711965,20.703995603303923,20.83597446384714,508.01962743529765,auto,2927.059814453125,1313.8671875,2994.10693359375,1308.529296875,2542.446044921875,1252.81689453125,2582.591552734375,1283.1806640625
2076,34.6,17.774781200465945,19.137157115674444,19.195969175910214,552.0431820420197,auto,2962.08984375,1307.3885498046875,2994.5576171875,1307.1829833984375,2572.783203125,1262.9407958984375,2579.7197265625,1284.9136962890625
2077,34.61666666666667,16.51691023437431,17.773703292786987,17.821547343903216,595.3383497627185,auto,2959.216796875,1301.405517578125,2987.70068359375,1305.054443359375,2574.224365234375,1265.190185546875,2583.682373046875,1288.685791015625
2078,34.63333333333333,17.995020572474548,19.390532054640317,19.411234778337256,547.4634420531331,auto,2971.9912109375,1301.4892578125,2983.325439453125,1300.501708984375,2571.06396484375,1296.692626953125,2597.153076171875,1289.271728515625
2079,34.65,18.084195534451602,19.475437079089556,19.491858606354832,545.3255339980533,auto,2959.6796875,1310.1278076171875,2968.634765625,1310.6195068359375,2582.14013671875,1287.4852294921875,2605.61962890625,1292.3001708984375
2080,34.666666666666664,18.176795259244866,19.549413033503676,19.59370995028242,543.4518683939443,auto,2944.95166015625,1308.67138671875,2969.025390625,1305.55419921875,2568.88818359375,1293.1455078125,2586.04296875,1289.707275390625
2081,34.68333333333333,18.242830213419726,19.642997936591343,19.65484868958999,541.8959454081752,auto,2945.74462890625,1308.89697265625,2952.166748046875,1307.334716796875,2588.189453125,1291.509765625,2594.25,1292.79052734375
2082,34.7,18.323726397865048,19.691535301754843,19.73051026856757,540.6865973422184,auto,2928.5556640625,1308.27001953125,2949.62939453125,1306.85791015625,2569.317138671875,1276.85693359375,2587.577392578125,1286.4189453125
2083,34.71666666666667,18.38965786203483,19.73910757760728,19.817239445330276,539.5900663346295,auto,2912.14990234375,1313.28466796875,2954.3095703125,1295.5673828125,2526.22021484375,1303.897216796875,2579.8828125,1287.604248046875
2084,34.733333333333334,18.46066647116792,19.861791223605433,19.870426349200002,538.7696680319854,auto,2941.883544921875,1299.1922607421875,2946.535888671875,1301.2781982421875,2554.14697265625,1296.4266357421875,2568.493408203125,1278.4241943359375
2085,34.75,18.51297775405537,19.9189949166139,19.24525690952892,538.1024007107417,auto,2939.581298828125,1296.3951416015625,2577.041015625,1364.2220458984375,2612.865966796875,1308.9222412109375,2605.640625,1297.1046142578125
2086,34.766666666666666,18.550483907423406,19.954874045497586,19.929895211245302,537.7208755758116,auto,2932.16943359375,1294.3997802734375,2918.73828125,1307.8917236328125,2571.8369140625,1294.9852294921875,2574.60205078125,1278.1893310546875
2087,34.78333333333333,18.59703800006782,19.993794690230168,19.97220996617743,537.3990117575229,auto,2928.615478515625,1288.6876220703125,2917.01611328125,1304.6876220703125,2576.9970703125,1296.6817626953125,2586.42919921875,1292.8770751953125
2088,34.8,18.631923213696282,19.997173835783176,20.019404249977157,537.1652613307547,auto,2909.36572265625,1294.2451171875,2921.306884765625,1294.23876953125,2545.91357421875,1268.0263671875,2577.3583984375,1284.52587890625
2089,34.81666666666667,18.66079971703922,20.05117504095579,20.064832770341575,536.7696547810128,auto,2918.311767578125,1286.9383544921875,2925.64306640625,1287.7645263671875,2508.40380859375,1275.2928466796875,2527.068359375,1281.6072998046875
2090,34.833333333333336,18.69058037517367,20.079568023287894,20.012902723124824,536.5246693183574,auto,2919.22607421875,1284.942138671875,2883.45849609375,1307.295654296875,2532.0634765625,1275.697509765625,2523.42431640625,1274.144775390625
2091,34.85,18.714454255477605,20.10676284237493,20.12846156251958,536.0159169511545,auto,2916.2998046875,1286.6717529296875,2927.9306640625,1281.3221435546875,2540.39501953125,1282.1673583984375,2537.0703125,1287.8035888671875
2092,34.86666666666667,18.744623683506152,20.136884888140994,20.16993463049859,535.5327299830217,auto,2917.6015625,1285.257080078125,2935.30078125,1274.356689453125,2535.954345703125,1283.760986328125,2557.650390625,1290.13427734375
2093,34.88333333333333,18.76962577529557,20.131925367534798,20.190672379352588,534.9839926323373,auto,2900.80810546875,1280.7318115234375,2932.2373046875,1273.2965087890625,2514.7255859375,1268.4666748046875,2540.431396484375,1270.5614013671875
2094,34.9,18.81029796303911,20.20795287140831,20.21918249521169,534.4749948963927,auto,2928.011962890625,1273.2999267578125,2934.013916015625,1272.4830322265625,2547.334228515625,1282.3472900390625,2545.98046875,1287.0609130859375
2095,34.916666666666664,18.84012977362255,20.224434951905906,20.26042039764221,534.0158078301325,auto,2924.24072265625,1268.7686767578125,2943.45703125,1265.3663330078125,2563.71044921875,1285.2117919921875,2559.44189453125,1291.0516357421875
2096,34.93333333333333,18.8651581326348,20.285790826092622,20.28298837719807,533.5038188937394,auto,2942.91357421875,1271.8123779296875,2941.41796875,1276.0484619140625,2551.436767578125,1281.4268798828125,2556.6025390625,1279.9605712890625
2097,34.95,18.868328391907657,20.293726820836994,20.30530820662829,533.2506283179913,auto,2937.0947265625,1265.4832763671875,2943.27001953125,1268.3424072265625,2561.60400390625,1275.6573486328125,2556.10400390625,1280.7315673828125
2098,34.96666666666667,18.912435529424126,20.342133519743484,20.34119697447183,532.8342928043902,auto,2947.79150390625,1262.421142578125,2947.29296875,1269.6826171875,2566.76806640625,1275.612548828125,2566.397705078125,1281.046142578125
2099,34.983333333333334,18.96170737292672,20.324281474266552,20.368667056889016,532.7074660958322,auto,2928.85302734375,1263.190185546875,2952.498046875,1263.4375,2563.506591796875,1269.346923828125,2580.7734375,1281.997802734375
2100,35.0,18.98694749166703,20.36936674143298,20.361069679907526,532.4739049416798,auto,2941.10205078125,1262.44970703125,2936.684326171875,1272.156494140625,2572.744140625,1277.21337890625,2574.62548828125,1283.740234375
2101,35.016666666666666,19.00276817665549,20.40924693545517,20.403803069772014,532.2432819136371,auto,2950.5888671875,1263.0504150390625,2947.691162109375,1269.4576416015625,2561.51171875,1281.1868896484375,2571.58447265625,1276.0423583984375
2102,35.03333333333333,18.05985020444752,19.342713057447913,19.364852690175386,561.3342609599293,auto,2937.11474609375,1268.4561767578125,2949.54248046875,1268.3824462890625,2570.0771484375,1275.8614501953125,2573.36181640625,1276.5084228515625
2103,35.05,19.051343641821404,20.414487844099256,20.457201929366665,532.062488467697,auto,2933.27734375,1271.115234375,2956.00439453125,1267.2275390625,2569.018798828125,1286.15478515625,2589.571533203125,1279.58984375
2104,35.06666666666667,19.069105808913637,20.412104705347993,20.46348110158512,532.0338983847994,auto,2923.52099609375,1273.4688720703125,2950.855224609375,1266.0985107421875,2561.4892578125,1294.3018798828125,2572.21875,1280.3218994140625
2105,35.083333333333336,19.089291019641696,20.46119157587684,20.451095275022517,532.0830262500706,auto,2942.96435546875,1268.571533203125,2937.593017578125,1279.556884765625,2559.72314453125,1287.048583984375,2564.158447265625,1281.051513671875
2106,35.1,19.13068106372524,20.461909192877677,20.514564776675538,531.9243856458437,auto,2934.11279296875,1272.7725830078125,2962.12109375,1264.4332275390625,2562.00439453125,1289.8082275390625,2581.322265625,1289.0264892578125
2107,35.11666666666667,19.130024948781767,20.478044083879535,20.48224502241698,531.8751940986921,auto,2935.978515625,1273.0653076171875,2938.212890625,1281.0272216796875,2564.310546875,1298.2757568359375,2570.04931640625,1283.5550537109375
2108,35.13333333333333,19.152622538644717,20.534537458337404,20.53528499717768,531.6926908489756,auto,2956.754150390625,1268.48486328125,2957.15185546875,1270.770751953125,2578.997314453125,1294.248046875,2589.197998046875,1290.234375
2109,35.15,19.183618539573057,20.52575299108691,20.54335319043994,531.5547035771499,auto,2943.41796875,1268.2635498046875,2952.773681640625,1274.8948974609375,2563.327880859375,1293.0726318359375,2572.21728515625,1291.1190185546875
2110,35.166666666666664,19.21501515312093,20.573939422460352,20.56398333280051,531.2389382484128,auto,2954.913818359375,1267.6173095703125,2949.6240234375,1276.9549560546875,2580.77001953125,1290.9283447265625,2579.62548828125,1291.6583251953125
2111,35.18333333333333,19.239439646781754,20.61045527275389,20.595203623282824,531.0004552534168,auto,2960.009765625,1269.0550537109375,2951.9111328125,1271.3922119140625,2579.68017578125,1298.5858154296875,2585.0771484375,1287.6248779296875
2112,35.2,19.252363566407148,20.62457507595852,20.619117128488366,530.6911418327159,auto,2951.22119140625,1265.146728515625,2948.323974609375,1273.996337890625,2567.107421875,1291.506103515625,2569.436767578125,1293.120849609375
2113,35.21666666666667,19.296446845732223,20.658235010417123,20.655569566948078,530.1504060809095,auto,2948.95263671875,1261.9105224609375,2947.5390625,1269.3961181640625,2566.049560546875,1291.0262451171875,2574.4052734375,1288.9161376953125
2114,35.233333333333334,19.320628394244434,20.69009318417213,20.650588007042742,529.7713479160476,auto,2949.503173828125,1258.4622802734375,2928.574951171875,1273.2332763671875,2563.8828125,1286.1744384765625,2571.19873046875,1283.7005615234375
2115,35.25,19.360288299873183,20.72163311135028,20.686738313609965,528.7656920184231,auto,2939.83251953125,1261.35595703125,2921.3818359375,1277.27197265625,2576.291015625,1286.55810546875,2569.37109375,1284.80322265625
2116,35.266666666666666,19.40139650229625,20.776058425505454,20.786119056911993,527.9513007552415,auto,2947.754150390625,1255.4566650390625,2953.06591796875,1263.5562744140625,2571.93603515625,1283.2257080078125,2573.96533203125,1284.6358642578125
2117,35.28333333333333,19.46134224526578,20.831453549531275,20.838535070626047,526.927091307533,auto,2953.948974609375,1250.654541015625,2957.6796875,1258.986083984375,2589.46630859375,1274.825927734375,2598.635498046875,1278.143798828125
2118,35.3,19.4978239111353,20.879150184285766,20.89828921934299,526.0641064137608,auto,2959.66650390625,1250.999755859375,2969.734130859375,1257.391357421875,2590.90673828125,1279.541259765625,2592.90234375,1280.258056640625
2119,35.31666666666667,19.54641116268548,20.92405983939274,20.942244324707826,525.2159236025891,auto,2964.56298828125,1250.8919677734375,2974.114013671875,1257.2169189453125,2601.55078125,1278.6163330078125,2606.956787109375,1276.1348876953125
2120,35.333333333333336,19.580926070988,20.984318197442015,21.001469724732214,524.3929868646574,auto,2976.9296875,1244.2083740234375,2985.92333984375,1251.3143310546875,2618.36767578125,1282.5672607421875,2618.57763671875,1277.3216552734375
2121,35.35,19.625737352839497,21.017917429359763,21.04289866891574,523.8305917797763,auto,2980.26708984375,1235.68994140625,2993.35302734375,1245.940673828125,2615.103515625,1274.3212890625,2617.17236328125,1275.48876953125
2122,35.36666666666667,19.660760370069198,21.047874010584966,21.08673393752957,523.1881860324502,auto,2978.721435546875,1236.505859375,2999.052734375,1244.8876953125,2611.3251953125,1275.443359375,2622.962890625,1271.99951171875
2123,35.38333333333333,19.690377957075547,21.100339671606505,21.09837074852585,522.7715013916724,auto,2993.08837890625,1231.0694580078125,2992.05810546875,1254.2366943359375,2618.4970703125,1259.7642822265625,2624.2392578125,1268.9112548828125
2124,35.4,19.719929097719195,21.13779545182056,21.157204829307467,522.3594564966336,auto,2998.6357421875,1228.519287109375,3008.774658203125,1246.207763671875,2624.00732421875,1256.281494140625,2633.71728515625,1267.744873046875
2125,35.416666666666664,19.737741885213318,21.124503310657634,21.191614657151867,522.0597505894294,auto,2979.97216796875,1223.53857421875,3015.0078125,1241.1728515625,2616.172119140625,1248.226318359375,2632.384765625,1268.47021484375
2126,35.43333333333333,19.775368876537332,21.18371971995077,21.2157109289657,521.6582016238167,auto,2996.677734375,1226.7760009765625,3013.366455078125,1240.5484619140625,2618.08154296875,1250.5277099609375,2632.34130859375,1264.8104248046875
2127,35.45,19.80145014611236,21.214751440885344,21.25749326989018,521.3213164083129,auto,3000.7841796875,1228.00732421875,3023.06689453125,1245.30517578125,2617.465576171875,1249.48388671875,2630.769287109375,1260.63623046875
2128,35.46666666666667,19.81665976716192,21.262895631879676,21.29743326636552,521.0575077854803,auto,3016.57275390625,1205.8575439453125,3034.568359375,1239.2420654296875,2603.772216796875,1232.6412353515625,2611.05517578125,1253.7008056640625
2129,35.483333333333334,18.258225285989226,19.577421827715266,19.616208108598677,566.4051695504374,auto,3022.199951171875,1220.7845458984375,3044.168212890625,1246.6146240234375,2619.46875,1240.9730224609375,2641.017578125,1261.8104248046875
2130,35.5,19.911782225051525,21.32236277303627,21.363357668850337,520.5011551139938,auto,3027.20849609375,1215.4324951171875,3048.546630859375,1242.3311767578125,2658.26025390625,1236.7940673828125,2659.798095703125,1259.9881591796875
2131,35.516666666666666,19.934448776882896,21.3730064211599,21.427300184568974,520.0657746315212,auto,3039.14501953125,1207.8017578125,3067.38134765625,1234.98779296875,2659.235107421875,1246.0166015625,2673.4169921875,1253.4443359375
2132,35.53333333333333,19.96150829668267,21.399459810648146,21.46243993450872,519.9433050099035,auto,3042.65283203125,1202.5562744140625,3075.3994140625,1239.3062744140625,2653.55615234375,1241.8504638671875,2663.669189453125,1255.5950927734375
2133,35.55,19.989272486719738,21.36844693926567,21.45548290249891,519.7429481394338,auto,3012.816650390625,1204.925537109375,3058.052734375,1242.0751953125,2642.25732421875,1239.51171875,2649.4287109375,1244.25927734375
2134,35.56666666666667,20.01765800825069,21.421590541683504,21.499105744019865,519.3537691523893,auto,3021.1376953125,1192.556396484375,3061.3955078125,1242.71435546875,2645.74267578125,1224.841552734375,2649.054931640625,1237.615966796875
2135,35.583333333333336,20.039962940654984,21.492591258983563,21.526273263144535,519.1303783151955,auto,3041.103515625,1206.861328125,3058.5888671875,1238.640625,2641.186767578125,1239.787353515625,2632.7998046875,1228.37158203125
2136,35.6,10.030099370595222,10.738491985595555,10.766638524212132,1038.059202785658,auto,3016.353515625,1193.3504638671875,3045.57080078125,1238.3109130859375,2635.093017578125,1223.1893310546875,2625.724609375,1228.0150146484375
2137,35.61666666666667,10.048215939762521,10.75808414377887,10.752079019514074,1037.8506089436105,auto,3020.7373046875,1176.1282958984375,3014.5048828125,1238.1966552734375,2639.8681640625,1201.0950927734375,2622.98828125,1223.2589111328125
2138,35.63333333333333,20.12529973340984,21.589229415197572,21.611572490872568,518.634533291541,auto,3040.2451171875,1185.6043701171875,3051.8330078125,1240.4495849609375,2645.50732421875,1214.1502685546875,2623.187255859375,1229.6771240234375
2139,35.65,10.078159290739857,10.850303749387333,10.83132491892648,1036.4652594412398,auto,3079.30078125,1197.99951171875,3059.6298828125,1237.574951171875,2653.035400390625,1216.270263671875,2627.1376953125,1224.81494140625
2140,35.666666666666664,10.086432285473084,10.828813104512372,10.864803909715057,1035.2850395444916,auto,3037.576171875,1205.7781982421875,3074.83642578125,1227.7718505859375,2637.7783203125,1207.7362060546875,2628.26806640625,1211.5028076171875
2141,35.68333333333333,10.123344833109352,10.895281315132248,10.806029362926838,1033.4048293445403,auto,3081.72216796875,1201.3511962890625,2989.4892578125,1230.5267333984375,2648.52294921875,1209.4393310546875,2621.31298828125,1214.3018798828125
2142,35.7,10.134122361396132,10.895554429313,10.840344076093038,1031.389151743567,auto,3057.3330078125,1206.2388916015625,3000.38916015625,1220.7447509765625,2618.05029296875,1220.4791259765625,2607.5009765625,1219.7730712890625
2143,35.71666666666667,10.170694303898916,10.859950633187728,10.896822145519046,1029.7319268147073,auto,2997.7490234375,1210.686279296875,3035.716796875,1221.989013671875,2614.33837890625,1198.354736328125,2601.322021484375,1201.2802734375
2144,35.733333333333334,10.1745856536906,10.906342961416707,10.972996080995415,1028.2655906910202,auto,3023.4404296875,1208.36572265625,3091.97802734375,1237.13916015625,2603.426025390625,1218.1650390625,2615.18408203125,1225.378173828125
2145,35.75,20.410490727115143,21.642990602762968,21.991206379103286,513.5414715177394,auto,2913.939208984375,1272.1058349609375,3092.76318359375,1240.2647705078125,2596.9130859375,1224.9888916015625,2639.78857421875,1211.0762939453125
2146,35.766666666666666,20.42218301119336,21.61354599586694,21.994157002308746,513.3835090299086,auto,2882.6259765625,1275.8033447265625,3078.025390625,1246.2760009765625,2593.097900390625,1231.4918212890625,2610.59375,1212.6915283203125
2147,35.78333333333333,20.470470277215664,21.614982743745188,21.996747697908454,513.2565397587617,auto,2865.4287109375,1278.4287109375,3061.37255859375,1269.113037109375,2590.25537109375,1223.161376953125,2616.265625,1209.336669921875
2148,35.8,20.5029187273088,21.595223643841255,21.947417074925394,513.5561250907842,auto,2844.959716796875,1288.82373046875,3025.83154296875,1282.3271484375,2615.732177734375,1205.42919921875,2638.705078125,1188.142578125
2149,35.81666666666667,20.451745210889673,21.536637797707563,21.884487634646728,514.1462899586697,auto,2810.79443359375,1290.589599609375,2989.63916015625,1294.687255859375,2589.0419921875,1199.812744140625,2621.908447265625,1194.96826171875
2150,35.833333333333336,20.466245093842662,21.533723108689287,21.82610655327952,514.7483861848862,auto,2805.482666015625,1330.7601318359375,2955.98681640625,1309.4779052734375,2586.83203125,1212.5421142578125,2626.0986328125,1196.0865478515625
2151,35.85,20.436632840385105,21.46130760745061,21.74738059387118,515.7665421197227,auto,2773.4931640625,1339.3692626953125,2921.0400390625,1333.3062744140625,2573.732666015625,1223.1158447265625,2611.250244140625,1192.5626220703125
2152,35.86666666666667,20.401000409388857,21.378285543269534,21.634250014210505,516.8945523518111,auto,2739.153076171875,1343.21484375,2871.4599609375,1334.298828125,2549.93896484375,1229.96875,2577.6728515625,1208.27880859375
2153,35.88333333333333,20.368221291721053,21.311321660590707,21.54754913484647,518.2703150246034,auto,2716.781494140625,1359.2889404296875,2839.2109375,1353.1097412109375,2550.9716796875,1225.8431396484375,2580.254150390625,1189.4559326171875
2154,35.9,20.324662136131597,21.21819686628702,21.44615919880734,520.0626181934366,auto,2689.6943359375,1362.01171875,2808.24853515625,1379.22802734375,2521.3955078125,1232.1923828125,2559.85693359375,1200.68994140625
2155,35.916666666666664,20.28239059023238,21.09556746301654,21.312140733627054,522.1421412311199,auto,2653.59423828125,1361.117919921875,2766.67626953125,1383.899169921875,2497.42724609375,1213.36865234375,2584.0185546875,1189.350341796875
2156,35.93333333333333,20.23605149033582,21.01880850911804,21.20330909511939,524.0233610249333,auto,2638.182373046875,1366.1683349609375,2734.865234375,1375.9156494140625,2487.064453125,1213.5225830078125,2571.810546875,1190.6466064453125
2157,35.95,20.19847246693306,20.9826075742482,21.121813404828384,525.224105253151,auto,2630.846435546875,1374.1500244140625,2703.9609375,1368.9913330078125,2470.76904296875,1222.8648681640625,2556.68798828125,1200.0225830078125
2158,35.96666666666667,20.168114672823318,20.92193557525837,21.05568405405604,526.3640473361893,auto,2610.7841796875,1360.326171875,2681.18505859375,1349.579833984375,2452.4814453125,1217.211669921875,2532.62109375,1185.6572265625
2159,35.983333333333334,19.287942240485815,20.012613027671485,20.086782662841166,551.3517033479476,auto,2623.54833984375,1361.01806640625,2664.442626953125,1330.873291015625,2484.0078125,1248.239990234375,2539.1435546875,1182.639892578125
2160,36.0,19.286772346838532,19.99797782705608,20.070556559932164,551.8118476369214,auto,2617.45166015625,1349.24609375,2657.501220703125,1340.549560546875,2452.567626953125,1212.07275390625,2531.90234375,1205.970947265625
2161,36.016666666666666,19.332865542358803,20.040978209758848,20.082075123937063,551.3833995354395,auto,2627.44140625,1340.430419921875,2650.1015625,1325.464599609375,2457.19873046875,1214.791259765625,2527.33740234375,1224.892578125
2162,36.03333333333333,19.39685628060843,20.090337381915496,20.109229632211935,550.8210952488198,auto,2638.984375,1306.946044921875,2649.390625,1312.794677734375,2476.76318359375,1178.948486328125,2549.931640625,1207.11669921875
2163,36.05,19.402522466979686,20.11542537109039,20.162951698284175,550.9487448027181,auto,2650.77392578125,1289.6572265625,2676.9580078125,1257.9970703125,2434.1611328125,1178.390625,2521.6845703125,1231.5361328125
2164,36.06666666666667,19.435873518180703,20.20081308784559,20.303899503493106,550.5090039607669,auto,2685.1064453125,1261.8291015625,2741.856201171875,1183.66748046875,2475.99072265625,1240.58447265625,2511.93408203125,1225.879638671875
2165,36.083333333333336,19.474168716141378,20.226481226098414,20.258246163127264,550.0303580527185,auto,2685.794921875,1264.2962646484375,2703.2666015625,1231.2064208984375,2492.033447265625,1243.3077392578125,2504.3154296875,1234.6109619140625
2166,36.1,20.7279357489385,21.508366341607356,21.608314606788102,518.4127311394273,auto,2706.585205078125,1238.9847412109375,2758.39990234375,1186.9281005859375,2498.385498046875,1221.4532470703125,2570.10791015625,1234.6558837890625
2167,36.11666666666667,20.778463468265898,21.543552148580204,21.61447371870727,517.4757869396765,auto,2699.9150390625,1222.1177978515625,2736.61572265625,1198.0299072265625,2492.80810546875,1227.8038330078125,2531.7333984375,1237.4727783203125
2168,36.13333333333333,19.631654705110673,20.325100497422888,20.43178588969122,549.3389869635926,auto,2710.9365234375,1217.66796875,2769.54345703125,1194.11474609375,2511.71630859375,1206.956298828125,2594.734375,1232.605224609375
2169,36.15,19.584444095450603,20.35975471841727,20.441720310588693,549.4397717009733,auto,2723.986572265625,1213.137451171875,2769.02197265625,1192.520263671875,2477.365234375,1202.088623046875,2565.214599609375,1242.832275390625
2170,36.166666666666664,20.85718366395138,21.693286861865456,21.765953471677896,516.9289809921728,auto,2742.20556640625,1207.7841796875,2779.76953125,1187.256103515625,2563.140625,1233.240478515625,2593.66845703125,1217.59228515625
2171,36.18333333333333,20.83082502966392,20.271113523659597,21.755115157648046,517.2919569581652,auto,2004.46630859375,1122.687744140625,2772.12841796875,1183.161865234375,2437.61767578125,1202.75,2555.103271484375,1244.913330078125
2172,36.2,20.906141098019443,20.24936563475986,21.785883856193443,517.0972174568161,auto,1981.3828125,1123.1141357421875,2775.911865234375,1185.3026123046875,2503.4794921875,1208.9144287109375,2631.22705078125,1198.9119873046875
2173,36.21666666666667,20.953915828564686,20.321804192053413,21.871764552420974,516.4484394847187,auto,1999.546875,1126.4425048828125,2800.021484375,1184.1529541015625,2519.40283203125,1210.1812744140625,2652.14501953125,1210.8604736328125
2174,36.233333333333334,20.96615867832994,20.4495129383848,21.922703020006253,515.7016545100639,auto,2044.56396484375,1126.785400390625,2804.291015625,1182.57861328125,2457.302734375,1209.9296875,2567.51171875,1239.431640625
2175,36.25,20.99285830720148,20.44236950023918,21.992928459254006,515.3975553324054,auto,2028.27978515625,1130.2471923828125,2827.43359375,1182.7662353515625,2469.31591796875,1218.1802978515625,2578.04052734375,1243.6373291015625
2176,36.266666666666666,20.97814440666886,20.490515602099443,22.012244859702296,515.4972618852862,auto,2046.62841796875,1125.335693359375,2831.07568359375,1190.65283203125,2443.11083984375,1221.79541015625,2565.518798828125,1240.530517578125
2177,36.28333333333333,19.730546788562688,20.72417263447814,20.775559192443833,548.0632883856988,auto,2832.56982421875,1221.3489990234375,2860.7333984375,1194.9468994140625,2501.77783203125,1229.8438720703125,2570.7109375,1236.8653564453125
2178,36.3,19.752134115972297,20.76109704934543,20.82103338733773,548.2053621497491,auto,2845.119140625,1211.48095703125,2877.976806640625,1199.357421875,2539.982666015625,1234.445068359375,2573.49951171875,1221.802490234375
2179,36.31666666666667,19.74743936697927,19.225105600755448,20.86466232873083,547.9913413758321,auto,1986.765625,1157.792724609375,2885.228515625,1207.287109375,2445.447998046875,1219.777587890625,2584.697509765625,1232.2568359375
2180,36.333333333333336,19.761704979387133,19.3198913140055,20.868721698144043,547.8264392694806,auto,2023.962890625,1137.935546875,2872.453125,1232.005859375,2490.412353515625,1231.771728515625,2574.9951171875,1206.6455078125
2181,36.35,19.75821806572365,20.886204764209282,20.93716870367306,547.7601598055636,auto,2870.8662109375,1225.1651611328125,2898.78173828125,1230.7911376953125,2514.02587890625,1226.8900146484375,2569.70361328125,1211.8358154296875
2182,36.36666666666667,21.00302309622764,22.236964153777702,22.25747958444488,515.2371730081054,auto,2878.77294921875,1250.9605712890625,2889.34228515625,1255.4031982421875,2529.85205078125,1247.8641357421875,2540.8740234375,1233.1258544921875
2183,36.38333333333333,21.042210436638335,22.274364338741275,22.342169798582226,513.9214418608583,auto,2864.23046875,1242.468994140625,2899.0771484375,1263.039794921875,2510.564453125,1232.832275390625,2568.958984375,1224.859619140625
2184,36.4,21.095021131831693,22.27667762616658,22.43326493550012,512.4624564342848,auto,2830.55419921875,1141.7193603515625,2910.7998046875,1283.3819580078125,2516.309814453125,1237.8682861328125,2569.010009765625,1240.7969970703125
2185,36.416666666666664,21.153946107876983,22.431320395015028,22.512996567679615,510.84216426060385,auto,2872.537109375,1259.331298828125,2914.26025390625,1287.161865234375,2517.987060546875,1244.975830078125,2568.20361328125,1241.988037109375
2186,36.43333333333333,19.884939809487687,21.145276587609278,21.186463967477014,543.3437699087569,auto,2899.79541015625,1290.564453125,2922.174560546875,1299.5849609375,2521.74853515625,1262.17822265625,2539.3701171875,1265.9453125
2187,36.45,19.913841190952134,21.236475063090644,21.247244742146226,542.5206644827836,auto,2928.55615234375,1302.6094970703125,2934.3994140625,1304.8927001953125,2548.787841796875,1262.7344970703125,2536.69775390625,1252.6202392578125
2188,36.46666666666667,19.94039807381361,21.233646974934274,21.29590749648857,541.6221844221416,auto,2904.4521484375,1304.2047119140625,2938.17333984375,1314.2894287109375,2529.44921875,1259.5482177734375,2554.823974609375,1260.5301513671875
2189,36.483333333333334,19.96348521901108,21.310352992219013,21.348610370945455,540.8729897691524,auto,2924.484130859375,1315.34423828125,2945.1767578125,1319.981689453125,2548.70361328125,1253.083740234375,2550.39453125,1262.602783203125
2190,36.5,20.013157973208838,21.1229677253238,21.39419242841415,540.0633274034948,auto,2799.36669921875,1149.0938720703125,2945.845703125,1332.0218505859375,2532.072021484375,1259.9307861328125,2569.052978515625,1272.7486572265625
2191,36.516666666666666,20.029015002517966,21.23137456124379,21.42251980652031,539.6593578002553,auto,2841.864501953125,1146.224853515625,2945.017822265625,1336.490478515625,2515.83740234375,1260.2900390625,2554.9619140625,1264.12646484375
2192,36.53333333333333,21.55151283570359,23.04379154352788,23.069789564449295,501.42789145012904,auto,2929.2705078125,1344.5982666015625,2942.306640625,1342.9891357421875,2516.6103515625,1253.1712646484375,2540.484375,1276.0919189453125
2193,36.55,21.60637597892835,23.092511248281355,23.11773195257655,500.4259041412204,auto,2919.699951171875,1345.147216796875,2932.321044921875,1352.457275390625,2506.76708984375,1283.537353515625,2536.727783203125,1290.384033203125
2194,36.56666666666667,20.10126192827021,21.475671610791522,21.507810324437376,538.2247638505394,auto,2910.7412109375,1352.1064453125,2928.0390625,1355.040771484375,2513.0732421875,1285.835205078125,2519.829833984375,1299.4716796875
2195,36.583333333333336,21.709310646354872,23.21507255453568,23.229999767461543,498.70903392839125,auto,2917.93701171875,1361.3603515625,2925.382080078125,1363.92529296875,2514.0107421875,1290.54052734375,2510.1162109375,1299.557861328125
2196,36.6,20.14437628394447,21.542719855304263,21.560715113852975,537.7393042897362,auto,2915.94482421875,1364.7674560546875,2925.62109375,1372.0948486328125,2513.8408203125,1290.7991943359375,2507.627197265625,1301.3890380859375
2197,36.61666666666667,20.16482598001598,21.599475034520335,21.60256501484384,537.2708160535491,auto,2928.794921875,1371.9088134765625,2930.455322265625,1368.4561767578125,2528.6005859375,1335.5333251953125,2495.3583984375,1304.2701416015625
2198,36.63333333333333,20.1851069783756,21.606341367104474,21.643878295983118,537.0232389061788,auto,2920.236572265625,1374.62451171875,2940.39453125,1375.111328125,2524.81640625,1301.147705078125,2534.365234375,1314.2724609375
2199,36.65,20.19803156481872,21.650647144313677,21.668455205388202,536.5372153662587,auto,2927.3818359375,1377.2171630859375,2936.936767578125,1379.4447021484375,2468.7138671875,1297.8914794921875,2532.07763671875,1308.2896728515625
2200,36.666666666666664,20.22405997947454,20.199207216752143,21.703840360351663,536.3070167187408,auto,2136.67041015625,1230.6378173828125,2943.61572265625,1380.9508056640625,2443.5390625,1291.7774658203125,2548.41357421875,1331.7852783203125
2201,36.68333333333333,20.258031487297888,21.6939584710629,21.74305309918273,535.9547675109168,auto,2922.59228515625,1389.76025390625,2948.904541015625,1384.9755859375,2524.6513671875,1327.503173828125,2555.82958984375,1327.92822265625
2202,36.7,20.290837038702538,,21.77119704589899,535.6820494774695,auto,,,2949.00146484375,1383.7015380859375,2497.3837890625,1342.0289306640625,2579.2158203125,1347.0250244140625
2203,36.71666666666667,20.3199146662192,21.46660738967148,21.79245076889953,535.7941025259054,auto,2777.391357421875,1229.573486328125,2951.9765625,1390.626708984375,2514.919677734375,1321.035400390625,2569.51904296875,1350.058837890625
2204,36.733333333333334,20.34180677377432,21.787743933182757,21.805973290529618,536.0301073193284,auto,2942.0654296875,1408.0382080078125,2951.83642578125,1397.0211181640625,2538.88916015625,1351.6571044921875,2574.337646484375,1356.8289794921875
2205,36.75,20.38376333562356,21.736845302429096,21.8071418498353,536.038283747546,auto,2902.3037109375,1414.00634765625,2939.9853515625,1395.973388671875,2535.05908203125,1324.48193359375,2555.977783203125,1359.01904296875
2206,36.766666666666666,20.39531293362762,21.76431677374477,21.844856631632037,535.9341775896487,auto,2903.696044921875,1412.2254638671875,2946.860595703125,1397.4681396484375,2528.2958984375,1344.8958740234375,2523.674560546875,1363.5003662109375
2207,36.78333333333333,20.445197774095764,21.83687006377215,21.85616732171392,535.667507461089,auto,2927.473876953125,1413.693359375,2937.81005859375,1404.636474609375,2539.4541015625,1344.523681640625,2534.42529296875,1368.300537109375
2208,36.8,20.454976285848733,21.7507366034457,21.90020231548716,535.416224192615,auto,2867.771484375,1415.6787109375,2947.7978515625,1405.02734375,2516.93505859375,1335.2001953125,2525.9140625,1367.36279296875
2209,36.81666666666667,20.496355442650607,21.89747327655473,21.945520951803445,534.8284904936588,auto,2925.35791015625,1408.0848388671875,2951.0546875,1400.2545166015625,2537.431640625,1352.5133056640625,2537.3408203125,1374.3277587890625
2210,36.833333333333336,19.619597090249222,20.949309623170496,20.97230632716878,559.4806515950319,auto,2924.9482421875,1406.3057861328125,2937.814697265625,1406.5640869140625,2533.253662109375,1353.1407470703125,2531.52001953125,1375.2083740234375
2211,36.85,19.61622861843574,20.936423028217938,20.98225483701043,559.9191926111369,auto,2915.20166015625,1404.6806640625,2940.86376953125,1403.0302734375,2523.35498046875,1341.1826171875,2532.79541015625,1380.168212890625
2212,36.86666666666667,19.610775824906792,20.392366245478264,21.00043115277326,560.6074912363306,auto,2610.1650390625,1139.417724609375,2951.051025390625,1395.149169921875,2519.99609375,1335.356201171875,2549.7958984375,1377.161865234375
2213,36.88333333333333,19.652890014424585,20.899925688974523,21.03159120100899,560.2872511762056,auto,2872.698486328125,1412.1727294921875,2946.46826171875,1396.1409912109375,2533.406982421875,1345.0311279296875,2556.49951171875,1369.3819580078125
2214,36.9,20.578107670148913,21.96299396951501,22.040081162272156,535.146348077085,auto,2901.11767578125,1402.5152587890625,2942.3701171875,1391.7703857421875,2500.628173828125,1357.3656005859375,2535.77490234375,1373.5316162109375
2215,36.916666666666664,19.756688483495935,21.07168167970262,21.15116174172156,558.1686793277805,auto,2896.98779296875,1405.75537109375,2941.35205078125,1386.857421875,2534.5146484375,1378.193359375,2563.159912109375,1373.9580078125
2216,36.93333333333333,19.804063871201137,21.068383695959707,21.1911180795266,557.5429273468727,auto,2871.912353515625,1399.0465087890625,2940.341796875,1383.1339111328125,2516.7353515625,1371.8106689453125,2545.31884765625,1373.4346923828125
2217,36.95,19.845321533774044,21.12808264308019,21.21570424439422,557.183255388444,auto,2888.7333984375,1403.5194091796875,2937.55419921875,1391.0142822265625,2539.347900390625,1357.9859619140625,2590.69921875,1387.5147705078125
2218,36.96666666666667,19.864815083969056,21.15987158178913,21.246474461816913,556.9716797758329,auto,2895.3095703125,1392.0484619140625,2943.544921875,1392.5230712890625,2516.74267578125,1357.7852783203125,2561.716064453125,1386.9202880859375
2219,36.983333333333334,19.882643077083912,21.17288087026536,21.256766316299277,556.9118253971085,auto,2896.54931640625,1393.5430908203125,2943.26611328125,1389.0338134765625,2526.1064453125,1350.4302978515625,2568.9404296875,1385.6632080078125
2220,37.0,20.83636038567601,22.203674426851315,22.26218140488769,532.0045165065103,auto,2913.41748046875,1401.3726806640625,2944.54296875,1387.7374267578125,2543.28076171875,1368.1544189453125,2585.11572265625,1392.9102783203125
2221,37.016666666666666,20.878168501879202,22.28173560856562,22.324258303150142,530.8975720630144,auto,2927.150390625,1399.346435546875,2949.7255859375,1389.0078125,2540.867431640625,1361.1005859375,2576.95947265625,1394.232421875
2222,37.03333333333333,20.926228291472817,22.342513710022036,22.38293200412126,530.0527546364576,auto,2936.7060546875,1393.18359375,2958.1298828125,1388.064697265625,2552.099609375,1373.1767578125,2579.513671875,1389.792236328125
2223,37.05,20.99436854603236,22.4217221343287,22.456494767362983,528.7978996118035,auto,2946.781494140625,1400.5826416015625,2965.16845703125,1373.3443603515625,2573.75732421875,1386.2828369140625,2594.46923828125,1401.1849365234375
2224,37.06666666666667,21.037883562342998,22.501357108379672,22.516145166699665,527.9016660655707,auto,2964.56982421875,1387.302001953125,2972.376953125,1374.584228515625,2584.30810546875,1388.589111328125,2590.53125,1398.025390625
2225,37.083333333333336,21.100563017316983,22.557852589286416,22.55386374757747,526.8603402555066,auto,2967.78857421875,1380.912353515625,2965.68603515625,1386.7998046875,2589.97119140625,1395.962890625,2585.567138671875,1396.4462890625
2226,37.1,21.130249826291283,22.62977628661814,22.630049181788227,526.0433427749765,auto,2984.8154296875,1379.679443359375,2984.95849609375,1371.37255859375,2580.6904296875,1391.201904296875,2591.53515625,1391.49072265625
2227,37.11666666666667,21.21981089672726,22.69143886153046,22.67518678349068,524.4521641562992,auto,2978.799072265625,1378.1175537109375,2970.27490234375,1380.5924072265625,2575.5419921875,1383.6124267578125,2563.57470703125,1383.4481201171875
2228,37.13333333333333,21.279866849015672,22.71693151586716,22.734956475891643,523.7420596038554,auto,2973.65087890625,1372.0390625,2983.091552734375,1373.932861328125,2594.580078125,1384.04541015625,2586.570068359375,1392.4560546875
2229,37.15,21.310399287162017,22.699399552020402,22.78471292702205,523.0486646922443,auto,2943.5146484375,1377.9525146484375,2988.13818359375,1377.4478759765625,2573.529296875,1366.5399169921875,2590.80859375,1387.0238037109375
2230,37.166666666666664,21.3504421942479,22.786497974835868,22.83220577817414,522.8524618244159,auto,2977.84521484375,1374.77587890625,3001.74365234375,1371.7939453125,2591.162109375,1380.17626953125,2600.885009765625,1389.693115234375
2231,37.18333333333333,21.371441957655822,22.81097398306554,22.845399215695217,522.5318719993629,auto,2975.20166015625,1374.312255859375,2993.189453125,1379.095703125,2581.0068359375,1373.848388671875,2589.349853515625,1384.390869140625
2232,37.2,21.40337778322245,22.85134751431143,22.834886116284018,522.4699580909926,auto,2986.52099609375,1374.0211181640625,2977.919921875,1386.4063720703125,2591.25,1375.6138916015625,2594.397216796875,1388.7156982421875
2233,37.21666666666667,21.441690616797544,22.87701521701995,22.86128904185515,521.8707768416741,auto,2980.05322265625,1376.752197265625,2971.84619140625,1389.134521484375,2595.11865234375,1375.378662109375,2592.98095703125,1386.4482421875
2234,37.233333333333334,21.492835962976695,22.933092615236188,22.935003879612903,521.1700495939373,auto,2989.6181640625,1372.303466796875,2990.61474609375,1379.64111328125,2595.8017578125,1378.00732421875,2598.0263671875,1382.138427734375
2235,37.25,21.569944020966762,23.044460163427125,22.98466058014801,519.7047085586364,auto,3013.3125,1368.62109375,2982.23388671875,1384.129150390625,2607.46875,1378.879638671875,2609.27392578125,1383.391357421875
2236,37.266666666666666,21.638898946719237,23.09835733762284,23.09567234074782,518.2879635530634,auto,3009.420166015625,1370.5972900390625,3008.02880859375,1381.9149169921875,2605.584228515625,1377.8875732421875,2610.205810546875,1383.7510986328125
2237,37.28333333333333,21.709839463586434,23.17721883319648,23.1733309058661,517.175866891289,auto,3024.8935546875,1367.676025390625,3022.88232421875,1378.00244140625,2624.3232421875,1382.107666015625,2619.5908203125,1388.816650390625
2238,37.3,21.75316323306223,23.243200648855733,23.230133429445168,516.186112406303,auto,3035.13671875,1368.6558837890625,3028.3916015625,1381.9256591796875,2623.3916015625,1383.7130126953125,2627.31005859375,1388.9466552734375
2239,37.31666666666667,21.80754706073457,23.30403547000904,23.324137197554847,515.2503361414743,auto,3043.06591796875,1374.153076171875,3053.42431640625,1375.9814453125,2630.125,1386.375,2639.00634765625,1386.44873046875
2240,37.333333333333336,21.85738556042104,23.3619404343041,23.371632853868253,514.254976996001,auto,3046.724365234375,1378.0054931640625,3051.70849609375,1382.4835205078125,2632.52685546875,1392.4429931640625,2639.1259765625,1385.0233154296875
2241,37.35,21.91898583198131,23.41925019167747,23.422443186420935,513.208447447271,auto,3047.94873046875,1376.4017333984375,3049.5869140625,1386.6644287109375,2637.90185546875,1384.5081787109375,2642.94140625,1385.7376708984375
2242,37.36666666666667,21.952859779818418,23.468755447580847,23.41975509440001,512.6118983224603,auto,3054.06591796875,1376.2520751953125,3028.9482421875,1389.5181884765625,2641.44921875,1384.9888916015625,2641.4521484375,1385.8365478515625
2243,37.38333333333333,22.01928927788012,23.553515006572034,23.484927187727866,511.7185068932161,auto,3071.09130859375,1371.1103515625,3035.994140625,1386.138427734375,2653.5283203125,1392.222412109375,2643.40185546875,1384.908935546875
2244,37.4,22.084451334592025,23.60372985976613,23.56108284073369,510.6187415100725,auto,3066.7724609375,1366.326904296875,3044.99658203125,1384.347900390625,2646.974609375,1375.653564453125,2644.311279296875,1381.370361328125
2245,37.416666666666664,22.139306911484116,23.66902907569469,23.585468677401476,509.50234344988877,auto,3071.39794921875,1368.3433837890625,3028.823486328125,1384.3797607421875,2661.799072265625,1377.6397705078125,2647.888427734375,1378.5487060546875
2246,37.43333333333333,22.22609319607001,23.73686685980861,23.699238380730993,507.8434066012281,auto,3065.236328125,1364.792236328125,3046.12744140625,1378.321533203125,2665.68359375,1376.539794921875,2649.77294921875,1377.739990234375
2247,37.45,22.296537232448376,23.798169058646685,23.774161283764844,506.5497686625612,auto,3064.6513671875,1359.430908203125,3052.490234375,1375.730712890625,2675.8408203125,1373.106201171875,2666.29296875,1375.000732421875
2248,37.46666666666667,22.380354066393735,23.89761566701439,23.838556296542517,505.0201456042495,auto,3077.24853515625,1354.136474609375,3047.42138671875,1370.009521484375,2693.740234375,1366.719970703125,2668.9345703125,1371.1865234375
2249,37.483333333333334,22.437979503550253,23.966813869096228,23.957422622615507,503.71042435229793,auto,3079.08935546875,1354.8873291015625,3074.359375,1360.2720947265625,2686.86083984375,1374.9298095703125,2677.22509765625,1368.8929443359375
2250,37.5,22.527256907975914,24.04821611960265,24.04117716190694,502.50470707573925,auto,3088.2890625,1345.21728515625,3084.75146484375,1355.8564453125,2693.99755859375,1366.021728515625,2682.0927734375,1362.41943359375
2251,37.516666666666666,22.56981232423727,24.096418488203074,24.09806170176113,501.5895505245817,auto,3086.7294921875,1337.302001953125,3087.5537109375,1352.632080078125,2692.2333984375,1359.903076171875,2694.347900390625,1361.158203125
2252,37.53333333333333,22.626351308512355,24.179906189126985,24.167541410840833,500.65027809148734,auto,3101.7880859375,1341.0286865234375,3095.59716796875,1344.1090087890625,2697.48193359375,1376.0994873046875,2697.033447265625,1356.9481201171875
2253,37.55,22.69040773278297,24.252589590952454,24.26734685998195,499.6875385792182,auto,3109.60302734375,1332.97216796875,3116.9765625,1337.16259765625,2723.14892578125,1354.7529296875,2732.86279296875,1352.32080078125
2254,37.56666666666667,22.742034724923784,24.291878967620985,24.29897572249819,499.23786453138644,auto,3111.74169921875,1321.279541015625,3115.28466796875,1337.32275390625,2711.708984375,1346.96435546875,2716.728515625,1349.32568359375
2255,37.583333333333336,22.781749336431957,24.325779025987032,24.351379858523224,498.450281624969,auto,3102.62255859375,1329.296630859375,3115.3828125,1331.018798828125,2703.55517578125,1350.274658203125,2723.923095703125,1344.141357421875
2256,37.6,22.83237797383087,24.382564384133754,24.397409458811484,497.85030796018384,auto,3108.76123046875,1326.8026123046875,3116.1513671875,1327.7911376953125,2703.571044921875,1346.7025146484375,2707.359375,1337.1922607421875
2257,37.61666666666667,22.863863398788162,24.457384219142288,24.451339911186935,497.46570818537776,auto,3129.7216796875,1321.69189453125,3126.71484375,1319.06591796875,2707.7421875,1346.21240234375,2720.3310546875,1335.31982421875
2258,37.63333333333333,22.892760225367624,24.49857902238102,24.491094398357927,497.11289618824856,auto,3135.2734375,1308.905029296875,3131.552734375,1316.10498046875,2712.391845703125,1338.44970703125,2718.9482421875,1336.759033203125
2259,37.65,22.94009318764593,24.535441024566484,24.56288078010814,496.5067351572191,auto,3133.10107421875,1300.4586181640625,3146.724609375,1316.2799072265625,2727.5244140625,1324.6153564453125,2732.274169921875,1333.9312744140625
2260,37.666666666666664,22.969978355753963,24.594139857689186,24.583593930502946,495.97049720053093,auto,3143.5361328125,1298.20458984375,3138.3056640625,1311.776123046875,2727.63623046875,1330.10498046875,2712.857421875,1336.3291015625
2261,37.68333333333333,22.996140652115695,24.611775009556865,24.610659632550952,495.5583377372829,auto,3135.64013671875,1296.919677734375,3135.087890625,1312.337158203125,2726.8720703125,1321.934814453125,2725.32666015625,1331.77197265625
2262,37.7,23.046803803971386,24.63000813177875,24.643192905125144,495.43715245492047,auto,3133.37744140625,1291.08642578125,3139.91015625,1310.04541015625,2717.1513671875,1323.48388671875,2727.85107421875,1320.36279296875
2263,37.71666666666667,23.05980296839954,24.568459287405442,24.624519517277836,495.6130174768235,auto,3096.7099609375,1274.105712890625,3124.49365234375,1313.093017578125,2720.4697265625,1322.092041015625,2718.80908203125,1323.93310546875
2264,37.733333333333334,20.607511369592487,21.95198479924973,21.953064811527543,555.1875541758093,auto,3094.43408203125,1279.689208984375,3095.03466796875,1308.88037109375,2715.404541015625,1307.58544921875,2704.58203125,1314.634033203125
2265,37.75,20.678065365931683,22.058295529674872,22.120872662630607,553.332741961745,auto,3095.7265625,1267.61279296875,3130.35302734375,1322.52880859375,2705.6162109375,1301.5390625,2696.30810546875,1311.3896484375
2266,37.766666666666666,20.757663901612137,22.19604944589065,22.24885706560677,551.7706624372933,auto,3121.6591796875,1270.7974853515625,3150.796875,1317.3563232421875,2709.927734375,1297.2862548828125,2678.79248046875,1305.3619384765625
2267,37.78333333333333,20.805214782208424,22.353526438661476,22.29830051812949,550.4909088820415,auto,3165.3310546875,1277.2073974609375,3134.9296875,1306.8250732421875,2711.75341796875,1292.0758056640625,2662.8466796875,1302.5997314453125
2268,37.8,20.851611000620004,22.36320078866877,22.403755216564907,549.5122827789326,auto,3136.63671875,1264.5599365234375,3158.921875,1301.8624267578125,2672.9150390625,1299.4168701171875,2668.5869140625,1292.2010498046875
2269,37.81666666666667,20.9136327350274,22.435391065548068,22.48145884834562,548.7413402570548,auto,3150.0517578125,1241.783447265625,3175.3310546875,1307.6513671875,2682.12451171875,1280.6181640625,2683.04638671875,1291.036376953125
2270,37.833333333333336,20.936791378287044,22.29118306121463,22.306690595573347,547.8057949763712,auto,3041.943115234375,1278.8828125,3050.43798828125,1300.703857421875,2658.39453125,1299.351806640625,2664.76611328125,1298.0791015625
2271,37.85,20.976333059388843,22.49501243757905,22.50666690898108,547.2517343332205,auto,3134.099609375,1240.25537109375,3140.47705078125,1304.96044921875,2661.97509765625,1268.38916015625,2676.123046875,1287.830810546875
2272,37.86666666666667,21.00097307087893,22.464694229568597,22.512309735862566,546.4918132834412,auto,3092.912109375,1273.996826171875,3118.93359375,1300.58984375,2635.3603515625,1294.669677734375,2653.644287109375,1291.120361328125
2273,37.88333333333333,21.05659760529537,22.438732970998945,22.256468865443566,545.6271375237079,auto,3050.130859375,1275.5933837890625,2950.682861328125,1288.4698486328125,2646.354736328125,1285.4776611328125,2628.81591796875,1289.5611572265625
2274,37.9,21.13108181823091,22.541536675504457,22.08811523906433,544.5101582831783,auto,3069.00732421875,1301.221923828125,2822.11474609375,1284.04931640625,2669.399169921875,1277.123291015625,2611.357421875,1273.94189453125
2275,37.916666666666664,31.770724234278667,33.68689521849925,33.511061164868266,362.3689243308907,auto,2988.360107421875,1289.8037109375,2924.64404296875,1285.738525390625,2635.47265625,1282.055419921875,2618.4775390625,1281.86865234375
2276,37.93333333333333,21.246536740529052,22.49609530779506,22.748263216487057,542.7078978243642,auto,2974.14501953125,1317.919921875,3110.99853515625,1361.02783203125,2630.048828125,1271.11279296875,2648.48974609375,1280.650146484375
2277,37.95,21.2887579075068,22.55929178781107,22.759538141808633,541.8618477134427,auto,2973.45361328125,1333.4395751953125,3081.96044921875,1373.0216064453125,2635.581787109375,1268.4093017578125,2647.40625,1280.4097900390625
2278,37.96666666666667,21.348374402549393,22.540376657577347,22.75849169887402,541.4063444935857,auto,2936.357421875,1364.8104248046875,3054.4462890625,1384.5330810546875,2646.61669921875,1270.6136474609375,2655.908203125,1278.9652099609375
2279,37.983333333333334,19.87712601832363,20.907528700463615,21.14591134186766,581.7852305987878,auto,2880.47216796875,1375.6866455078125,3019.16064453125,1394.9180908203125,2627.609375,1273.0711669921875,2658.442626953125,1266.5311279296875
2280,38.0,19.943954668385384,20.91100497212432,21.159025363792807,580.1603674379766,auto,2834.04443359375,1385.833740234375,2977.935546875,1403.69677734375,2576.435546875,1277.181640625,2631.295166015625,1261.86962890625
2281,38.016666666666666,20.010685673731743,20.962230061472773,21.165314703714998,578.5187887810288,auto,2815.486328125,1410.5699462890625,2932.974365234375,1407.1314697265625,2573.794921875,1291.3092041015625,2599.74072265625,1276.3028564453125
2282,38.03333333333333,20.05992917897214,20.941113227485662,21.192891263160327,577.6882735630719,auto,2773.0498046875,1388.1357421875,2918.49951171875,1435.1474609375,2587.385009765625,1259.3427734375,2616.615234375,1259.7529296875
2283,38.05,20.12207339404333,20.96483435426362,21.181121350380703,576.7889672732277,auto,2757.095703125,1417.3909912109375,2881.84716796875,1442.1895751953125,2582.9404296875,1286.5411376953125,2594.57763671875,1248.1197509765625
2284,38.06666666666667,20.16328487854251,20.956971758248862,21.16352372157938,576.173490225143,auto,2730.3017578125,1419.9134521484375,2849.31201171875,1444.5189208984375,2567.5107421875,1250.6058349609375,2660.279296875,1238.8348388671875
2285,38.083333333333336,20.184499243962012,20.93918668218937,21.124706214050793,576.3691472382019,auto,2716.97900390625,1425.2744140625,2823.90673828125,1434.465087890625,2551.6484375,1239.787109375,2640.80712890625,1236.26806640625
2286,38.1,20.185620907716114,20.91286285166679,21.087214545854234,576.4995421664182,auto,2698.25537109375,1418.57763671875,2798.7685546875,1418.050048828125,2542.3916015625,1242.34765625,2641.24560546875,1228.86962890625
2287,38.11666666666667,20.198048573252894,20.888300974989747,21.059867812275055,576.5280021628668,auto,2678.9501953125,1412.3905029296875,2777.86376953125,1407.3482666015625,2532.703369140625,1240.0008544921875,2626.213134765625,1237.0753173828125
2288,38.13333333333333,20.20137552947478,20.911315436915554,21.027070937297506,576.9501754096524,auto,2694.60009765625,1408.9498291015625,2761.384765625,1395.2178955078125,2537.35205078125,1249.7908935546875,2619.4287109375,1237.4097900390625
2289,38.15,20.210557818543474,20.909419281014905,21.00516369283951,577.2203718922067,auto,2693.397705078125,1397.33349609375,2748.6630859375,1384.092529296875,2543.00732421875,1248.36865234375,2622.99560546875,1237.70751953125
2290,38.166666666666664,20.22619038489231,20.929170677399437,20.978610060007163,577.5499092304194,auto,2706.00537109375,1388.71875,2734.559814453125,1366.2158203125,2553.4462890625,1257.8525390625,2616.419677734375,1234.257080078125
2291,38.18333333333333,21.724213697100836,22.483614914663836,22.520441554230587,538.3384296187351,auto,2716.814697265625,1363.5078125,2736.6396484375,1349.356201171875,2545.77099609375,1252.560302734375,2612.126953125,1264.0888671875
2292,38.2,21.742720264504808,22.54866485148926,22.565282352993677,538.1891719776702,auto,2741.75048828125,1330.65771484375,2750.6943359375,1339.1875,2544.7900390625,1247.87744140625,2599.52587890625,1267.989501953125
2293,38.21666666666667,21.77520670725961,22.5640516053085,22.568432880457088,538.0675248757705,auto,2741.4521484375,1323.518798828125,2743.8095703125,1311.170166015625,2552.6669921875,1257.945556640625,2588.377197265625,1273.596435546875
2294,38.233333333333334,21.78671279045254,22.58862739570487,22.618233094936997,537.830619626762,auto,2744.2939453125,1312.340087890625,2760.216796875,1285.8291015625,2544.83447265625,1267.614990234375,2588.86474609375,1279.984375
2295,38.25,21.817464629313875,22.65238969259862,22.654936090595175,537.677388551838,auto,2771.919921875,1282.3365478515625,2773.28955078125,1275.4915771484375,2556.5419921875,1268.0933837890625,2611.64794921875,1289.4180908203125
2296,38.266666666666666,21.85225334410502,21.708201108475986,22.68049572446665,537.5803947087986,auto,2258.560546875,1264.4130859375,2781.246826171875,1263.6533203125,2575.23779296875,1267.826904296875,2631.69091796875,1289.15087890625
2297,38.28333333333333,21.881051667105414,22.76731558114991,22.79467564348112,537.3580023144779,auto,2820.241455078125,1276.8492431640625,2834.943359375,1269.6824951171875,2584.298095703125,1270.6353759765625,2640.205322265625,1290.5484619140625
2298,38.3,21.91987431707376,21.716756695994867,22.822964266743032,536.9988800209863,auto,2245.92578125,1257.1383056640625,2839.9580078125,1253.7747802734375,2556.24365234375,1250.6737060546875,2667.3994140625,1305.8780517578125
2299,38.31666666666667,20.248938725180828,20.09849843249544,21.10336547780458,582.1276956296648,auto,2282.42529296875,1251.6649169921875,2867.385498046875,1241.6151123046875,2561.427001953125,1259.4862060546875,2647.32568359375,1284.5572509765625
2300,38.333333333333336,21.987992071880573,21.835252046864145,22.952781146390915,535.7933396911565,auto,2283.163330078125,1255.9931640625,2881.927978515625,1232.643798828125,2536.14306640625,1252.882568359375,2650.399658203125,1301.294189453125
2301,38.35,20.158052693079007,20.01606497782178,21.050606624941636,585.2474787366921,auto,2301.90185546875,1254.5416259765625,2907.36474609375,1231.5936279296875,2540.1953125,1254.3536376953125,2661.7451171875,1290.6695556640625
2302,38.36666666666667,20.07458991469622,19.97147214570174,20.99489093691442,587.2282919858044,auto,2319.446044921875,1260.1708984375,2920.4267578125,1232.966552734375,2552.53662109375,1257.755126953125,2666.6123046875,1289.508544921875
2303,38.38333333333333,22.075889621747848,21.870881406884717,23.109589346714785,534.6194073627639,auto,2287.39892578125,1224.380126953125,2949.6357421875,1231.5546875,2545.445556640625,1255.892333984375,2685.271484375,1282.400146484375
2304,38.4,22.113638394101056,23.16307348543935,23.171504396150592,534.213491787521,auto,2969.622314453125,1227.9583740234375,2974.126220703125,1231.1541748046875,2567.28125,1267.1085205078125,2675.42529296875,1290.9073486328125
2305,38.416666666666664,22.1796324425977,23.13254216921355,23.22693850130959,533.7990444769956,auto,2941.662353515625,1248.8194580078125,2992.05029296875,1226.5130615234375,2598.21240234375,1266.1260986328125,2695.382080078125,1290.4405517578125
2306,38.43333333333333,22.260592596693655,21.626581792806775,23.305495704020526,533.4026380945178,auto,2123.817138671875,1203.291748046875,3019.35400390625,1225.014892578125,2629.21923828125,1257.603515625,2778.7333984375,1267.56640625
2307,38.45,22.222462036468993,23.31632521862538,23.394926537759954,532.8388428926045,auto,3005.85205078125,1257.423583984375,3047.734130859375,1229.3173828125,2630.76708984375,1269.609130859375,2732.9541015625,1277.460693359375
2308,38.46666666666667,22.28838218198357,22.07783643180771,23.51103114966464,532.287123476654,auto,2328.93017578125,1217.0836181640625,3091.80029296875,1234.0594482421875,2700.541015625,1265.6312255859375,2801.589111328125,1292.2845458984375
2309,38.483333333333334,22.302727615281547,21.792363047723267,23.576303090918532,531.836075710057,auto,2165.5693359375,1196.3350830078125,3114.33349609375,1244.4422607421875,2693.416015625,1257.8707275390625,2831.1279296875,1291.8040771484375
2310,38.5,22.268399191341167,23.555363815502258,23.61076032430459,531.3257890497217,auto,3093.79736328125,1244.984619140625,3123.23095703125,1257.129150390625,2708.20263671875,1264.365966796875,2800.31640625,1280.3173828125
2311,38.516666666666666,22.284926378086073,23.59878192276173,23.67637910736338,530.999955398165,auto,3114.6572265625,1237.9727783203125,3155.86181640625,1262.3555908203125,2701.86572265625,1266.0557861328125,2800.46875,1279.6724853515625
2312,38.53333333333333,22.314626831584313,23.621414176554573,23.719291421690503,530.6591236080196,auto,3122.458740234375,1250.705078125,3174.3984375,1279.424560546875,2726.699951171875,1261.563232421875,2824.72265625,1277.056884765625
2313,38.55,22.322005529762023,23.68427617929873,23.750466154518655,530.4334211237431,auto,3151.59375,1290.116455078125,3186.70361328125,1298.1005859375,2749.56103515625,1269.50341796875,2795.12841796875,1272.289306640625
2314,38.56666666666667,22.343993520912644,23.673539792377312,23.79753926611857,530.149679402451,auto,3136.85888671875,1265.3095703125,3202.5966796875,1309.923095703125,2733.9326171875,1275.92578125,2783.34912109375,1269.992431640625
2315,38.583333333333336,22.376204905007793,23.727482551082996,23.83453548189912,529.6463616665433,auto,3147.69921875,1278.066162109375,3204.39892578125,1323.37939453125,2722.626953125,1275.48193359375,2745.112060546875,1278.321044921875
2316,38.6,19.842053090503025,21.126251738656748,21.139656246932365,596.3770144064886,auto,3170.8662109375,1342.9407958984375,3178.85986328125,1348.8868408203125,2732.65087890625,1306.4410400390625,2690.149169921875,1291.5255126953125
2317,38.61666666666667,19.878936940347536,,21.068891131337434,594.9684819069673,auto,,,3094.985595703125,1354.689453125,2660.313720703125,1287.20166015625,2726.8388671875,1293.089111328125
2318,38.63333333333333,22.387023458989454,,23.74909799382725,527.9653230860177,auto,,,3084.1279296875,1352.490234375,2675.07470703125,1306.24169921875,2734.7666015625,1301.021484375
2319,38.65,22.413300319031435,23.88278591580335,23.975282288360702,527.5122407610763,auto,3128.171875,1358.5098876953125,3176.96484375,1366.1998291015625,2686.7333984375,1321.1558837890625,2732.6806640625,1306.5672607421875
2320,38.666666666666664,20.070002663946273,21.41672501155837,21.45033236768526,589.528671199075,auto,3139.931640625,1371.7481689453125,3159.744140625,1375.8856201171875,2694.763671875,1310.6842041015625,2736.6962890625,1311.9102783203125
2321,38.68333333333333,20.140743492889754,21.504309243894504,21.564337008352737,587.5861727208236,auto,3134.211669921875,1368.1495361328125,3169.4833984375,1377.7655029296875,2689.25537109375,1321.3319091796875,2731.697509765625,1311.2147216796875
2322,38.7,20.218567163768938,21.562731037261067,21.64356071786615,585.77067106486,auto,3114.3720703125,1379.8917236328125,3161.7197265625,1380.5462646484375,2666.64208984375,1314.4776611328125,2741.04150390625,1316.5816650390625
2323,38.71666666666667,20.280150199614376,21.665689790645324,21.69738543718855,584.3850167952756,auto,3131.688232421875,1402.4161376953125,3150.21142578125,1394.8531494140625,2682.546875,1301.0916748046875,2718.884765625,1309.1441650390625
2324,38.733333333333334,20.320109296865077,21.67341903077076,21.735713329898825,583.5455733319629,auto,3105.71826171875,1416.8067626953125,3142.06982421875,1391.3790283203125,2669.422607421875,1342.7718505859375,2722.61962890625,1330.3370361328125
2325,38.75,20.34721131150101,21.735627807433968,21.766525131012546,582.7327654031683,auto,3114.076416015625,1412.5433349609375,3132.0810546875,1395.8111572265625,2656.489013671875,1337.5811767578125,2704.0,1343.5257568359375
2326,38.766666666666666,20.371632294893327,21.731909684312953,21.80911373408686,581.9602421320681,auto,3085.626953125,1409.81787109375,3130.556640625,1401.43701171875,2645.555908203125,1326.3671875,2704.61865234375,1369.80224609375
2327,38.78333333333333,22.61724060263743,24.154179935015293,24.19538474239105,524.8411032549706,auto,3105.6494140625,1412.7408447265625,3127.27490234375,1404.0010986328125,2669.7666015625,1342.0321044921875,2689.03173828125,1369.3463134765625
2328,38.8,20.459194387952838,21.847687583580225,21.901230115964015,580.6569537493871,auto,3105.23779296875,1414.6353759765625,3136.328125,1412.8426513671875,2686.0283203125,1336.8636474609375,2721.7294921875,1356.7384033203125
2329,38.81666666666667,20.51495948924511,21.882880031706655,21.92577926301059,579.7106351115262,auto,3094.998291015625,1412.5045166015625,3119.86767578125,1420.4337158203125,2690.8173828125,1322.4439697265625,2707.991455078125,1347.0987548828125
2330,38.833333333333336,22.707552748789094,22.72086112764217,24.313158738318325,523.687409531065,auto,2297.96923828125,1242.40576171875,3131.836181640625,1413.898681640625,2635.04345703125,1337.434326171875,2715.41015625,1360.794189453125
2331,38.85,22.745487478333846,22.762641778814185,24.351776402613613,523.2235480855925,auto,2299.975341796875,1249.4747314453125,3131.4482421875,1418.5242919921875,2653.258056640625,1342.9261474609375,2713.45263671875,1354.7071533203125
2332,38.86666666666667,20.637453774050456,22.025469244907242,22.077255735180753,577.1707694349981,auto,3092.12158203125,1423.79052734375,3122.01171875,1422.5419921875,2693.298828125,1345.91064453125,2714.66064453125,1348.646240234375
2333,38.88333333333333,20.69196074548253,22.069187882864952,22.14836479735185,576.0315204635522,auto,3081.326171875,1417.9390869140625,3126.93408203125,1419.6744384765625,2647.61962890625,1350.6334228515625,2703.86669921875,1360.9981689453125
2334,38.9,20.769900221394874,20.675667780607917,22.216815145195785,574.9286700590422,auto,2244.823486328125,1256.361572265625,3130.87353515625,1415.438232421875,2631.13037109375,1350.822509765625,2711.23779296875,1352.000244140625
2335,38.916666666666664,20.85720318821117,22.215883009558265,22.295618728468177,573.5132612169054,auto,3086.22119140625,1428.7196044921875,3131.9501953125,1411.9093017578125,2657.79443359375,1344.4063720703125,2697.466796875,1343.6778564453125
2336,38.93333333333333,20.948872936185843,22.299960422803995,22.368862274656028,572.0886694693006,auto,3088.94140625,1418.4215087890625,3128.359375,1419.4461669921875,2704.9521484375,1354.4893798828125,2718.67431640625,1367.9464111328125
2337,38.95,21.01300040211718,22.383545063293898,22.439608818684512,570.5000454777529,auto,3086.8955078125,1419.013671875,3118.8798828125,1420.78369140625,2687.37353515625,1337.26171875,2708.35791015625,1374.2607421875
2338,38.96666666666667,21.081801845146035,22.374646193823622,22.508464534952314,569.3279620334906,auto,3041.05322265625,1406.948974609375,3117.2392578125,1415.3330078125,2662.49609375,1323.8154296875,2697.73779296875,1364.990234375
2339,38.983333333333334,21.14584183265953,22.38493478027683,22.581745091677337,567.9892075624919,auto,3004.791015625,1419.6669921875,3116.57763671875,1410.32275390625,2664.79833984375,1326.1484375,2684.21923828125,1377.32763671875
2340,39.0,21.240776138552057,22.604817521359173,22.640629452531908,566.9810824236804,auto,3097.38525390625,1402.854248046875,3117.69091796875,1409.659912109375,2728.974609375,1365.208251953125,2706.9990234375,1390.158447265625
2341,39.016666666666666,21.262347592203437,22.62524214565961,22.681788853737423,566.2319837158149,auto,3085.71484375,1402.9444580078125,3117.73388671875,1408.9837646484375,2695.26806640625,1338.6160888671875,2707.6943359375,1374.3406982421875
2342,39.03333333333333,21.29170070656013,21.097594494266183,22.740283515661506,565.7406395220248,auto,2205.1865234375,1255.7486572265625,3134.5224609375,1396.3375244140625,2688.76171875,1346.4620361328125,2713.89208984375,1382.5855712890625
2343,39.05,21.313342302404795,22.59356454761525,22.7513844919725,565.7406395220248,auto,3046.2734375,1397.8985595703125,3135.55908203125,1398.7005615234375,2699.081787109375,1347.1241455078125,2712.81591796875,1376.3714599609375
2344,39.06666666666667,21.40042836272489,22.827144273434104,22.839975459537676,563.811867554899,auto,3128.3994140625,1399.3663330078125,3135.6337890625,1402.6812744140625,2693.97412109375,1363.7752685546875,2708.123779296875,1364.4613037109375
2345,39.083333333333336,21.42566128944006,22.781145649061454,22.865087032989297,563.811867554899,auto,3092.23828125,1397.3515625,3139.56591796875,1396.28125,2694.62646484375,1341.91552734375,2736.2490234375,1358.8291015625
2346,39.1,21.45085979123301,22.800203632416963,22.900632605507862,563.811867554899,auto,3090.77685546875,1402.514404296875,3147.39892578125,1387.720947265625,2685.5966796875,1363.549072265625,2735.45263671875,1368.732666015625
2347,39.11666666666667,21.479024249060533,22.847416438951953,22.91245399389297,563.811867554899,auto,3103.51611328125,1398.3646240234375,3140.1845703125,1388.9295654296875,2730.095703125,1386.1702880859375,2743.20751953125,1380.3265380859375
2348,39.13333333333333,21.495052081479344,22.805283798297335,22.91888690766034,563.811867554899,auto,3066.724609375,1382.95361328125,3130.775390625,1381.203369140625,2705.20654296875,1348.927490234375,2768.257568359375,1371.509033203125
2349,39.15,21.506058313687348,22.86546289251744,22.93249925803669,563.811867554899,auto,3086.4482421875,1390.95947265625,3124.244140625,1383.298095703125,2715.35791015625,1367.489013671875,2749.75341796875,1374.104736328125
2350,39.166666666666664,21.71869318804449,23.088068024113717,23.14376233184789,559.2224605996729,auto,3093.78515625,1389.9285888671875,3124.93115234375,1381.6781005859375,2727.005615234375,1361.8499755859375,2747.513671875,1372.4957275390625
2351,39.18333333333333,21.748542918834687,22.46228345619729,23.183562288144536,558.4996627274693,auto,2715.62451171875,1114.75146484375,3118.45849609375,1385.260498046875,2676.244873046875,1289.053955078125,2762.705810546875,1385.039794921875
2352,39.2,21.791019101932434,23.197509903887553,23.226690403329187,557.9496688384188,auto,3101.7509765625,1381.6630859375,3118.0322265625,1379.052490234375,2696.671630859375,1344.57421875,2711.00732421875,1358.812744140625
2353,39.21666666666667,21.83339684483434,23.203051383641398,23.264899658567742,557.3745798254306,auto,3079.41064453125,1382.1568603515625,3113.8828125,1377.6466064453125,2689.861572265625,1354.2012939453125,2728.5400390625,1365.2115478515625
2354,39.233333333333334,21.862064292670535,23.297555236497956,23.28889694820958,557.0664809088299,auto,3113.6640625,1380.2952880859375,3108.8408203125,1392.7752685546875,2695.959228515625,1358.8123779296875,2715.34375,1364.8197021484375
2355,39.25,21.88193412552188,23.33628139062054,22.80296212252992,556.8750376548076,auto,3119.8896484375,1372.3421630859375,2822.89794921875,1410.6422119140625,2741.58251953125,1391.6627197265625,2693.603759765625,1344.8475341796875
2356,39.266666666666666,21.91041179164484,23.33314860621909,23.362001875554746,556.4929380518375,auto,3097.74267578125,1374.0189208984375,3113.80029296875,1370.7825927734375,2688.22998046875,1355.3785400390625,2736.4736328125,1368.1187744140625
2357,39.28333333333333,21.940212730836876,23.384306219436787,22.90585266104336,556.4231921357975,auto,3113.52783203125,1371.361572265625,2847.30517578125,1417.8603515625,2731.88623046875,1381.2275390625,2718.1865234375,1361.91796875
2358,39.3,21.960253819112626,23.384613807699274,23.406619363364932,556.0563119111152,auto,3095.02392578125,1371.583984375,3107.2607421875,1375.4443359375,2683.34130859375,1359.482421875,2719.80615234375,1366.8134765625
2359,39.31666666666667,21.995333622799276,23.443547033428587,23.439925107907847,555.9672233649115,auto,3115.15966796875,1365.19091796875,3113.14501953125,1372.08349609375,2723.41845703125,1373.17041015625,2737.30859375,1371.9404296875
2360,39.333333333333336,22.027899842687585,23.458803732351488,23.446066306408134,555.848423102559,auto,3110.365234375,1368.9954833984375,3103.28515625,1375.1363525390625,2724.979248046875,1384.0797119140625,2709.838623046875,1364.2847900390625
2361,39.35,22.09658831924538,23.495448571621125,23.491420050663464,555.6086895226401,auto,3114.21875,1367.2298583984375,3111.98095703125,1372.8018798828125,2750.9814453125,1378.2869873046875,2767.6787109375,1376.2332763671875
2362,39.36666666666667,22.098496817433663,23.474904133626758,23.491974755681415,555.4819176852758,auto,3089.56982421875,1367.5260009765625,3099.0517578125,1373.0809326171875,2708.876708984375,1365.1922607421875,2722.04052734375,1361.6837158203125
2363,39.38333333333333,22.100821396365067,23.502186126238474,23.498746871215175,555.3982583609402,auto,3093.3154296875,1361.232421875,3091.4052734375,1367.44091796875,2684.050048828125,1358.010986328125,2693.60498046875,1349.594970703125
2364,39.4,22.145018009323962,23.520046152776544,23.51369363205929,555.2667841633158,auto,3090.5078125,1365.9249267578125,3086.98046875,1369.8143310546875,2706.932373046875,1359.5042724609375,2717.203125,1344.1209716796875
2365,39.416666666666664,22.166716980149562,23.53092192864001,23.544900108572733,555.1341921728299,auto,3084.31640625,1360.8621826171875,3092.076171875,1366.8465576171875,2691.93505859375,1349.0350341796875,2703.797607421875,1346.7596435546875
2366,39.43333333333333,22.181151705764453,23.55926665207461,23.570546545310826,555.0355891133402,auto,3088.9033203125,1353.882080078125,3095.1640625,1362.56201171875,2686.237548828125,1346.81103515625,2696.47216796875,1345.79638671875
2367,39.45,22.214422772405545,23.591751243983026,23.57925305103322,555.0021083333919,auto,3098.419921875,1354.08251953125,3091.4833984375,1359.86474609375,2690.9482421875,1353.8720703125,2685.41455078125,1341.212890625
2368,39.46666666666667,22.244139126083418,23.654146299522846,23.532665641469414,554.7838552443221,auto,3120.2490234375,1352.660888671875,3052.85302734375,1370.532470703125,2726.6298828125,1357.194091796875,2710.111083984375,1355.543212890625
2369,39.483333333333334,22.284730996272582,23.694363054360768,23.681161435743135,554.2792156353372,auto,3124.330078125,1338.978515625,3117.0126953125,1344.10986328125,2708.416015625,1341.31982421875,2705.013916015625,1342.157470703125
2370,39.5,22.327294420128,23.724240029687213,23.56927931025808,553.9206181812627,auto,3126.79736328125,1340.2613525390625,3040.96142578125,1363.5958251953125,2711.579833984375,1334.9908447265625,2711.84912109375,1339.7086181640625
2371,39.516666666666666,22.34471595731444,23.74308747275604,23.66269221242757,553.7338637018418,auto,3127.32470703125,1336.601806640625,3082.8076171875,1353.634765625,2714.5615234375,1332.77734375,2716.94580078125,1336.38720703125
2372,39.53333333333333,22.37380415251369,23.731313623304853,23.743171283254174,553.439719814,auto,3109.2998046875,1334.845703125,3115.8623046875,1344.78515625,2702.6787109375,1329.4619140625,2709.55078125,1334.384765625
2373,39.55,22.388680402162187,23.765776945144694,23.766188452770354,552.9400874030628,auto,3112.4521484375,1330.5721435546875,3112.6796875,1344.2196044921875,2708.817626953125,1328.1195068359375,2714.854248046875,1333.8338623046875
2374,39.56666666666667,22.42979984551954,23.832045179830995,23.77409953260025,552.4101835903938,auto,3132.61376953125,1331.1444091796875,3100.60400390625,1345.8485107421875,2715.687744140625,1329.7340087890625,2717.55322265625,1329.8460693359375
2375,39.583333333333336,22.453548692652603,23.893113708698472,23.501549220961135,551.6083330822576,auto,3143.076171875,1326.7027587890625,2927.08642578125,1376.2947998046875,2737.125,1331.2835693359375,2709.537353515625,1327.5760498046875
2376,39.6,22.507349993931882,23.941781510182324,23.6675312734449,551.2080759194934,auto,3155.669921875,1322.5985107421875,3004.50048828125,1364.0926513671875,2740.87548828125,1325.0870361328125,2736.17041015625,1326.1346435546875
2377,39.61666666666667,22.553438204788,23.959045488446257,23.95462146505219,550.527575931005,auto,3143.8251953125,1321.7806396484375,3141.3896484375,1327.6588134765625,2750.79541015625,1332.4300537109375,2758.1005859375,1325.4112548828125
2378,39.63333333333333,22.58621956098065,24.014032415175276,23.96836602846357,550.0789310545946,auto,3157.41015625,1314.1312255859375,3132.2900390625,1324.7484130859375,2741.093017578125,1322.9749755859375,2739.7197265625,1322.5985107421875
2379,39.65,22.625404240555397,24.06387772362004,24.043953096915494,549.5809519985999,auto,3167.55810546875,1303.33935546875,3156.607421875,1315.03125,2753.269287109375,1326.5068359375,2749.12451171875,1325.04052734375
2380,39.666666666666664,22.671070662002688,24.099516418318977,24.079634463443774,548.8448919381935,auto,3164.99560546875,1304.30712890625,3154.0830078125,1315.73876953125,2771.61962890625,1344.79296875,2751.691162109375,1327.13525390625
2381,39.68333333333333,22.710521435473098,24.14066305530243,24.1082367236665,548.3583588683729,auto,3173.22998046875,1300.4404296875,3155.44921875,1314.1650390625,2782.9931640625,1330.042236328125,2763.66064453125,1326.329345703125
2382,39.7,22.779896937085038,24.177327075261807,24.131057364431964,547.3807374902584,auto,3167.92724609375,1305.5440673828125,3142.599609375,1311.9263916015625,2787.4326171875,1327.8831787109375,2779.26416015625,1316.3946533203125
2383,39.71666666666667,22.81802649401304,24.222958372612016,24.20460862492875,546.722861570911,auto,3176.1083984375,1304.4892578125,3166.076171875,1298.9345703125,2788.925537109375,1327.718505859375,2792.666748046875,1307.70068359375
2384,39.733333333333334,22.875784359894052,24.271864402356144,24.28934765501019,545.8348591554399,auto,3180.029296875,1288.0570068359375,3189.57275390625,1297.9776611328125,2801.48486328125,1307.3084716796875,2812.6396484375,1306.8782958984375
2385,39.75,22.928555507094675,24.336624383630287,24.35205636561061,545.0455309774694,auto,3194.4619140625,1281.45263671875,3202.873046875,1296.234130859375,2821.224853515625,1295.7578125,2833.3876953125,1307.15185546875
2386,39.766666666666666,22.979028226341025,24.379827456545073,24.40523125296326,544.1792448038145,auto,3194.28662109375,1281.9100341796875,3208.11083984375,1291.9696044921875,2807.96337890625,1289.9984130859375,2829.244873046875,1298.7586669921875
2387,39.78333333333333,23.01122793011647,24.431611086133543,24.45120033711832,543.685444291637,auto,3206.24072265625,1278.705078125,3216.8916015625,1286.646484375,2817.51318359375,1313.4375,2835.19580078125,1303.171630859375
2388,39.8,23.073971322325175,24.500136900371146,24.525406167440984,543.0571536591474,auto,3222.48876953125,1298.76171875,3236.21142578125,1278.3955078125,2839.24755859375,1316.0849609375,2861.576904296875,1290.457763671875
2389,39.81666666666667,23.10430259240172,24.526082697401296,24.582771609435678,542.5719315506501,auto,3216.41748046875,1302.6627197265625,3247.17626953125,1277.6639404296875,2828.509765625,1309.4237060546875,2848.4228515625,1298.0396728515625
2390,39.833333333333336,23.157373611524196,24.551910242532607,24.622152251962593,541.987804861222,auto,3206.822265625,1272.9757080078125,3244.89208984375,1285.2020263671875,2830.97119140625,1291.9818115234375,2841.0859375,1297.4012451171875
2391,39.85,23.193808912810482,24.6558769214059,24.712631789154717,542.0446403144172,auto,3254.50634765625,1258.77294921875,3285.26953125,1273.0244140625,2839.00927734375,1288.77734375,2846.24609375,1299.92578125
2392,39.86666666666667,23.225703710797596,24.670619018498915,24.772832025085588,541.5506056762055,auto,3239.49462890625,1238.413330078125,3294.84814453125,1270.330078125,2832.95947265625,1290.0693359375,2848.85205078125,1294.0830078125
2393,39.88333333333333,23.2449917427132,24.713804569068895,24.811201222749407,541.2588100606223,auto,3245.0078125,1254.209716796875,3297.72509765625,1270.66796875,2826.89111328125,1295.09814453125,2833.773681640625,1291.70654296875
2394,39.9,23.295101405687557,24.733756173384798,24.831156907974353,540.5543484540356,auto,3227.67138671875,1230.9427490234375,3280.32177734375,1275.1202392578125,2818.63525390625,1279.9019775390625,2829.826171875,1287.3873291015625
2395,39.916666666666664,23.309220656497743,24.658524373920624,24.81019439916748,540.61517464672,auto,3178.4541015625,1239.639892578125,3260.44921875,1269.548828125,2800.854736328125,1258.119873046875,2841.2939453125,1274.109619140625
2396,39.93333333333333,23.3464582025195,24.77008906087631,24.879861416171956,540.4917706985976,auto,3226.46044921875,1240.88916015625,3285.7919921875,1266.17822265625,2823.0126953125,1265.80615234375,2836.9462890625,1277.64794921875
2397,39.95,23.333836212937182,24.71805226457241,24.86939502768256,540.0871476788641,auto,3178.59765625,1219.3834228515625,3260.3359375,1269.6431884765625,2798.2099609375,1277.9298095703125,2823.48486328125,1268.4141845703125
2398,39.96666666666667,23.38833491911213,24.706131521463075,24.940625000849998,539.7396551000114,auto,3155.2666015625,1199.1221923828125,3281.83203125,1263.9007568359375,2783.41650390625,1254.1378173828125,2820.46630859375,1272.7886962890625
2399,39.983333333333334,23.40085066178676,24.873668495332712,24.98163830618443,539.4755242508916,auto,3229.548828125,1180.019287109375,3287.79541015625,1259.418212890625,2803.70263671875,1223.477294921875,2821.26318359375,1265.857666015625
2400,40.0,23.392663136973155,24.698950809268446,24.780643068375287,539.395698035102,auto,3125.60595703125,1208.5650634765625,3169.67041015625,1235.7010498046875,2781.59326171875,1250.3511962890625,2832.41748046875,1260.3997802734375
2401,40.016666666666666,23.48925946324274,24.959149845723513,25.074152901706224,539.1585665499222,auto,3252.50390625,1164.3201904296875,3314.5087890625,1258.4866943359375,2809.8037109375,1187.5301513671875,2848.26220703125,1248.3145751953125
2402,40.03333333333333,23.476563628351368,24.811090333051443,25.03626012598056,539.2458438606847,auto,3165.6376953125,1198.413818359375,3287.05908203125,1261.108642578125,2815.7177734375,1230.873291015625,2820.85009765625,1248.64599609375
2403,40.05,23.482006446889315,24.82579264308232,24.970835637931064,539.3470791649036,auto,3164.76806640625,1173.8516845703125,3242.99609375,1259.5050048828125,2763.008544921875,1231.1153564453125,2802.209228515625,1256.2401123046875
2404,40.06666666666667,23.506234797544675,24.893271513752723,25.074643565096004,539.5612355940063,auto,3193.3916015625,1157.530517578125,3291.2529296875,1272.93701171875,2783.493896484375,1200.3974609375,2837.14990234375,1248.92138671875
2405,40.083333333333336,23.55898269465242,24.791823233895556,25.0075452201154,540.1918091058304,auto,3139.970703125,1149.11669921875,3256.50146484375,1273.792724609375,2770.66015625,1193.421142578125,2830.373046875,1242.146240234375
2406,40.1,23.487571127702747,24.560246366788856,25.03536341120018,540.9933389539206,auto,3019.310546875,1273.521240234375,3276.345703125,1295.446044921875,2755.53466796875,1225.966552734375,2816.19921875,1238.608154296875
2407,40.11666666666667,23.479008588958514,24.484572191751607,24.999804413830024,541.8938488526973,auto,2984.90966796875,1280.6658935546875,3264.1103515625,1323.0894775390625,2754.76611328125,1221.8179931640625,2816.661865234375,1239.1236572265625
2408,40.13333333333333,23.45781700779379,24.45690498808137,24.925380149583695,542.6306563613595,auto,2975.13623046875,1286.507568359375,3229.34423828125,1336.197509765625,2717.098388671875,1216.3359375,2804.25048828125,1225.257080078125
2409,40.15,23.438735731478946,24.435324140826673,24.84506295024406,543.5293728745552,auto,2973.67529296875,1294.9312744140625,3196.3798828125,1345.4415283203125,2739.4951171875,1247.7962646484375,2814.127685546875,1223.0662841796875
2410,40.166666666666664,23.40428064095625,24.300680277547475,24.781611518173353,544.3378187686687,auto,2908.9443359375,1266.6954345703125,3170.7333984375,1358.1217041015625,2685.681884765625,1260.1204833984375,2733.76220703125,1226.4051513671875
2411,40.18333333333333,23.408712967058523,24.334199414294808,24.75234639889414,544.4524083574189,auto,2920.883544921875,1352.31591796875,3148.54541015625,1373.31982421875,2687.25732421875,1247.916748046875,2771.20166015625,1226.43603515625
2412,40.2,23.442446937933074,24.347433067668,24.721004439205355,544.1590069547722,auto,2914.4560546875,1380.0693359375,3117.73828125,1388.53369140625,2701.73388671875,1257.84033203125,2774.8828125,1230.2431640625
2413,40.21666666666667,46.99690221337319,48.682638196825614,49.37814764452842,271.9903742858045,auto,2901.50390625,1397.1014404296875,3090.67529296875,1397.4227294921875,2770.0419921875,1251.3475341796875,2832.00732421875,1208.9329833984375
2414,40.233333333333334,23.54183085722303,24.32820386203825,24.656149997351665,543.75474025507,auto,2883.59423828125,1394.8236083984375,3061.91552734375,1390.7711181640625,2770.67626953125,1214.1173095703125,2851.41650390625,1184.6907958984375
2415,40.25,23.56821715391717,24.34261774440571,24.615269281569063,543.7486536566877,auto,2884.07861328125,1416.0736083984375,3032.3330078125,1391.6431884765625,2748.126220703125,1250.7364501953125,2843.6220703125,1194.5323486328125
2416,40.266666666666666,23.582235199905245,24.335214213391417,24.577528445530533,544.0056547083934,auto,2878.62451171875,1424.10546875,3010.44482421875,1407.218505859375,2744.97705078125,1244.427490234375,2840.956298828125,1202.7568359375
2417,40.28333333333333,23.562235462336076,24.276926190578966,24.5157580130376,544.5123420373486,auto,2851.15869140625,1393.0238037109375,2981.20458984375,1392.3839111328125,2709.41650390625,1239.5440673828125,2809.176513671875,1204.8087158203125
2418,40.3,23.59290100614807,24.246915657494668,24.49713684767041,544.4362729304348,auto,2825.069580078125,1379.662109375,2961.298828125,1382.182373046875,2718.477783203125,1229.443603515625,2832.67724609375,1195.915283203125
2419,40.31666666666667,23.60814942625836,24.275525724931782,24.49689358531508,544.2192739334433,auto,2828.19921875,1366.4688720703125,2948.67138671875,1359.7479248046875,2707.3408203125,1222.8175048828125,2805.041259765625,1161.8065185546875
2420,40.333333333333336,23.61765953339225,24.38911152348508,24.479828816625712,543.7996388794779,auto,2874.515625,1377.260009765625,2923.84765625,1340.753173828125,2700.744140625,1241.800048828125,2785.576416015625,1213.856689453125
2421,40.35,23.71595809715521,24.483204692082687,24.468410520619603,543.0638483235247,auto,2905.66455078125,1356.116943359375,2897.630126953125,1281.906005859375,2721.6396484375,1246.185791015625,2822.92724609375,1231.465087890625
2422,40.36666666666667,23.770209714800302,24.532632373906722,24.54967165212471,541.9463713111829,auto,2903.192626953125,1336.017333984375,2912.427001953125,1276.7646484375,2715.360107421875,1214.63134765625,2797.6044921875,1231.814453125
2423,40.38333333333333,23.826632328966184,24.551843055674663,24.622851328254647,541.3789325630834,auto,2897.6142578125,1300.1690673828125,2936.05712890625,1292.5789794921875,2711.373046875,1186.0140380859375,2810.39013671875,1228.1885986328125
2424,40.4,23.89091811355953,24.663648580797574,24.688144897799294,540.5388465772115,auto,2934.690673828125,1259.240234375,2947.931640625,1259.71142578125,2714.316162109375,1180.817138671875,2813.53515625,1234.573974609375
2425,40.416666666666664,23.950774012098222,23.917597515387648,24.853540900359015,540.004951811761,auto,2514.08544921875,1198.9381103515625,3019.499267578125,1209.3822021484375,2737.364990234375,1194.8934326171875,2804.4658203125,1229.4217529296875
2426,40.43333333333333,23.975010525007352,23.86665849651658,24.783710092474845,539.9426549387233,auto,2478.49658203125,1198.9224853515625,2973.6513671875,1215.2608642578125,2706.66748046875,1162.6182861328125,2825.78857421875,1230.3575439453125
2427,40.45,24.00747596727188,24.76677518292594,24.807817968956027,540.0233425613841,auto,2959.03955078125,1219.0736083984375,2981.20361328125,1215.9771728515625,2744.09326171875,1181.8670654296875,2825.08642578125,1225.3768310546875
2428,40.46666666666667,24.042013201153107,,24.8627146813415,540.4368241648101,auto,,,3013.53662109375,1189.9735107421875,2706.51611328125,1149.0555419921875,2832.8984375,1216.8699951171875
2429,40.483333333333334,24.09144676482439,,24.8925592223009,540.4004888265399,auto,,,3020.92138671875,1183.1953125,2719.644287109375,1144.66650390625,2864.29052734375,1210.80419921875
2430,40.5,24.052727350430317,24.84768581876761,24.942039572374668,540.7363868636077,auto,2996.86328125,1187.9405517578125,3047.8837890625,1171.1409912109375,2744.396484375,1151.4559326171875,2860.287353515625,1208.6058349609375
2431,40.516666666666666,24.04626760243911,24.870410576209768,24.945798497954897,540.9649930445734,auto,3006.83203125,1170.389892578125,3047.6142578125,1162.981689453125,2740.078857421875,1164.134033203125,2839.23779296875,1203.068359375
2432,40.53333333333333,24.05628576941444,,24.98410080911052,541.3497496703193,auto,,,3068.27197265625,1151.5491943359375,2677.15625,1172.0531005859375,2831.332763671875,1193.8809814453125
2433,40.55,24.016201182909665,23.789829003274686,24.88975508745644,542.3402429184761,auto,2434.229736328125,1102.665771484375,3030.763671875,1203.29248046875,2718.18505859375,1164.213623046875,2870.910400390625,1195.3515625
2434,40.56666666666667,23.990229732328274,23.437644784792845,24.954993952576128,543.6341417085188,auto,2261.59521484375,1067.390380859375,3086.47900390625,1144.4609375,2624.44384765625,1140.748779296875,2779.087158203125,1162.75927734375
2435,40.583333333333336,23.948735538280264,23.727419835289847,24.941610589507544,545.0437726330651,auto,2440.373046875,1135.2178955078125,3102.16015625,1141.5506591796875,2689.52099609375,1155.3128662109375,2835.12451171875,1176.6956787109375
2436,40.6,23.892940475502744,,24.915214416596324,546.4516081108221,auto,,,3109.62353515625,1141.5670166015625,2697.61572265625,1153.0474853515625,2836.266845703125,1169.0760498046875
2437,40.61666666666667,23.843479046707174,,24.93012509414489,547.6207933677348,auto,,,3134.070556640625,1148.988037109375,2756.806884765625,1160.91943359375,2848.46875,1176.12255859375
2438,40.63333333333333,23.81119588906337,24.85816500824742,24.932911262515617,548.7445754181483,auto,3112.51904296875,1161.1815185546875,3153.53515625,1140.8929443359375,2782.9169921875,1164.3465576171875,2842.98291015625,1175.1776123046875
2439,40.65,23.78862621933924,24.84911237055237,24.956020663840242,549.2441062723407,auto,3109.4658203125,1179.873046875,3168.18505859375,1161.524658203125,2778.68994140625,1157.95556640625,2885.2783203125,1173.769775390625
2440,40.666666666666664,23.747536576998257,,24.965682155188098,550.013839708821,auto,,,3184.99658203125,1164.9061279296875,2764.890625,1153.7352294921875,2880.376953125,1193.3541259765625
2441,40.68333333333333,23.817544303136714,23.45563271139853,25.0007357276934,550.2237292815921,auto,2352.86767578125,1080.2701416015625,3203.01953125,1182.3985595703125,2772.36767578125,1138.6788330078125,2912.8212890625,1171.7838134765625
2442,40.7,23.82562157721112,24.90269018394775,25.015939000619337,550.140268181989,auto,3141.53857421875,1204.38818359375,3203.84130859375,1211.119384765625,2761.22998046875,1145.65625,2864.156494140625,1160.822265625
2443,40.71666666666667,23.797372573050115,,25.084722666725256,549.0898887391658,auto,,,3210.870849609375,1214.7266845703125,2768.19970703125,1159.3199462890625,2860.2578125,1173.7471923828125
2444,40.733333333333334,23.86373969702318,25.15321989322078,25.176887909450954,547.9441062519647,auto,3216.5634765625,1242.297119140625,3229.53271484375,1241.491455078125,2812.301025390625,1165.9140625,2848.235107421875,1165.291748046875
2445,40.75,24.074880398120506,23.32186829091955,25.225519840475027,547.7374113547628,auto,2206.54736328125,1281.135498046875,3249.248046875,1249.34375,2824.126708984375,1162.498291015625,2824.50390625,1164.4345703125
2446,40.766666666666666,23.922419086726322,25.215427774141393,25.264422559375788,546.6142952127382,auto,3211.77685546875,1273.3067626953125,3238.55908203125,1257.8216552734375,2824.25341796875,1169.3204345703125,2875.15234375,1163.0950927734375
2447,40.78333333333333,23.940453975701192,25.21525177769467,25.314992046186955,545.733849004148,auto,3185.69970703125,1273.466064453125,3240.13134765625,1273.67529296875,2828.311767578125,1139.38916015625,2914.36181640625,1164.085205078125
2448,40.8,23.990008379251467,25.272449281229775,25.372102132569683,544.7426292383517,auto,3185.6005859375,1286.820068359375,3239.88525390625,1285.607421875,2810.969970703125,1166.684326171875,2896.367431640625,1171.6162109375
2449,40.81666666666667,24.01665371643613,25.29285647376221,25.416808293439054,544.2828021878738,auto,3179.614990234375,1289.955810546875,3247.07958984375,1288.1767578125,2830.723876953125,1165.3984375,2903.1689453125,1175.50146484375
2450,40.833333333333336,24.072561216778745,25.243598504382625,25.469549207482206,543.1952628552295,auto,3121.10107421875,1251.371337890625,3243.836669921875,1300.642822265625,2808.6181640625,1183.447998046875,2911.987060546875,1177.062744140625
2451,40.85,24.13404363574969,25.44061772527232,25.540145380348513,542.0329212388413,auto,3195.20556640625,1289.947998046875,3249.153076171875,1301.1064453125,2842.35107421875,1180.93359375,2910.70458984375,1175.849609375
2452,40.86666666666667,24.185376426990405,25.422168863708134,25.60299762537201,541.063505881129,auto,3157.18408203125,1280.996337890625,3255.02392578125,1304.50732421875,2812.264404296875,1196.65966796875,2893.695556640625,1190.192626953125
2453,40.88333333333333,24.31035525760643,25.622175007352595,25.71872394934166,538.8398152347772,auto,3209.860595703125,1304.814208984375,3261.884765625,1314.334228515625,2830.968994140625,1218.103515625,2895.2392578125,1189.91357421875
2454,40.9,24.409375486373044,25.71594904612332,25.8678264389151,536.3405725839514,auto,3201.768310546875,1290.0712890625,3283.2265625,1319.7978515625,2863.722412109375,1207.4140625,2917.94287109375,1193.313232421875
2455,40.916666666666664,24.570690036955455,25.934651193127,26.033841140816833,533.205965995495,auto,3245.272705078125,1318.1455078125,3298.1611328125,1332.435791015625,2863.77099609375,1215.230712890625,2893.7421875,1185.73876953125
2456,40.93333333333333,24.71191965862442,26.07774522079342,26.192167441856085,530.4589309559035,auto,3256.514892578125,1326.438720703125,3317.2109375,1337.119873046875,2879.6669921875,1218.174072265625,2912.2041015625,1204.8759765625
2457,40.95,24.865913537098688,26.35584394196879,25.815384772083465,527.0746072232321,auto,3323.30517578125,1342.8272705078125,3038.4423828125,1278.1353759765625,2934.148193359375,1246.4649658203125,2945.6884765625,1213.7489013671875
2458,40.96666666666667,24.997815418975122,26.466687308170897,26.550042512519862,524.3233276956353,auto,3318.1640625,1338.24658203125,3361.86865234375,1350.977294921875,2924.396240234375,1238.446533203125,2960.30224609375,1227.844970703125
2459,40.983333333333334,25.124980232558322,26.481761718165536,26.71241732129385,521.9581770056805,auto,3270.18359375,1303.9229736328125,3390.576171875,1358.9039306640625,2915.96044921875,1183.7064208984375,2991.68701171875,1241.6051025390625
2460,41.0,25.219362181543794,25.174791647751093,26.80302402473997,520.5414853421696,auto,2554.798583984375,1058.3621826171875,3402.361328125,1363.3226318359375,2887.932373046875,1187.7127685546875,3008.32421875,1237.8709716796875
2461,41.016666666666666,25.319246886154918,25.196971345315063,26.89052166704815,519.186553481153,auto,2532.516845703125,1084.423583984375,3411.78564453125,1366.56396484375,2919.1318359375,1202.69775390625,3017.6640625,1230.14208984375
2462,41.03333333333333,25.411210414774924,26.901520728013434,26.968231111920648,518.0831141006543,auto,3387.1044921875,1362.9984130859375,3421.666015625,1372.8817138671875,2944.4267578125,1231.1094970703125,2994.2333984375,1223.6094970703125
2463,41.05,25.480434752597798,26.97413437661755,27.049458702493727,517.5017273181882,auto,3406.9921875,1365.3870849609375,3445.97265625,1372.9268798828125,2978.78466796875,1230.7108154296875,3028.98828125,1238.5616455078125
2464,41.06666666666667,25.548257582537765,27.052098907424803,27.128976143250085,516.6008288885245,auto,3421.8857421875,1372.08251953125,3461.6005859375,1382.93603515625,2990.462646484375,1216.2705078125,3050.5517578125,1249.927734375
2465,41.083333333333336,25.629402362133014,27.135552280498406,27.243967476192196,515.6319959785984,auto,3439.619140625,1373.2091064453125,3495.52197265625,1383.9088134765625,3018.97705078125,1220.9635009765625,3084.763671875,1248.9844970703125
2466,41.1,25.746210746468844,27.220467645472898,27.37883817248724,513.8574982776347,auto,3438.5576171875,1360.7596435546875,3519.9375,1385.1219482421875,3041.458984375,1213.8697509765625,3095.861328125,1243.5184326171875
2467,41.11666666666667,25.848936947264164,27.426058290562793,27.48689222097757,512.377248395385,auto,3508.08056640625,1381.130615234375,3539.25146484375,1382.874755859375,3083.82861328125,1225.210693359375,3109.83203125,1243.468505859375
2468,41.13333333333333,25.93575217174197,27.52458540974546,27.582941403670695,511.3917428213561,auto,3533.5166015625,1382.3890380859375,3563.359375,1384.0238037109375,3108.38232421875,1222.9898681640625,3137.24365234375,1244.7738037109375
2469,41.15,26.004037234896597,27.69061183824379,26.9596862724929,510.7340764124104,auto,3599.39111328125,1382.491455078125,3226.08251953125,1293.697998046875,3174.91259765625,1278.014892578125,3126.2294921875,1236.914306640625
2470,41.166666666666664,26.05000535194862,27.661215771094692,27.7237905743115,510.46717161579755,auto,3573.46923828125,1376.2869873046875,3605.412109375,1381.7249755859375,3162.908203125,1258.8092041015625,3176.640625,1245.3997802734375
2471,41.18333333333333,26.070069724352297,27.66849785324779,27.74994612396808,510.53301540064984,auto,3574.05126953125,1375.9146728515625,3615.6328125,1382.8426513671875,3125.64501953125,1269.2200927734375,3168.0146484375,1251.7659912109375
2472,41.2,26.091526140748734,27.745496074758936,27.79011631834923,510.79936713874866,auto,3610.8466796875,1371.9864501953125,3633.638671875,1376.0374755859375,3185.505859375,1263.0562744140625,3208.3984375,1261.9779052734375
2473,41.21666666666667,26.09436584411043,27.67102886478239,27.802797997013897,511.34800443338247,auto,3577.22314453125,1365.992431640625,3644.603515625,1373.419189453125,3189.1142578125,1241.8076171875,3237.521484375,1275.128173828125
2474,41.233333333333334,26.070684270620177,27.590719852815685,27.779626663824665,511.8574542577138,auto,3538.04150390625,1368.4425048828125,3634.73583984375,1366.9227294921875,3166.19677734375,1229.0780029296875,3238.05859375,1275.7369384765625
2475,41.25,26.05852015090229,27.568117580710595,27.75967235892593,512.6022287975437,auto,3534.82275390625,1362.7789306640625,3633.01513671875,1358.2764892578125,3171.6240234375,1240.2847900390625,3212.64404296875,1274.4483642578125
2476,41.266666666666666,26.039435467016343,27.496822962869093,27.72890197568978,513.6568917892822,auto,3514.5966796875,1355.6279296875,3633.8056640625,1353.82958984375,3169.529296875,1230.62841796875,3214.30859375,1271.24658203125
2477,41.28333333333333,26.019937449508216,27.45830759840602,27.69000705488059,514.7006436248978,auto,3510.33056640625,1358.4893798828125,3629.5859375,1345.6822509765625,3147.3154296875,1223.3929443359375,3198.9794921875,1268.6673583984375
2478,41.3,25.973916241589887,27.5412291057223,27.648047735100825,515.8422535524456,auto,3571.486328125,1346.733154296875,3626.587890625,1345.388916015625,3169.12060546875,1238.403076171875,3204.0263671875,1266.98974609375
2479,41.31666666666667,25.921404556381127,27.528990432455995,27.58794946516885,517.1261536970915,auto,3587.32470703125,1333.219970703125,3617.8134765625,1338.417236328125,3183.71484375,1247.140869140625,3196.6201171875,1266.726318359375
2480,41.333333333333336,25.904535970113674,27.456119339293974,27.557520491085256,518.1500870241274,auto,3565.953125,1331.1785888671875,3618.49365234375,1331.1163330078125,3175.0,1237.7889404296875,3212.72705078125,1270.7303466796875
2481,41.35,25.826770749170294,27.419743662362464,27.497842703069647,519.8727427680781,auto,3579.1435546875,1320.3380126953125,3619.74560546875,1320.3531494140625,3155.958984375,1238.8702392578125,3191.1064453125,1269.2061767578125
2482,41.36666666666667,25.79343636857522,27.35346448116283,27.452954693029003,521.2412102132879,auto,3568.1513671875,1318.5643310546875,3620.009765625,1312.0562744140625,3171.00146484375,1245.7928466796875,3209.85546875,1273.6917724609375
2483,41.38333333333333,25.735518229438643,27.26896442753842,27.38155044632477,522.7513400148322,auto,3550.611328125,1314.5257568359375,3609.46533203125,1309.5501708984375,3145.92822265625,1225.8443603515625,3194.11572265625,1266.9281005859375
2484,41.4,25.696097011634112,27.186159058378504,27.318684131838257,524.0606178278485,auto,3530.8828125,1308.643798828125,3600.333984375,1305.539794921875,3143.162109375,1230.7109375,3194.87060546875,1268.317138671875
2485,41.416666666666664,25.66133473182175,27.178561982930965,27.253525755605832,525.4882020926852,auto,3553.28515625,1298.3355712890625,3592.67724609375,1302.3302001953125,3153.427734375,1246.1209716796875,3178.0068359375,1268.5133056640625
2486,41.43333333333333,25.630048165310743,27.093108763877748,27.217423255510088,526.5281405693422,auto,3525.3427734375,1299.552978515625,3590.7978515625,1293.16455078125,3153.96875,1245.85791015625,3198.65771484375,1267.498779296875
2487,41.45,25.60963914450683,27.090166137778535,27.19556850046309,527.443110230652,auto,3537.89404296875,1294.731689453125,3593.4873046875,1285.70263671875,3166.0830078125,1239.88623046875,3205.48828125,1266.112060546875
2488,41.46666666666667,25.598770939668462,26.98646059617563,27.157305683858645,528.4278178515898,auto,3498.2939453125,1288.734375,3588.5732421875,1275.95166015625,3128.0380859375,1229.90625,3209.8798828125,1256.40771484375
2489,41.483333333333334,25.56871291061148,27.006526210547,27.10680311774211,529.7635154586295,auto,3533.70166015625,1277.9952392578125,3586.82470703125,1271.6151123046875,3154.25146484375,1239.0513916015625,3217.6015625,1254.9371337890625
2490,41.5,25.53153194831442,26.89828920289293,27.07172503128363,531.1087224866532,auto,3501.896484375,1277.0213623046875,3594.01025390625,1265.8157958984375,3133.65087890625,1233.0989990234375,3196.79541015625,1247.8997802734375
2491,41.516666666666666,25.51146603337595,26.91833770561553,27.035584012954164,532.0330137974995,auto,3527.501953125,1260.9737548828125,3589.880859375,1261.5992431640625,3167.734375,1231.5460205078125,3215.248046875,1252.7462158203125
2492,41.53333333333333,25.532802380119062,26.894027634917787,27.056426453636117,532.1342201379332,auto,3510.3544921875,1256.4564208984375,3596.77197265625,1252.5338134765625,3146.30419921875,1226.0889892578125,3219.56201171875,1253.4488525390625
2493,41.55,25.598867850443916,26.912851148148782,27.104702795739396,531.8593153561914,auto,3508.8544921875,1249.4166259765625,3610.89306640625,1243.5174560546875,3155.32470703125,1222.2149658203125,3243.78466796875,1244.4654541015625
2494,41.56666666666667,25.647896390230954,26.99892845798045,27.17345442147363,531.1541816305362,auto,3533.60693359375,1230.5352783203125,3626.306640625,1231.1068115234375,3174.5517578125,1209.8397216796875,3267.74560546875,1245.0679931640625
2495,41.583333333333336,25.71626612263499,27.081376718956893,27.23859528036917,530.5238921902894,auto,3557.2236328125,1204.3936767578125,3640.6318359375,1217.1087646484375,3158.89013671875,1218.6763916015625,3253.826171875,1238.8677978515625
2496,41.6,25.654406327135277,26.87124362921724,27.15652924392785,532.3749197942024,auto,3480.81396484375,1227.4879150390625,3632.6923828125,1212.6903076171875,3151.76025390625,1218.8309326171875,3248.7919921875,1234.1710205078125
2497,41.61666666666667,25.554692389962653,26.739352856866063,27.0333748532929,534.8305740251982,auto,3459.5927734375,1209.3551025390625,3616.8447265625,1207.7462158203125,3166.25048828125,1214.0904541015625,3260.9111328125,1234.1500244140625
2498,41.63333333333333,25.318342929900446,26.450806678147117,26.73053983316861,540.7392459462951,auto,3430.3671875,1203.7196044921875,3581.62939453125,1200.0858154296875,3122.1123046875,1213.7889404296875,3227.248046875,1234.5843505859375
2499,41.65,24.82962067034775,25.940398327233318,26.173804054510946,551.3091406897759,auto,3395.3818359375,1205.6903076171875,3524.06005859375,1199.2908935546875,3083.12255859375,1221.0272216796875,3180.0927734375,1229.8406982421875
2500,41.666666666666664,24.452954172303325,25.659700127571778,25.73806193794011,560.6630335107277,auto,3442.57861328125,1179.10546875,3486.5126953125,1193.73486328125,3076.339599609375,1215.513427734375,3151.49169921875,1229.268310546875
2501,41.68333333333333,23.81306933204229,24.897905515333335,25.018706673966793,576.2148530893373,auto,3367.09912109375,1172.9732666015625,3436.70556640625,1184.8492431640625,3041.52880859375,1207.6705322265625,3123.0087890625,1219.6239013671875
2502,41.7,23.25783579596204,24.345761761162027,24.446625722711186,589.7291853444441,auto,3349.58154296875,1163.4549560546875,3409.06396484375,1170.0933837890625,2999.12939453125,1202.6795654296875,3092.3818359375,1218.0123291015625
2503,41.71666666666667,23.294948057622776,24.36774142237226,24.462654155048906,589.3777530942727,auto,3337.2802734375,1134.1937255859375,3393.21923828125,1161.0267333984375,3013.740234375,1199.8284912109375,3080.193603515625,1213.4459228515625
2504,41.733333333333334,23.259124256790415,24.261497348207204,24.399828423674574,590.5781634674657,auto,3295.97900390625,1154.930908203125,3377.6748046875,1163.737060546875,3011.59912109375,1197.214111328125,3082.456787109375,1214.906005859375
2505,41.75,23.37019734034233,24.302612502976412,24.51712355700359,588.3292381939962,auto,3264.5673828125,1159.3636474609375,3390.7705078125,1149.5047607421875,2991.94970703125,1198.6551513671875,3071.20751953125,1207.4193115234375
2506,41.766666666666666,23.484584773635714,24.39313556859871,24.61737876757347,585.7026850780029,auto,3253.14111328125,1178.456298828125,3384.48046875,1163.31689453125,2986.00244140625,1198.09033203125,3079.033447265625,1204.1279296875
2507,41.78333333333333,23.568263691447765,24.541339433218447,24.716350853149372,583.6672689148938,auto,3291.95166015625,1161.966796875,3394.10107421875,1156.46728515625,2993.8798828125,1190.96875,3088.161865234375,1201.43017578125
2508,41.8,23.65826731638691,24.602754746475412,24.796854024720112,581.9549267339119,auto,3281.6494140625,1157.5654296875,3394.6064453125,1150.97998046875,2997.099853515625,1184.23974609375,3089.85009765625,1201.022216796875
2509,41.81666666666667,23.72024131659674,24.597688747147526,24.849480493358687,580.6044417651296,auto,3240.4501953125,1183.5057373046875,3386.64208984375,1167.7750244140625,2974.734130859375,1178.2357177734375,3094.9375,1197.3243408203125
2510,41.833333333333336,23.7302926976146,24.619820181994864,24.862808467954395,580.6044417651296,auto,3242.463623046875,1185.150146484375,3383.5439453125,1162.412109375,2980.46484375,1173.9423828125,3091.6943359375,1200.0615234375
2511,41.85,23.752508336365043,24.602378095099674,24.85345668365958,580.6044417651296,auto,3218.4384765625,1192.1337890625,3364.21533203125,1175.8134765625,2949.57080078125,1173.7578125,3072.2490234375,1188.595947265625
2512,41.86666666666667,23.759983771762847,24.642711869810054,24.870209160561803,580.6044417651296,auto,3224.51611328125,1172.610107421875,3356.60205078125,1154.462646484375,2942.24365234375,1162.454345703125,3078.23388671875,1184.9619140625
2513,41.88333333333333,23.77639186416249,24.616674887636712,24.860110579103875,580.6044417651296,auto,3189.8720703125,1183.368408203125,3331.21142578125,1147.74951171875,2924.611328125,1162.86181640625,3052.5419921875,1181.566650390625
2514,41.9,23.79001187177046,24.63058146183627,24.84074431213076,580.6044417651296,auto,3179.0380859375,1192.3707275390625,3301.0595703125,1175.9613037109375,2920.259033203125,1154.5328369140625,3050.52392578125,1179.2261962890625
2515,41.916666666666664,23.804610578926372,24.625639817545235,24.832734744358834,580.6044417651296,auto,3155.69287109375,1200.3070068359375,3275.933837890625,1182.6514892578125,2906.94970703125,1166.5025634765625,3037.091796875,1183.0272216796875
2516,41.93333333333333,23.82700660955912,24.748642692631556,24.85053172810406,580.6044417651296,auto,3208.106201171875,1088.55810546875,3267.263671875,1121.893310546875,2905.6669921875,1159.941162109375,3023.41552734375,1183.624755859375
2517,41.95,23.842568352865264,,24.847441938940467,580.6044417651296,auto,,,3248.43359375,1114.2059326171875,2874.551025390625,1152.1981201171875,3010.156494140625,1177.1126708984375
2518,41.96666666666667,23.855668419768175,,24.84840571095502,580.6044417651296,auto,,,3231.387451171875,1110.9912109375,2876.576416015625,1151.493896484375,2998.688720703125,1177.16748046875
2519,41.983333333333334,23.867720300506477,24.65616431059961,24.83754519455365,580.6044417651296,auto,3102.77490234375,1171.6981201171875,3208.0849609375,1117.6522216796875,2861.8095703125,1157.3643798828125,2982.96435546875,1167.0902099609375
2520,42.0,23.881932784016936,24.613095643575676,24.836578058587907,580.6044417651296,auto,3063.516845703125,1220.01416015625,3193.271728515625,1110.64208984375,2841.27587890625,1154.51123046875,2964.120361328125,1162.104248046875
2521,42.016666666666666,23.896864627463653,24.6153158513579,24.833976042346166,580.6044417651296,auto,3053.135498046875,1202.0347900390625,3180.09130859375,1161.4144287109375,2834.73095703125,1138.1011962890625,2957.4130859375,1161.0096435546875
2522,42.03333333333333,23.906215886141098,24.562932403502185,24.83703891990028,580.6044417651296,auto,3012.29296875,1232.90869140625,3171.440673828125,1126.080078125,2826.161376953125,1136.44482421875,2943.6689453125,1155.410400390625
2523,42.05,23.91396790140041,24.41199527777408,24.826612353201796,580.6044417651296,auto,2914.156982421875,1247.8873291015625,3154.885498046875,1166.499267578125,2793.4951171875,1133.532958984375,2926.1904296875,1150.1851806640625
2524,42.06666666666667,23.915887771415882,24.48347924045928,24.83291976167402,580.6044417651296,auto,2943.546142578125,1255.08984375,3146.432861328125,1093.080322265625,2764.425537109375,1122.50390625,2909.89599609375,1141.704345703125
2525,42.083333333333336,23.924195889855493,24.43259275088097,24.814988219881386,580.6044417651296,auto,2896.177490234375,1271.0367431640625,3118.197998046875,1198.8385009765625,2742.02490234375,1118.6444091796875,2892.272705078125,1140.56005859375
2526,42.1,23.931659446300674,24.459554819630238,24.831022493205573,580.6044417651296,auto,2892.49755859375,1269.4801025390625,3108.173583984375,1138.177001953125,2721.3818359375,1115.728271484375,2877.652587890625,1136.27099609375
2527,42.11666666666667,23.93375708011159,24.422169548133674,24.815151371513867,580.6044417651296,auto,2850.574462890625,1289.123291015625,3078.7412109375,1173.781005859375,2685.600830078125,1123.98974609375,2854.364013671875,1128.428955078125
2528,42.13333333333333,23.945985568287114,24.399659668778003,24.817543140806535,580.6044417651296,auto,2818.40576171875,1294.130615234375,3061.02978515625,1073.029296875,2673.2861328125,1111.7738037109375,2834.57080078125,1126.815185546875
2529,42.15,23.95181487519714,24.37194743891444,24.812554401198902,580.6044417651296,auto,2783.9306640625,1305.400390625,3039.74951171875,1165.0125732421875,2658.213623046875,1102.6170654296875,2819.46630859375,1125.6669921875
2530,42.166666666666664,23.966490637859888,24.347262765117545,24.81129964740683,580.6044417651296,auto,2750.077880859375,1308.818603515625,3019.49951171875,1152.2042236328125,2630.56005859375,1092.7318115234375,2798.881103515625,1115.350830078125
2531,42.18333333333333,23.970765378828464,24.287623274555386,24.800205336398086,580.6044417651296,auto,2693.968505859375,1307.072021484375,2991.576171875,1176.32861328125,2606.604248046875,1088.103515625,2770.0126953125,1111.80029296875
2532,42.2,23.9796014273572,24.266438791966678,24.79841235041638,580.6044417651296,auto,2660.539306640625,1301.912841796875,2969.405517578125,1178.464111328125,2586.09619140625,1084.6510009765625,2751.7158203125,1105.5015869140625
2533,42.21666666666667,23.993499066061425,24.231006294133113,24.806031699850827,580.6044417651296,auto,2619.897705078125,1304.665771484375,2953.759765625,1168.970947265625,2556.004150390625,1079.910888671875,2724.251708984375,1100.707275390625
2534,42.233333333333334,23.995381249311272,24.234625905608375,24.795845655662085,580.6044417651296,auto,2605.906494140625,1314.4029541015625,2931.753173828125,1175.2059326171875,2521.92578125,1085.433349609375,2711.42333984375,1088.2381591796875
2535,42.25,23.991725948416406,24.193760626610736,24.784551189557824,580.6044417651296,auto,2577.301513671875,1312.089111328125,2920.317138671875,1168.22021484375,2504.415771484375,1081.388427734375,2688.579833984375,1089.7265625
2536,42.266666666666666,23.985586264447807,24.188876169489845,24.771781630858857,580.6044417651296,auto,2581.031005859375,1310.382568359375,2919.468505859375,1175.74267578125,2487.252197265625,1089.044921875,2678.380126953125,1087.0458984375
2537,42.28333333333333,23.98772347724688,,24.75380299374963,580.6044417651296,auto,,,2912.78955078125,1178.465087890625,2483.9716796875,1086.195068359375,2673.4248046875,1086.123046875
2538,42.3,23.98611845203765,24.056247348087116,24.74804727327178,580.6044417651296,auto,2506.71728515625,1229.83349609375,2908.37890625,1174.857666015625,2480.085205078125,1084.8251953125,2669.83984375,1087.010986328125
2539,42.31666666666667,24.012564995267784,23.867600329573076,24.749576189085445,580.6044417651296,auto,2391.8330078125,1339.339599609375,2903.912353515625,1172.693359375,2457.3310546875,1089.674560546875,2657.79296875,1077.879638671875
2540,42.333333333333336,24.012883204025208,23.937094515132237,24.743711140194073,580.6044417651296,auto,2423.9970703125,1374.6279296875,2892.32177734375,1169.4287109375,2444.981689453125,1080.086181640625,2645.403564453125,1080.347412109375
2541,42.35,24.026203662292488,23.887960644121414,24.742972752908926,580.6044417651296,auto,2388.735107421875,1379.415283203125,2885.158935546875,1168.8460693359375,2425.315185546875,1080.280517578125,2618.521728515625,1067.758544921875
2542,42.36666666666667,24.03670081940412,23.97488682472221,24.751981414182854,580.6044417651296,auto,2431.11083984375,1377.369140625,2882.294921875,1162.730224609375,2407.9970703125,1090.454345703125,2594.059814453125,1074.5771484375
2543,42.38333333333333,24.048319170933432,23.957845048018058,24.72588892681496,580.6044417651296,auto,2420.470703125,1365.0693359375,2866.400634765625,1159.27734375,2398.8720703125,1089.63037109375,2585.567626953125,1075.46044921875
2544,42.4,24.053776445867076,23.917457450088715,24.72320449376918,580.6044417651296,auto,2399.85302734375,1328.99755859375,2867.673095703125,1159.43408203125,2389.519775390625,1093.48974609375,2575.25048828125,1073.707275390625
2545,42.416666666666664,24.058436569493303,23.90590059579201,24.714828255318068,580.6044417651296,auto,2398.4365234375,1348.6478271484375,2868.103271484375,1157.66357421875,2384.591796875,1091.6014404296875,2576.286376953125,1067.2861328125
2546,42.43333333333333,24.06485992915794,23.856125892080406,24.70055837439051,580.6044417651296,auto,2379.807373046875,1373.5106201171875,2870.08935546875,1155.6761474609375,2382.0419921875,1101.1729736328125,2577.103515625,1052.648193359375
2547,42.45,24.08281712107836,23.839057203766775,24.699522277425473,580.6044417651296,auto,2379.471923828125,1385.9892578125,2879.0615234375,1154.489013671875,2381.818115234375,1102.366943359375,2580.91748046875,1061.1611328125
2548,42.46666666666667,24.07957511312364,23.822462832570253,24.678132593814468,580.6044417651296,auto,2380.72021484375,1390.987060546875,2877.525390625,1147.71533203125,2386.90771484375,1102.800537109375,2580.3525390625,1050.759521484375
2549,42.483333333333334,24.103449284931852,23.80735532779758,24.679441170825505,580.6044417651296,auto,2379.086669921875,1409.61279296875,2885.424072265625,1145.957763671875,2384.304443359375,1111.10302734375,2585.9306640625,1053.121826171875
2550,42.5,24.11528145760837,23.800062281628097,24.669145798223244,580.6044417651296,auto,2376.98193359375,1420.5849609375,2881.576171875,1146.53125,2371.757080078125,1127.614990234375,2580.54443359375,1056.815185546875
2551,42.516666666666666,24.13477156003449,23.798678015715396,,580.6044417651296,auto,2373.862548828125,1435.47607421875,,,2357.86865234375,1144.96337890625,2545.845947265625,1083.815673828125
2552,42.53333333333333,24.156459163572332,23.79883780339669,24.54665928964385,580.6044417651296,auto,2364.36279296875,1448.498779296875,2798.551513671875,1120.305419921875,2344.344482421875,1154.554443359375,2533.684814453125,1081.149658203125
2553,42.55,24.17603163024075,23.80652947778162,24.593260105412227,580.6044417651296,auto,2353.465576171875,1460.946533203125,2810.2451171875,1118.412841796875,2327.252685546875,1161.237060546875,2514.31201171875,1085.266845703125
2554,42.56666666666667,24.199067494901268,23.818178840735918,24.561593550930482,580.6044417651296,auto,2342.854248046875,1472.3128662109375,2774.484619140625,1119.469970703125,2306.6806640625,1181.5457763671875,2478.12109375,1084.703125
2555,42.583333333333336,24.229326656305915,23.82752726107955,24.577274609380225,580.6044417651296,auto,2327.7138671875,1487.52197265625,2763.0205078125,1113.027587890625,2284.69873046875,1191.4871826171875,2444.905517578125,1089.0509033203125
2556,42.6,24.25251048225684,23.835444320193883,24.590412520733967,580.6044417651296,auto,2315.849853515625,1499.264892578125,2754.187255859375,1122.20068359375,2271.072265625,1195.696044921875,2439.822265625,1090.327880859375
2557,42.61666666666667,24.26702945325732,23.843268870650626,24.541579723354218,580.6044417651296,auto,2308.96337890625,1511.6895751953125,2714.405029296875,1103.1300048828125,2258.26025390625,1205.824951171875,2408.288330078125,1085.32421875
2558,42.63333333333333,24.28286083827565,23.844706959782293,24.51056241145121,580.6044417651296,auto,2309.60546875,1521.568359375,2696.20361328125,1095.41259765625,2250.864990234375,1214.8995361328125,2395.421630859375,1085.2835693359375
2559,42.65,24.28830407922544,23.837728443048626,24.48174007769654,580.6044417651296,auto,2320.39306640625,1531.5184326171875,2694.31005859375,1089.551513671875,2260.293212890625,1221.9525146484375,2409.122314453125,1087.2237548828125
2560,42.666666666666664,24.280139769698994,23.823075071685956,24.47017481352187,580.6044417651296,auto,2333.62646484375,1541.8857421875,2709.3349609375,1088.267333984375,2271.99560546875,1231.00830078125,2405.207275390625,1092.817138671875
2561,42.68333333333333,24.282176221647727,23.808162676082027,24.43425286079086,580.6044417651296,auto,2351.78564453125,1552.075439453125,2715.2958984375,1081.705078125,2289.79150390625,1238.948486328125,2431.755126953125,1106.960693359375
2562,42.7,24.280983070211732,23.7891849454708,24.41951370867297,580.6044417651296,auto,2369.459716796875,1559.00146484375,2735.431884765625,1081.96923828125,2309.041748046875,1250.956787109375,2444.4384765625,1113.672119140625
2563,42.71666666666667,24.274056799844907,23.769378000892427,24.252022579162563,580.6044417651296,auto,2384.9814453125,1573.90625,2665.20751953125,980.9756469726562,2332.281005859375,1260.644287109375,2439.370361328125,1095.41455078125
2564,42.733333333333334,24.27101231889884,23.753262992739792,24.25914910974838,580.6044417651296,auto,2400.39306640625,1584.617431640625,2694.112060546875,998.5054321289062,2348.302734375,1264.718505859375,2461.302978515625,1106.852294921875
2565,42.75,24.27299074268963,23.7359352801849,24.251406976095673,580.6044417651296,auto,2409.18359375,1588.39599609375,2708.468994140625,986.2642822265625,2366.682861328125,1277.9117431640625,2458.4453125,1106.461669921875
2566,42.766666666666666,24.273377912446346,23.717495781763304,24.258938862799305,580.6044417651296,auto,2411.252197265625,1599.1922607421875,2725.6162109375,984.3345947265625,2378.875,1285.5689697265625,2463.426513671875,1104.917724609375
2567,42.78333333333333,24.279772468278964,23.703577433734598,23.706189541829893,580.6044417651296,auto,2409.45947265625,1602.184326171875,2410.975341796875,1083.799072265625,2386.823486328125,1290.007080078125,2482.60205078125,1119.89990234375
2568,42.8,24.290131861077217,23.687454015704002,23.66899433357529,580.6044417651296,auto,2403.083251953125,1601.90966796875,2392.364990234375,1081.655517578125,2389.880615234375,1296.894287109375,2481.92529296875,1125.692626953125
2569,42.81666666666667,24.30412085208081,23.67377955413622,23.676662460301923,580.6044417651296,auto,2396.021240234375,1604.248779296875,2397.69580078125,1089.2442626953125,2393.694091796875,1302.903076171875,2483.6826171875,1119.1651611328125
2570,42.833333333333336,24.29676735991347,23.65712126786718,23.714419448404453,580.6044417651296,auto,2387.617919921875,1603.65478515625,2420.8857421875,1107.454833984375,2398.185546875,1307.11181640625,2492.874755859375,1124.659912109375
2571,42.85,24.3017903697738,23.638888652443473,23.709990806669154,580.6044417651296,auto,2380.1162109375,1604.0538330078125,2421.398681640625,1107.17919921875,2403.351806640625,1311.1165771484375,2494.425048828125,1139.4197998046875
2572,42.86666666666667,24.30545055891023,23.60754335529991,23.638345374327063,580.6044417651296,auto,2371.792236328125,1606.29296875,2389.67578125,1069.33349609375,2414.474365234375,1320.9044189453125,2492.11083984375,1139.32421875
2573,42.88333333333333,24.308159695972527,23.58184949614746,23.66860916116459,580.6044417651296,auto,2374.30029296875,1607.5057373046875,2424.673828125,1098.684814453125,2428.951904296875,1324.2315673828125,2506.5009765625,1142.1343994140625
2574,42.9,24.3038513154921,23.557327973983046,23.697401219358596,580.6044417651296,auto,2383.565673828125,1609.6201171875,2464.892333984375,1093.066162109375,2451.824462890625,1334.146728515625,2522.70654296875,1148.310546875
2575,42.916666666666664,24.301263280672472,23.533605390225116,23.65966441496318,580.6044417651296,auto,2396.2939453125,1608.41845703125,2469.484375,1083.1619873046875,2477.3046875,1340.402587890625,2542.871826171875,1146.589599609375
2576,42.93333333333333,24.30051091196521,23.50507740219915,23.649014145510883,580.6044417651296,auto,2408.167724609375,1605.40380859375,2491.73779296875,1068.1265869140625,2502.940185546875,1355.13330078125,2564.175537109375,1154.518310546875
2577,42.95,24.299758543257948,23.483524566955662,23.574119136323905,580.6044417651296,auto,2424.091064453125,1604.6143798828125,2476.690673828125,1114.5823974609375,2533.921142578125,1357.2572021484375,2582.585205078125,1157.2088623046875
2578,42.96666666666667,24.344539461435144,23.508517042286,23.628620191450693,580.6044417651296,auto,2438.601318359375,1600.7822265625,2508.333740234375,1133.3636474609375,2559.746826171875,1365.147216796875,2608.70361328125,1176.856689453125
2579,42.983333333333334,24.345431434116588,23.492031999503,23.63278139906677,580.6044417651296,auto,2454.51318359375,1600.450927734375,2536.232666015625,1095.8671875,2587.034423828125,1377.924560546875,2633.757080078125,1183.1376953125
2580,43.0,24.34287935152525,23.465929420281547,23.69234520072726,580.6044417651296,auto,2464.8388671875,1595.156982421875,2596.296630859375,1008.3263549804688,2617.22900390625,1378.58642578125,2660.1025390625,1182.725830078125
2581,43.016666666666666,24.338878667454797,23.449148349794246,23.561988728350123,580.6044417651296,auto,2480.41845703125,1590.895263671875,2545.93408203125,1076.489990234375,2648.167236328125,1383.1142578125,2690.8984375,1191.00048828125
2582,43.03333333333333,24.341633322981565,23.426424859538315,23.372901032230825,580.6044417651296,auto,2492.6259765625,1588.26416015625,2461.5498046875,1103.76025390625,2672.53173828125,1386.239013671875,2715.713623046875,1198.695556640625
2583,43.05,24.350163987816774,23.413016150114167,23.50164785396585,580.6044417651296,auto,2510.887451171875,1580.663818359375,2562.34765625,1077.333984375,2706.1015625,1391.173828125,2739.354736328125,1205.672119140625
2584,43.06666666666667,24.355753928575282,23.415078252190686,23.370162775966083,580.6044417651296,auto,2538.84033203125,1571.725830078125,2512.76220703125,1125.4443359375,2737.5703125,1401.287841796875,2759.25341796875,1207.69287109375
2585,43.083333333333336,24.351960127502714,23.39640159521053,23.381418556631715,580.6044417651296,auto,2554.1982421875,1563.3916015625,2545.4990234375,1137.44775390625,2770.105224609375,1404.93408203125,2792.421630859375,1212.57373046875
2586,43.1,23.373974107781734,22.43728504341607,22.29434641670459,605.1821557276368,auto,2572.13232421875,1549.97509765625,2485.62939453125,1232.31396484375,2800.322998046875,1407.106201171875,2812.9814453125,1208.4638671875
2587,43.11666666666667,23.472204226971314,22.52782852453564,22.390642410216156,602.3836470981938,auto,2587.123046875,1537.3758544921875,2504.484375,1246.2325439453125,2824.43212890625,1410.9715576171875,2808.212646484375,1209.5765380859375
2588,43.13333333333333,23.600547342361494,22.65545727827906,22.50906246409445,598.5793058181486,auto,2599.289306640625,1524.218994140625,2511.660400390625,1265.275634765625,2844.272705078125,1410.838623046875,2824.98095703125,1216.74560546875
2589,43.15,23.71131971106305,22.74504689653882,22.591602394949668,596.0076810530951,auto,2613.09423828125,1509.468994140625,2521.6396484375,1281.583740234375,2865.720458984375,1419.416015625,2851.843017578125,1222.564208984375
2590,43.166666666666664,23.817450807474927,22.85030098785873,22.709043390806816,592.7778522894326,auto,2620.69482421875,1491.652099609375,2536.96142578125,1296.44091796875,2882.7109375,1423.27978515625,2856.889892578125,1237.228515625
2591,43.18333333333333,23.952051903217466,22.939610302105894,22.802513456994962,589.7547500788642,auto,2623.908447265625,1471.593017578125,2543.05419921875,1317.130615234375,2899.37841796875,1424.897216796875,2893.72998046875,1240.22900390625
2592,43.2,24.072418343123445,23.052083269954284,22.918074573264487,586.139955859152,auto,2628.940673828125,1453.2978515625,2550.39208984375,1331.5009765625,2918.83642578125,1424.042724609375,2900.53369140625,1242.769775390625
2593,43.21666666666667,24.236713088715945,23.188433908319823,23.055621671843426,582.0011547937204,auto,2635.89990234375,1442.785888671875,2558.603759765625,1342.46142578125,2930.757568359375,1425.690185546875,2904.402587890625,1243.498291015625
2594,43.233333333333334,24.21720260263921,23.152583061284314,23.03763584251769,582.0011547937204,auto,2644.390625,1427.49755859375,2577.490966796875,1348.304931640625,2954.677978515625,1422.674560546875,2917.017822265625,1240.58740234375
2595,43.25,24.547770927167125,23.446797402407302,23.33346110969031,573.8418631479534,auto,2654.214599609375,1422.896240234375,2589.17724609375,1349.849853515625,2973.1435546875,1420.607177734375,2928.62939453125,1246.947021484375
2596,43.266666666666666,24.7186611800942,23.578416476077706,23.483712808736144,569.8696947537843,auto,2660.209228515625,1413.89453125,2606.239990234375,1348.1279296875,2977.36669921875,1421.376953125,2940.57275390625,1247.4970703125
2597,43.28333333333333,24.856893424466737,23.705465813420023,23.612015646764515,566.4574903342809,auto,2674.76513671875,1411.0843505859375,2621.82958984375,1356.0540771484375,2993.74169921875,1414.1717529296875,2950.474609375,1251.1219482421875
2598,43.3,24.948050827011116,23.78218219927857,23.72998722770134,563.6730426027369,auto,2671.8310546875,1417.6331787109375,2642.409912109375,1342.9461669921875,2987.5390625,1417.9827880859375,2946.985595703125,1250.6165771484375
2599,43.31666666666667,25.01578479796082,23.824085191146818,23.790956486284777,561.7001484058172,auto,2665.62158203125,1415.71533203125,2647.013427734375,1344.598388671875,3001.12548828125,1415.261474609375,2948.078369140625,1260.57763671875
2600,43.333333333333336,25.068244095214602,23.853365729161705,23.86826722107353,560.1237605529326,auto,2660.517822265625,1412.0367431640625,2668.8642578125,1340.9771728515625,3005.60693359375,1413.5037841796875,2961.16845703125,1262.5250244140625
2601,43.35,25.121935373002664,23.895621838723937,23.911355136283664,558.5660542005701,auto,2662.02197265625,1413.0177001953125,2670.810791015625,1335.4776611328125,3004.14111328125,1409.8336181640625,2973.311767578125,1253.6307373046875
2602,43.36666666666667,25.152454405916007,23.919856838511443,23.92270366795543,557.0890463240858,auto,2654.332763671875,1409.1754150390625,2655.91845703125,1345.2310791015625,2979.31005859375,1418.2718505859375,2946.37548828125,1261.6104736328125
2603,43.38333333333333,25.177312668486753,23.93993788595013,23.90154534650445,555.7313428090786,auto,2647.351806640625,1413.578125,2626.01611328125,1358.866943359375,2989.4814453125,1410.808837890625,2932.47900390625,1255.80419921875
2604,43.4,25.186528577528215,23.963502829306634,23.900750089736324,554.1030497328255,auto,2636.31787109375,1416.9615478515625,2601.545654296875,1374.2100830078125,2961.44482421875,1414.5423583984375,2925.065673828125,1257.7359619140625
2605,43.416666666666664,25.178505039894475,23.994754605341157,23.93356573141564,552.7040092070965,auto,2634.736572265625,1416.6243896484375,2600.91748046875,1373.9593505859375,2962.695556640625,1411.3763427734375,2927.681884765625,1263.9207763671875
2606,43.43333333333333,25.18371667122287,24.00500259596872,23.908426823118464,551.7546610278966,auto,2632.638916015625,1419.2513427734375,2579.3525390625,1380.5521240234375,2946.1591796875,1415.2318115234375,2929.153564453125,1271.1014404296875
2607,43.45,25.1826695160871,24.003101284215983,23.90185445937477,550.7117145396726,auto,2619.398193359375,1426.9583740234375,2563.640625,1388.1761474609375,2921.87841796875,1419.9112548828125,2911.712646484375,1271.6983642578125
2608,43.46666666666667,25.18766272813853,23.94030250318867,24.02514094921912,550.1379827931703,auto,2583.779052734375,1435.5943603515625,2630.451904296875,1347.4649658203125,2930.75146484375,1411.7933349609375,2935.685302734375,1271.6090087890625
2609,43.483333333333334,25.155092241790086,23.917572600254786,23.91980329545573,549.4188255666679,auto,2567.083251953125,1438.1109619140625,2568.308349609375,1381.2960205078125,2889.25439453125,1423.1981201171875,2874.89892578125,1287.2318115234375
2610,43.5,25.13367738161572,23.894150091338542,23.90988257978895,548.8493223574139,auto,2554.686279296875,1443.746826171875,2563.3212890625,1378.4541015625,2881.17529296875,1421.494140625,2871.708251953125,1289.66162109375
2611,43.516666666666666,25.132069561439025,23.88826416600333,23.872853628760584,548.0853087374207,auto,2547.28857421875,1426.0572509765625,2538.841796875,1414.0858154296875,2898.725341796875,1367.0643310546875,2872.78369140625,1337.1939697265625
2612,43.53333333333333,25.11929361356452,23.87895437488538,23.883131735089,547.2673413516134,auto,2538.203125,1451.7984619140625,2540.489501953125,1388.4842529296875,2886.7646484375,1416.5819091796875,2877.899169921875,1295.5074462890625
2613,43.55,25.106927073947165,23.847705630398597,23.884539227196132,546.6147977122871,auto,2521.691162109375,1434.7337646484375,2541.82568359375,1403.1903076171875,2864.4384765625,1401.3060302734375,2842.0185546875,1317.0501708984375
2614,43.56666666666667,25.111828965543573,23.837182123865816,23.853042836775888,545.643624222272,auto,2510.497314453125,1453.3048095703125,2519.1513671875,1408.8370361328125,2872.866455078125,1413.1641845703125,2841.08544921875,1305.7698974609375
2615,43.583333333333336,25.096567787743034,23.851118478561453,23.844488180361544,544.8178315041117,auto,2517.457275390625,1418.02392578125,2513.84423828125,1440.8408203125,2855.773193359375,1351.10888671875,2833.122802734375,1414.3037109375
2616,43.6,25.109437243471394,23.83538380916021,23.85279256328913,543.851292711016,auto,2506.10498046875,1461.864990234375,2515.572021484375,1412.35546875,2877.006591796875,1420.666748046875,2830.35888671875,1314.759521484375
2617,43.61666666666667,25.11794045608848,23.83860222703398,23.863743884309986,542.7449615870281,auto,2502.64501953125,1465.10400390625,2516.290771484375,1417.71435546875,2867.67529296875,1430.37158203125,2833.424072265625,1323.1396484375
2618,43.63333333333333,25.09809282915699,23.824053810113625,23.84602276368963,542.0913493353507,auto,2499.3544921875,1467.2430419921875,2511.263427734375,1422.8934326171875,2865.069580078125,1436.3482666015625,2827.47802734375,1329.7142333984375
2619,43.65,25.09853370196473,23.818271534747552,23.838643946940724,541.4798157135333,auto,2499.763916015625,1472.2750244140625,2510.794677734375,1424.8345947265625,2865.10888671875,1441.0631103515625,2824.30810546875,1329.6578369140625
2620,43.666666666666664,25.095237504463753,23.785347797016765,23.834323435111585,541.3046816495296,auto,2492.950439453125,1479.4788818359375,2519.4609375,1427.7806396484375,2876.4775390625,1438.3343505859375,2833.248779296875,1345.0819091796875
2621,43.68333333333333,25.056554002662306,23.74730721487175,23.76963840024773,541.38835652695,auto,2487.189453125,1485.1212158203125,2499.27880859375,1440.6097412109375,2868.477783203125,1448.2591552734375,2835.782470703125,1350.7535400390625
2622,43.7,25.024114970018868,23.695752137892416,23.73464107842242,541.7570930929226,auto,2479.349609375,1489.01416015625,2500.41748046875,1441.90966796875,2856.615234375,1451.48193359375,2832.21337890625,1355.045166015625
2623,43.71666666666667,24.961133976152095,23.650630263906486,23.69384312934328,541.9890164829894,auto,2469.721923828125,1492.47119140625,2493.14306640625,1443.51806640625,2854.694580078125,1449.2109375,2835.2685546875,1358.310546875
2624,43.733333333333334,24.868707667879,23.573939550441104,23.59511144405964,542.9884523855702,auto,2457.95556640625,1499.44970703125,2469.452392578125,1452.49169921875,2837.6904296875,1454.649169921875,2808.267578125,1364.2470703125
2625,43.75,24.763903170766874,23.495132859346416,23.504193369709892,544.0849689737871,auto,2444.680419921875,1502.746826171875,2449.610595703125,1458.6494140625,2827.6171875,1455.0615234375,2779.057861328125,1364.042236328125
2626,43.766666666666666,24.689101882567282,23.406014278610595,23.436756108635795,545.3684763157265,auto,2428.24462890625,1505.984130859375,2445.009521484375,1454.176025390625,2805.475830078125,1459.085205078125,2790.555419921875,1373.393310546875
2627,43.78333333333333,24.581793043858262,23.331719493179058,23.31623795700671,546.9595099112082,auto,2425.2607421875,1513.3076171875,2416.792724609375,1461.10546875,2773.111328125,1467.340576171875,2746.1220703125,1370.525390625
2628,43.8,24.487653673711016,23.23477513729202,23.211159287321188,548.1206881601997,auto,2401.271728515625,1514.90234375,2388.327392578125,1467.8857421875,2758.3271484375,1469.30908203125,2741.07958984375,1372.69482421875
2629,43.81666666666667,24.46166421256526,23.18136109111129,23.200740163169588,548.1206881601997,auto,2375.239501953125,1513.9052734375,2385.861083984375,1470.376953125,2753.496337890625,1466.573486328125,2723.551025390625,1377.495849609375
2630,43.833333333333336,24.381705457389465,23.107366352124128,23.102835360394398,549.3847618757529,auto,2371.897216796875,1515.5411376953125,2369.407958984375,1470.3983154296875,2739.673828125,1467.8626708984375,2720.5908203125,1379.7379150390625
2631,43.85,24.346801974891186,23.08894655471957,23.080047592926594,549.35305811277,auto,2374.993408203125,1521.2294921875,2370.1044921875,1474.1923828125,2743.236572265625,1471.76025390625,2732.979736328125,1390.45166015625
2632,43.86666666666667,24.37112244438071,23.096915463759967,23.07419888796703,548.2814944703218,auto,2374.37548828125,1522.53662109375,2361.920654296875,1480.9462890625,2727.691162109375,1478.49755859375,2703.484375,1387.486328125
2633,43.88333333333333,24.399695925062694,23.10464599735129,23.108027536159177,546.9726890864838,auto,2369.642822265625,1521.3511962890625,2371.492431640625,1483.0880126953125,2738.170654296875,1478.1248779296875,2709.3056640625,1386.7926025390625
2634,43.9,24.422048522901456,23.115899679560922,23.134750951681074,545.8538286920647,auto,2375.03369140625,1523.1317138671875,2385.3232421875,1480.7052001953125,2745.66650390625,1480.0987548828125,2705.01904296875,1388.7735595703125
2635,43.916666666666664,24.40515296739311,23.07247037039165,23.09812899663699,545.8538286920647,auto,2376.5498046875,1525.15380859375,2390.555419921875,1481.607421875,2751.392578125,1479.947021484375,2734.955322265625,1395.426025390625
2636,43.93333333333333,24.427785806804334,23.090489427647814,23.1144888578379,544.6092843236897,auto,2379.69677734375,1526.2969970703125,2392.766357421875,1488.7938232421875,2768.626708984375,1475.4769287109375,2744.919921875,1398.9071044921875
2637,43.95,24.402168094119137,23.040830768371848,23.057523933780466,544.5833722947467,auto,2371.638916015625,1524.8697509765625,2380.729248046875,1486.1695556640625,2775.06201171875,1479.0552978515625,2738.431640625,1398.6524658203125
2638,43.96666666666667,24.3752303422555,23.025091563051085,23.035245319418696,544.5567802511275,auto,2379.772705078125,1525.686279296875,2385.302001953125,1487.123291015625,2776.162841796875,1480.321533203125,2751.06201171875,1399.933349609375
2639,43.983333333333334,24.32480762743664,22.963956003237307,22.989291673305807,544.9101612538344,auto,2372.45751953125,1521.549560546875,2386.263427734375,1484.75634765625,2778.458251953125,1481.08642578125,2737.90380859375,1397.853271484375
2640,44.0,24.284862828363316,22.93207359745683,22.974425762347455,544.9101612538344,auto,2372.851806640625,1517.8848876953125,2395.93017578125,1484.3118896484375,2779.611328125,1481.9718017578125,2754.213623046875,1403.5814208984375
2641,44.016666666666666,24.267178423262788,22.909200473291655,22.958053522963606,544.9418304745944,auto,2376.98095703125,1518.671142578125,2403.603515625,1485.026611328125,2779.661865234375,1479.761474609375,2759.759521484375,1404.400634765625
2642,44.03333333333333,24.227390073037295,22.85705004978826,22.904346341178965,545.4312429466588,auto,2374.57421875,1519.645751953125,2400.371337890625,1485.593017578125,2795.3173828125,1477.350830078125,2757.52685546875,1401.679443359375
2643,44.05,24.17160949738885,22.819779362570692,22.853606962996142,545.8514206673638,auto,2375.10107421875,1515.568359375,2393.56689453125,1480.77294921875,2779.587158203125,1475.08642578125,2741.060791015625,1392.039306640625
2644,44.06666666666667,24.129676449019538,22.7831320321892,22.77726595234336,546.3747867792116,auto,2376.281982421875,1517.0274658203125,2373.07666015625,1480.1905517578125,2772.294189453125,1471.1793212890625,2732.3251953125,1392.7071533203125
2645,44.083333333333336,24.094042797059785,22.744221496933832,22.756588955892497,546.6557204755783,auto,2369.1123046875,1513.6669921875,2375.87353515625,1478.8115234375,2763.291259765625,1468.60107421875,2716.87451171875,1383.08203125
2646,44.1,24.03393094294111,22.70021351447607,22.673944337585525,547.4051536679699,auto,2369.916015625,1514.60546875,2355.53662109375,1480.14208984375,2761.77490234375,1462.79248046875,2702.16015625,1385.44970703125
2647,44.11666666666667,23.989412782575748,22.65901354218909,22.67977657225826,547.6606117757376,auto,2360.392578125,1508.91259765625,2371.76416015625,1477.820556640625,2745.705078125,1461.416015625,2697.700439453125,1380.28173828125
2648,44.13333333333333,23.93678938404443,22.60289571952286,22.63425510892668,548.2994492043392,auto,2351.627197265625,1507.4185791015625,2368.821044921875,1476.8211669921875,2740.77294921875,1458.1051025390625,2688.719482421875,1374.5548095703125
2649,44.15,23.894738327500818,22.556879056290736,22.602949082875092,548.7782065028309,auto,2345.811279296875,1505.853271484375,2371.093994140625,1475.622802734375,2731.630859375,1455.66455078125,2686.90869140625,1376.294677734375
2650,44.166666666666664,23.837372786136832,22.538321049998505,22.523339848836372,549.2560667163502,auto,2359.488525390625,1504.2572021484375,2351.260009765625,1479.0706787109375,2733.096923828125,1449.7930908203125,2671.598388671875,1374.7535400390625
2651,44.18333333333333,23.79331729493821,22.50333835683794,22.46870507551517,549.5921541510717,auto,2366.03759765625,1505.236328125,2347.00390625,1479.87646484375,2732.191650390625,1448.54541015625,2659.238525390625,1365.893310546875
2652,44.2,23.755314541899097,22.484213259560416,22.44673360133811,549.6731687840977,auto,2379.309814453125,1508.345947265625,2358.70849609375,1481.47119140625,2740.731201171875,1443.518310546875,2663.033935546875,1367.917724609375
2653,44.21666666666667,23.724944427735977,22.40326832573095,22.426858263627754,550.047481865481,auto,2370.015625,1506.43701171875,2382.9912109375,1488.09375,2757.14404296875,1442.623291015625,2681.7099609375,1364.7001953125
2654,44.233333333333334,23.70915011477803,22.42932786576627,22.35212217303048,550.047481865481,auto,2412.037109375,1521.1051025390625,2369.5703125,1493.6678466796875,2787.240478515625,1443.3250732421875,2728.80126953125,1375.4537353515625
2655,44.25,27.769404915053023,26.263842959337055,26.19875139221199,469.3958416885913,auto,2428.2958984375,1522.4776611328125,2397.742431640625,1497.7738037109375,2797.435791015625,1439.8294677734375,2735.40380859375,1372.5401611328125
2656,44.266666666666666,27.85844235270424,26.339785293982764,26.284890234151568,467.4757519877321,auto,2439.06396484375,1524.74853515625,2413.40283203125,1499.69580078125,2817.840087890625,1438.671875,2752.448974609375,1385.9072265625
2657,44.28333333333333,27.97693015498261,26.422235095841092,26.396570605657722,465.1368452951,auto,2438.8544921875,1523.693359375,2426.916748046875,1499.4716796875,2836.925048828125,1434.970703125,2777.828369140625,1385.4228515625
2658,44.3,27.962476982448752,26.43030998940207,26.362207516896504,464.9760054220054,auto,2455.578857421875,1529.3912353515625,2423.912841796875,1508.3192138671875,2825.3505859375,1435.7860107421875,2766.841064453125,1373.7669677734375
2659,44.31666666666667,27.922731390328476,26.382984098914676,26.344157981328785,465.1397418902029,auto,2450.802978515625,1535.0704345703125,2432.7431640625,1508.9058837890625,2833.627685546875,1435.7860107421875,2803.60791015625,1394.7884521484375
2660,44.333333333333336,27.86153574788132,26.3089291935938,26.286283929120717,466.00181629770776,auto,2451.482421875,1540.1563720703125,2440.929931640625,1512.6949462890625,2826.12548828125,1431.7318115234375,2811.52880859375,1385.0831298828125
2661,44.35,27.86257678567787,26.27703224607559,26.250787274258048,466.1607215681446,auto,2453.88134765625,1541.5751953125,2441.6474609375,1515.3203125,2830.057373046875,1430.751953125,2819.75244140625,1390.57666015625
2662,44.36666666666667,27.804406689592522,26.218484323578828,26.199039597379716,466.81801248062527,auto,2456.663330078125,1545.35302734375,2447.585693359375,1516.3203125,2842.5791015625,1423.050048828125,2831.8583984375,1394.315185546875
2663,44.38333333333333,27.831007799753163,26.22617856602856,26.1648153066621,466.150143959528,auto,2457.908203125,1542.5706787109375,2429.303466796875,1522.4329833984375,2845.33544921875,1423.7384033203125,2820.643310546875,1401.0633544921875
2664,44.4,25.442806179115422,23.992661246817548,23.916480182497303,509.4898175659412,auto,2474.166015625,1548.5364990234375,2435.352783203125,1532.0413818359375,2847.94970703125,1427.0960693359375,2829.95458984375,1406.7828369140625
2665,44.416666666666664,27.884092677496312,26.29757419890664,26.234475035841715,464.06679803929944,auto,2472.748779296875,1550.9049072265625,2443.466552734375,1534.7711181640625,2857.4228515625,1428.8372802734375,2809.13818359375,1395.8402099609375
2666,44.43333333333333,25.405476171412385,23.940149352984413,23.892057303498163,509.1757358875002,auto,2475.891845703125,1560.357177734375,2451.40380859375,1540.590087890625,2857.3603515625,1431.29638671875,2822.910400390625,1395.457275390625
2667,44.45,25.373958550172734,23.910719763771567,23.886678490131214,509.2560504760316,auto,2477.837158203125,1552.12353515625,2465.593994140625,1540.18603515625,2869.509521484375,1423.24755859375,2835.529052734375,1399.4404296875
2668,44.46666666666667,27.934410265861057,26.297888308227954,26.267252724420523,462.56335529872376,auto,2481.005126953125,1560.19775390625,2466.833984375,1542.018798828125,2869.383056640625,1424.6650390625,2846.4990234375,1397.999267578125
2669,44.483333333333334,27.947751106664047,26.27389373595861,26.236323909749892,462.4721951992271,auto,2480.887451171875,1562.3052978515625,2463.512939453125,1546.6805419921875,2875.957275390625,1420.7110595703125,2853.146484375,1402.1273193359375
2670,44.5,27.93046592367653,26.2196000859045,26.18625041376676,462.42958360444925,auto,2467.8447265625,1562.3258056640625,2452.422607421875,1551.0440673828125,2868.101318359375,1434.6993408203125,2832.204833984375,1411.0850830078125
2671,44.516666666666666,27.83494050955242,26.153865223085337,26.13863289987029,463.1392992653443,auto,2466.42822265625,1564.1085205078125,2459.373046875,1549.7889404296875,2860.450439453125,1434.3546142578125,2828.82470703125,1413.8980712890625
2672,44.53333333333333,25.234664939826157,23.721960578441152,23.67681231632468,510.4709222371428,auto,2473.808349609375,1564.117919921875,2450.761474609375,1555.602783203125,2849.82470703125,1441.638427734375,2821.05419921875,1419.41015625
2673,44.55,25.175310825443805,23.681505311947497,23.629241901407855,511.0081981684556,auto,2476.653564453125,1571.846435546875,2449.946533203125,1558.561767578125,2840.56689453125,1442.255126953125,2815.4404296875,1432.72900390625
2674,44.56666666666667,25.123860607292407,23.595273828184013,23.59679698537328,511.632601343458,auto,2457.925048828125,1572.09130859375,2458.704345703125,1565.046875,2829.5390625,1452.27880859375,2818.858642578125,1423.04345703125
2675,44.583333333333336,25.04186961134845,23.54348804368881,23.52206046345827,512.5367286851413,auto,2461.02490234375,1574.474365234375,2450.041748046875,1567.34912109375,2820.8134765625,1459.531494140625,2807.593994140625,1424.885009765625
2676,44.6,24.946290558650002,23.45306158859739,23.463138035226308,513.942179045199,auto,2452.56689453125,1578.71240234375,2457.7451171875,1574.96923828125,2801.376953125,1465.63818359375,2816.125,1420.353759765625
2677,44.61666666666667,27.015234806068914,25.425754976523972,25.44124321074255,473.64582666254444,auto,2440.149658203125,1581.5760498046875,2447.48583984375,1577.5416259765625,2787.967529296875,1463.0325927734375,2804.0947265625,1432.5924072265625
2678,44.63333333333333,26.76207002531761,25.206385125654634,25.197023966993058,477.47578308295516,auto,2431.197998046875,1585.0576171875,2426.72900390625,1584.175048828125,2786.512939453125,1459.8447265625,2785.134765625,1443.3544921875
2679,44.65,26.555482238057596,25.0360040980991,25.027932498216416,480.19929367593494,auto,2419.347412109375,1585.0579833984375,2415.471435546875,1585.3663330078125,2759.7783203125,1479.0479736328125,2768.737548828125,1455.3414306640625
2680,44.666666666666664,26.497949628170126,24.98897551825074,24.9752981538637,480.59275175332124,auto,2416.7978515625,1588.531982421875,2410.22509765625,1589.965576171875,2768.0,1473.468505859375,2771.43896484375,1464.384033203125
2681,44.68333333333333,26.57176959955237,25.05466893353752,25.04666398829608,478.829985326756,auto,2422.566650390625,1593.4749755859375,2418.733642578125,1594.0543212890625,2769.9892578125,1475.9927978515625,2768.7265625,1475.5435791015625
2682,44.7,26.65299905013276,25.14389967939338,25.125579483925566,476.6021917090951,auto,2429.759765625,1597.5604248046875,2421.028564453125,1598.2720947265625,2775.35791015625,1487.4810791015625,2761.98095703125,1482.1251220703125
2683,44.71666666666667,26.724067743659294,25.197138069778703,25.191576320505213,474.95876433894966,auto,2432.771240234375,1601.8419189453125,2430.1298828125,1600.9908447265625,2775.780517578125,1494.0816650390625,2775.151611328125,1477.5357666015625
2684,44.733333333333334,26.767187390787843,25.225540749966616,25.22537586916316,473.8271427720858,auto,2434.526611328125,1605.5330810546875,2434.448486328125,1606.1971435546875,2778.66552734375,1500.9398193359375,2772.09228515625,1497.0267333984375
2685,44.75,26.761055942784242,25.203496658644713,25.224334320696403,473.52661135985664,auto,2430.454345703125,1609.6953125,2440.3212890625,1610.81640625,2773.072265625,1504.09521484375,2777.8212890625,1501.485595703125
2686,44.766666666666666,26.75191539380014,25.210685306781972,25.199236067005288,473.2164628985972,auto,2439.66455078125,1611.271240234375,2434.24560546875,1607.986328125,2774.7568359375,1511.3515625,2759.225341796875,1505.1513671875
2687,44.78333333333333,26.764647474811735,25.212397901829224,25.19545260596018,472.68372809197797,auto,2442.277099609375,1612.357177734375,2434.26708984375,1608.51220703125,2776.710693359375,1516.374267578125,2767.472900390625,1503.460693359375
2688,44.8,26.822347765766345,25.246535822366816,25.229153064314488,471.1812511480754,auto,2437.5068359375,1614.553466796875,2429.31591796875,1612.373779296875,2779.1123046875,1519.736572265625,2773.3798828125,1505.34033203125
2689,44.81666666666667,26.875863679764738,25.317855058319644,25.28107282492655,469.61361251228834,auto,2450.337646484375,1617.8740234375,2433.06494140625,1615.6025390625,2793.42626953125,1509.469482421875,2797.689208984375,1515.68017578125
2690,44.833333333333336,26.937179137510885,25.342387264329087,25.404989010920445,468.0037404346717,auto,2440.63134765625,1619.5579833984375,2469.929443359375,1617.6300048828125,2787.0595703125,1519.6241455078125,2792.597412109375,1507.4552001953125
2691,44.85,26.972932579664306,25.352622287987558,25.34807134385985,467.3652467077024,auto,2445.723876953125,1617.95458984375,2443.596435546875,1619.32373046875,2799.51123046875,1529.875732421875,2795.712646484375,1517.96044921875
2692,44.86666666666667,26.968329550129223,25.339140324204834,25.341871479963995,466.9783554899006,auto,2443.204345703125,1618.5299072265625,2444.47900390625,1620.9871826171875,2802.683349609375,1531.6790771484375,2799.33740234375,1525.8404541015625
2693,44.88333333333333,26.939316275581035,25.31651263050216,25.30441553457385,467.16726237356596,auto,2446.87890625,1622.664306640625,2441.22705078125,1622.373046875,2802.818359375,1527.984375,2794.8173828125,1524.4921875
2694,44.9,26.853698119264834,25.23372800206373,25.244531560368085,468.0532545432472,auto,2438.767578125,1619.7906494140625,2443.824462890625,1620.1895751953125,2803.917724609375,1526.1678466796875,2799.9931640625,1525.3892822265625
2695,44.916666666666664,26.792940200690524,25.173498115318367,25.182779990672753,468.71841857300313,auto,2435.9375,1620.1102294921875,2440.2880859375,1622.1795654296875,2796.39990234375,1526.3514404296875,2790.92431640625,1526.5142822265625
2696,44.93333333333333,24.02898663954283,22.58423076641144,22.60908692570247,522.1055638786366,auto,2437.6845703125,1622.1107177734375,2450.661865234375,1623.6302490234375,2795.27001953125,1529.7410888671875,2791.1533203125,1529.7420654296875
2697,44.95,23.998567211064433,22.535451490609667,22.516945729746926,522.5885338749383,auto,2434.392333984375,1621.9459228515625,2424.7216796875,1623.5772705078125,2791.37255859375,1527.5572509765625,2775.23193359375,1531.5013427734375
2698,44.96666666666667,23.951521391418034,22.493230977727652,22.502013008389877,522.8627696270216,auto,2431.5146484375,1621.37109375,2436.10693359375,1619.895751953125,2799.45654296875,1526.219970703125,2787.80224609375,1538.098876953125
2699,44.983333333333334,23.899764398528514,22.445213899317555,22.44889897251303,523.6497072481613,auto,2440.324951171875,1622.0001220703125,2442.25537109375,1618.7589111328125,2805.854248046875,1525.5787353515625,2796.647216796875,1532.6937255859375
2700,45.0,23.84258285376683,22.383743083902814,22.39027722961292,524.4385363491544,auto,2443.927490234375,1623.0413818359375,2447.35498046875,1620.8197021484375,2808.419189453125,1528.4827880859375,2801.33349609375,1541.1190185546875
2701,45.016666666666666,23.78699198867155,22.317566440870102,22.323150280592323,525.3721266973798,auto,2448.0048828125,1622.295166015625,2450.938232421875,1622.806640625,2816.23876953125,1528.06689453125,2813.458984375,1547.21826171875
2702,45.03333333333333,23.739047480862403,22.25480524640066,22.252552158120906,526.1874936967345,auto,2450.010498046875,1622.3055419921875,2448.824951171875,1623.8189697265625,2825.72900390625,1524.7523193359375,2821.34033203125,1549.0633544921875
2703,45.05,23.687039820883086,22.2079064169241,22.188589064605914,527.021710574466,auto,2457.46484375,1620.640625,2447.283935546875,1627.74609375,2825.718017578125,1524.38427734375,2823.6630859375,1548.68798828125
2704,45.06666666666667,23.64868120256244,22.146285322283127,22.12690935919365,527.6451428653327,auto,2450.268798828125,1621.2933349609375,2440.04443359375,1625.3294677734375,2834.5810546875,1524.3406982421875,2830.20068359375,1557.5096435546875
2705,45.083333333333336,23.58432760696649,22.091697725241243,22.07681858713172,528.3456653962315,auto,2448.374755859375,1622.0428466796875,2440.51416015625,1625.1373291015625,2827.140625,1523.6392822265625,2829.470458984375,1569.7210693359375
2706,45.1,23.535678974779614,22.039628807448686,22.02334469106536,529.1774694525855,auto,2452.32373046875,1622.69580078125,2443.706787109375,1622.28857421875,2836.0029296875,1519.371337890625,2834.051025390625,1566.21240234375
2707,45.11666666666667,23.47114752552153,21.970532644550925,21.956336284173027,530.2305344205784,auto,2453.328125,1621.9324951171875,2445.80029296875,1623.5069580078125,2833.482666015625,1521.7926025390625,2836.82568359375,1566.0823974609375
2708,45.13333333333333,23.410994940644557,21.895735844015917,21.88988208443365,531.1757266936567,auto,2447.130859375,1622.90771484375,2444.021240234375,1623.831787109375,2839.3916015625,1522.1240234375,2846.673095703125,1576.529541015625
2709,45.15,23.35425260310105,21.8357685548125,21.826801026297282,531.9757617056656,auto,2445.203125,1621.62109375,2440.432861328125,1623.072509765625,2841.59521484375,1522.5859375,2853.993896484375,1577.1083984375
2710,45.166666666666664,23.326025460861835,21.794101776440517,21.79655953553955,532.4336915340949,auto,2443.35302734375,1619.7777099609375,2444.6611328125,1626.7000732421875,2838.76513671875,1524.0394287109375,2851.548095703125,1570.2198486328125
2711,45.18333333333333,23.308666396087037,21.79136397337775,21.794783983899553,532.2534794538234,auto,2441.410400390625,1620.4144287109375,2443.230712890625,1622.2471923828125,2838.488525390625,1517.9976806640625,2843.9189453125,1562.9278564453125
2712,45.2,23.281687381280477,21.804140212361318,21.81794496535003,532.043316421885,auto,2444.881103515625,1616.07421875,2452.2255859375,1618.29296875,2826.658447265625,1523.540283203125,2845.952392578125,1562.47119140625
2713,45.21666666666667,23.27008013662442,21.782552441628187,21.79076085701306,532.1567997827829,auto,2439.402587890625,1616.6134033203125,2443.77001953125,1620.6405029296875,2821.7509765625,1522.5784912109375,2829.778076171875,1574.7677001953125
2714,45.233333333333334,23.203763477395896,21.731274131859053,21.7162405120993,533.1150159162992,auto,2445.994140625,1617.1309814453125,2437.979736328125,1621.9217529296875,2835.541748046875,1518.6273193359375,2832.70849609375,1587.4254150390625
2715,45.25,23.092763109354618,21.639053576961047,21.62113503533888,535.0820857619545,auto,2463.146728515625,1616.3841552734375,2453.55810546875,1621.8526611328125,2854.13525390625,1516.6851806640625,2857.3955078125,1580.2554931640625
2716,45.266666666666666,22.94637752758224,21.48549919372766,21.481427164468624,538.4005548671186,auto,2483.461669921875,1616.663330078125,2481.26953125,1621.19384765625,2869.70068359375,1520.13720703125,2875.6015625,1575.68603515625
2717,45.28333333333333,22.772960591503573,21.282521859157008,21.27506663074685,542.8237442713754,auto,2498.95458984375,1620.639404296875,2494.90771484375,1625.1396484375,2893.10693359375,1518.853759765625,2889.267822265625,1570.4208984375
2718,45.3,22.57059626589915,21.108974716573083,21.103724106976983,547.1834883958851,auto,2523.224609375,1623.4110107421875,2520.351806640625,1627.8502197265625,2919.377197265625,1522.4864501953125,2917.749755859375,1576.9486083984375
2719,45.31666666666667,22.43934438943175,21.00113128361862,20.998885942918776,550.184460908674,auto,2548.718017578125,1626.644775390625,2547.482177734375,1629.897216796875,2945.21923828125,1526.335205078125,2944.52880859375,1581.340576171875
2720,45.333333333333336,22.321572809790297,20.91121320612675,20.895882942199663,552.7388734337521,auto,2570.439453125,1633.1292724609375,2561.9658203125,1639.0169677734375,2952.7705078125,1523.9637451171875,2941.2705078125,1596.7943115234375
2721,45.35,22.210356658024605,20.845185509700922,20.814650217470998,554.5900849740563,auto,2587.889404296875,1641.822265625,2570.955322265625,1650.951904296875,2961.932861328125,1527.931396484375,2949.9052734375,1608.69384765625
2722,45.36666666666667,22.09910639775001,20.77832279759676,20.768408217377743,556.9055121878449,auto,2615.44775390625,1652.73388671875,2609.92626953125,1659.902587890625,2947.53271484375,1528.723876953125,2956.370361328125,1602.342529296875
2723,45.38333333333333,21.992145085694084,20.691560059304845,20.6839368377158,559.4286336408744,auto,2636.414794921875,1670.8546142578125,2632.150390625,1672.2999267578125,2949.46875,1534.0865478515625,2956.52734375,1580.7579345703125
2724,45.4,21.880388941834028,20.62484208190155,20.613411974531996,562.3511807177755,auto,2674.94091796875,1680.649658203125,2668.51318359375,1676.012451171875,2953.14404296875,1531.84326171875,2948.667724609375,1561.706787109375
2725,45.416666666666664,21.74668423858777,20.561107242444177,20.56410365511221,565.1288933148294,auto,2710.99658203125,1683.244873046875,2712.689453125,1680.617919921875,2971.269287109375,1529.382080078125,2966.149658203125,1564.659912109375
2726,45.43333333333333,21.69664462337257,20.566915462175952,20.544534462375633,565.9707922127315,auto,2743.606201171875,1700.7960205078125,2730.939208984375,1694.6146240234375,2960.388671875,1524.4527587890625,2956.363525390625,1543.8143310546875
2727,45.45,21.697135803096916,20.614774002175174,20.57236865898146,565.5979457691229,auto,2770.818359375,1725.9755859375,2746.833740234375,1704.876220703125,2939.81396484375,1516.34130859375,2912.34228515625,1524.818115234375
2728,45.46666666666667,21.665285964329897,20.677738556903492,20.599732478866134,565.4231878107921,auto,2808.617919921875,1743.010986328125,2764.51220703125,1727.87939453125,2932.218017578125,1519.415283203125,2901.48046875,1531.704345703125
2729,45.483333333333334,21.657822984629068,20.741047622447354,20.666080971881236,564.886598643638,auto,2836.125732421875,1760.895751953125,2793.77880859375,1720.249755859375,2915.085693359375,1519.890869140625,2900.061279296875,1520.8544921875
2730,45.5,21.66397169450333,20.813955109061336,20.741417686217062,563.7984197866956,auto,2853.76171875,1773.9375,2812.86572265625,1748.07275390625,2895.173095703125,1515.666015625,2894.910888671875,1525.3662109375
2731,45.516666666666666,21.669899329307647,20.891602764764365,20.798916095043907,562.9264856247685,auto,2874.8759765625,1786.25146484375,2822.7001953125,1758.166259765625,2874.364501953125,1512.887939453125,2873.61767578125,1515.953857421875
2732,45.53333333333333,21.71924049040097,21.00761386929581,20.910602834677473,560.6341126705169,auto,2888.038330078125,1792.655029296875,2833.650634765625,1761.121337890625,2859.041748046875,1515.177734375,2856.708251953125,1512.791259765625
2733,45.55,21.766745261557798,21.123264212079285,21.01082872711434,558.5147342013807,auto,2904.60693359375,1794.231689453125,2841.81005859375,1757.755615234375,2842.602294921875,1513.41357421875,2846.552001953125,1496.445068359375
2734,45.56666666666667,19.25821923319056,18.73491321104525,18.649070627292275,630.7420965544317,auto,2917.92822265625,1796.2286376953125,2863.784423828125,1755.7095947265625,2826.28125,1507.4796142578125,2839.235595703125,1506.3155517578125
2735,45.583333333333336,21.875557500272848,21.323069081354635,21.219575787174726,555.0065207620979,auto,2931.365234375,1785.642333984375,2873.92578125,1761.2705078125,2807.7998046875,1508.3525390625,2820.440185546875,1508.07080078125
2736,45.6,21.902477239888754,21.42039352681983,21.318556039606502,553.2999804822955,auto,2946.2626953125,1777.7071533203125,2889.91650390625,1758.4251708984375,2792.395263671875,1510.6844482421875,2801.5546875,1505.1199951171875
2737,45.61666666666667,19.67095025233137,19.293599859722814,19.22248081177902,615.289297700976,auto,2956.8203125,1772.9185791015625,2913.061279296875,1774.1275634765625,2776.82080078125,1509.5784912109375,2785.09228515625,1511.5845947265625
2738,45.63333333333333,19.83597526631203,19.51996821058295,19.469810614806473,609.0373968208918,auto,2962.54052734375,1756.6805419921875,2931.9921875,1768.6932373046875,2761.144287109375,1506.9500732421875,2763.657958984375,1510.5413818359375
2739,45.65,19.95719365553229,19.698285462581556,19.67007088668706,604.3598839218371,auto,2971.526123046875,1752.7896728515625,2954.474609375,1770.9925537109375,2739.568603515625,1511.3280029296875,2747.22119140625,1506.2135009765625
2740,45.666666666666664,19.94870003874618,19.729497706299277,19.726552905707425,603.8847986584049,auto,2984.62744140625,1737.7740478515625,2982.848876953125,1754.0711669921875,2731.4775390625,1520.1309814453125,2731.413818359375,1495.3167724609375
2741,45.68333333333333,21.839779675804433,21.689851245219362,21.674139878641235,550.2708990659005,auto,3026.4990234375,1727.2567138671875,3017.85302734375,1743.0086669921875,2728.14453125,1519.3778076171875,2732.365234375,1500.5914306640625
2742,45.7,21.609819654193444,21.513219050817437,21.47394062368955,555.554044754677,auto,3069.3330078125,1711.50634765625,3047.511474609375,1722.551513671875,2743.910888671875,1517.005615234375,2737.27587890625,1518.858154296875
2743,45.71666666666667,21.478424263306145,21.39726736199877,21.379293447721942,558.4807951620942,auto,3096.67578125,1697.4873046875,3086.637939453125,1696.358642578125,2753.588134765625,1517.863525390625,2751.4287109375,1518.232666015625
2744,45.733333333333334,24.37852698337676,24.337615593146676,24.330727619310554,491.11866282941435,auto,3123.9072265625,1677.9765625,3120.5244140625,1669.7841796875,2758.025146484375,1521.265625,2767.781982421875,1504.6025390625
2745,45.75,24.321221440503017,24.32338053689254,24.339724467282984,491.5098714379752,auto,3142.06103515625,1661.4644775390625,3150.094970703125,1648.8853759765625,2756.90185546875,1526.2838134765625,2762.646484375,1514.7388916015625
2746,45.766666666666666,24.253007650523937,24.249811643587304,24.337957731242867,492.3578030154449,auto,3131.42626953125,1636.1322021484375,3174.826171875,1663.0633544921875,2744.353515625,1526.4188232421875,2751.5126953125,1521.3990478515625
2747,45.78333333333333,24.156733840495285,24.150532476791458,24.248586783199944,493.5183709413588,auto,3108.939697265625,1614.9766845703125,3157.330810546875,1636.2305908203125,2725.779052734375,1526.0228271484375,2743.816162109375,1522.7159423828125
2748,45.8,24.12000033030235,24.138196784781883,24.184591176000446,493.5183709413588,auto,3099.980712890625,1615.2020263671875,3122.877197265625,1609.0689697265625,2705.975830078125,1532.8599853515625,2720.07568359375,1512.3734130859375
2749,45.81666666666667,24.07599259075608,24.10309527041585,24.141439999283598,493.5183709413588,auto,3083.3759765625,1613.310546875,3102.30029296875,1593.24658203125,2693.731689453125,1531.333984375,2699.05517578125,1514.2626953125
2750,45.833333333333336,24.04079189022354,24.07054242003896,24.066392925951043,493.5183709413588,auto,3071.682861328125,1611.6409912109375,3069.63525390625,1586.5035400390625,2678.129638671875,1536.3514404296875,2687.8427734375,1511.1749267578125
2751,45.85,24.00553429986982,24.058794424616945,24.0364975722647,493.5183709413588,auto,3073.28466796875,1607.5914306640625,3062.281494140625,1596.1944580078125,2675.216796875,1535.9146728515625,2672.3671875,1531.8302001953125
2752,45.86666666666667,23.985285975774378,24.041175399648505,24.01546515802508,493.5183709413588,auto,3073.58203125,1606.38720703125,3060.893798828125,1574.75537109375,2673.079345703125,1539.359619140625,2660.376708984375,1517.935302734375
2753,45.88333333333333,23.936653835806805,23.984639779435867,23.97523861281131,493.5183709413588,auto,3053.681640625,1602.791748046875,3049.041748046875,1537.538330078125,2658.99951171875,1551.302001953125,2663.304443359375,1492.5830078125
2754,45.9,23.93237770002999,23.944385531352648,23.94823623020581,493.5183709413588,auto,3040.92626953125,1600.075439453125,3042.826171875,1566.8056640625,2646.353759765625,1549.2119140625,2657.970458984375,1494.64208984375
2755,45.916666666666664,23.87657818463409,23.913427574745363,23.897923861736857,493.5183709413588,auto,3033.185791015625,1595.327392578125,3025.53369140625,1582.8701171875,2635.9931640625,1542.9033203125,2641.69287109375,1511.71630859375
2756,45.93333333333333,23.83796335278923,23.882714986410324,22.89240666084533,493.5183709413588,auto,3026.086181640625,1595.02294921875,2537.3505859375,1635.5908203125,2639.25146484375,1540.48193359375,2626.0576171875,1521.1884765625
2757,45.95,23.815414701141474,23.833384091030357,23.833324727738685,493.5183709413588,auto,3012.8681640625,1587.677490234375,3012.83837890625,1577.573974609375,2629.99951171875,1544.772216796875,2634.114013671875,1509.472900390625
2758,45.96666666666667,23.79525195912486,23.797540535518415,23.78863604176752,493.5183709413588,auto,3008.12939453125,1598.5682373046875,3003.73583984375,1580.6602783203125,2621.74365234375,1554.0609130859375,2637.307861328125,1492.2254638671875
2759,45.983333333333334,23.750953092102343,23.79143601035808,23.764926343073466,493.5183709413588,auto,3018.9794921875,1595.1728515625,3005.896484375,1580.121337890625,2624.392333984375,1558.865234375,2633.795654296875,1494.7734375
2760,46.0,23.74318911559271,23.74378113857967,23.748726100776,493.5183709413588,auto,3008.29248046875,1600.8477783203125,3010.732666015625,1577.5299072265625,2629.45751953125,1555.4263916015625,2626.932861328125,1502.9171142578125
2761,46.016666666666666,23.71110993481396,23.71368394970164,22.81518293348478,493.5183709413588,auto,3006.2705078125,1597.435546875,2562.843505859375,1634.861328125,2626.235107421875,1558.89306640625,2628.28955078125,1498.5517578125
2762,46.03333333333333,23.70503113374668,23.72698528458909,22.815723139439,493.5183709413588,auto,3012.8349609375,1598.7808837890625,2563.10986328125,1633.7730712890625,2631.334228515625,1557.6715087890625,2626.160400390625,1500.4058837890625
2763,46.05,23.6989523326794,23.729270771318486,22.794797579124392,493.5183709413588,auto,3013.962890625,1597.0703125,2552.783447265625,1626.35107421875,2624.628662109375,1557.3642578125,2630.956787109375,1492.20068359375
2764,46.06666666666667,23.717188735881237,23.74835804836763,22.777853316904633,493.5183709413588,auto,3023.382568359375,1607.0643310546875,2544.4208984375,1632.2261962890625,2637.01123046875,1559.7135009765625,2618.9072265625,1505.8502197265625
2765,46.083333333333336,23.71516246885881,23.738282118994395,22.72564528065493,493.5183709413588,auto,3018.41015625,1605.5928955078125,2518.65576171875,1631.7164306640625,2621.7353515625,1553.8326416015625,2613.20068359375,1508.6348876953125
2766,46.1,23.680715929477564,23.69074795257572,22.724010811357545,493.5183709413588,auto,2994.951416015625,1597.947509765625,2517.848388671875,1616.103759765625,2620.89208984375,1549.760009765625,2610.554931640625,1493.991455078125
2767,46.11666666666667,23.686794730544843,23.691691828913314,22.729389125583086,493.5183709413588,auto,2995.4169921875,1603.3057861328125,2520.503173828125,1616.5811767578125,2615.257568359375,1548.3560791015625,2599.6650390625,1493.0313720703125
2768,46.13333333333333,23.648295657118744,23.660086812426798,22.705374695325112,493.5183709413588,auto,2979.81982421875,1602.4361572265625,2508.65185546875,1620.3717041015625,2590.2158203125,1543.7821044921875,2597.06787109375,1493.4122314453125
2769,46.15,23.621954185827203,23.60509265902126,23.55411937923835,493.5183709413588,auto,2952.678466796875,1604.2171630859375,2927.522705078125,1574.9906005859375,2584.772705078125,1550.1781005859375,2577.120361328125,1492.9393310546875
2770,46.166666666666664,23.573323777288973,23.574928191746,23.537778643817262,493.5183709413588,auto,2937.79248046875,1603.750244140625,2919.4580078125,1572.626953125,2568.187744140625,1542.671630859375,2572.988037109375,1488.148681640625
2771,46.18333333333333,23.544956038975005,23.51740516211521,23.47148171967725,493.5183709413588,auto,2909.40380859375,1601.9139404296875,2886.739501953125,1572.6007080078125,2553.417724609375,1542.0516357421875,2558.068603515625,1492.2855224609375
2772,46.2,23.52671963577317,23.50252080611649,23.450759973330722,493.5183709413588,auto,2902.05810546875,1605.28564453125,2876.5126953125,1573.40869140625,2557.36083984375,1541.6357421875,2539.87255859375,1498.443115234375
2773,46.21666666666667,23.512535766616185,23.513344712964802,23.446278044809436,493.5183709413588,auto,2907.399658203125,1614.1795654296875,2874.30078125,1580.8353271484375,2552.2841796875,1542.7696533203125,2542.59130859375,1498.7335205078125
2774,46.233333333333334,23.512535766616185,23.52308820790467,23.463681383151467,493.5183709413588,auto,2912.208251953125,1615.26611328125,2882.88916015625,1573.9326171875,2552.970703125,1544.2470703125,2539.1669921875,1499.67578125
2775,46.25,23.52671963577317,23.495207248582417,23.46781504702827,493.5183709413588,auto,2898.448486328125,1610.940673828125,2884.929931640625,1580.089111328125,2552.474853515625,1541.360595703125,2556.614013671875,1497.899658203125
2776,46.266666666666666,23.557113641109563,23.510366654499222,23.47870623227381,493.5183709413588,auto,2905.9296875,1617.1661376953125,2890.3046875,1587.8951416015625,2563.225341796875,1538.4920654296875,2561.26806640625,1518.6746826171875
2777,46.28333333333333,23.577376311333825,23.50594804682239,23.44742375633872,493.5183709413588,auto,2903.749267578125,1626.3245849609375,2874.86669921875,1606.5765380859375,2565.776123046875,1542.0921630859375,2578.198486328125,1511.0689697265625
2778,46.3,23.587507646445957,23.502279395397018,23.47508902903456,493.5183709413588,auto,2901.93896484375,1626.4979248046875,2888.51953125,1595.3101806640625,2546.677978515625,1555.8575439453125,2586.434814453125,1493.8223876953125
2779,46.31666666666667,23.603717782625367,23.494354395958723,23.48628692462041,493.5183709413588,auto,2898.02734375,1634.6412353515625,2894.04638671875,1615.0343017578125,2557.152099609375,1546.9532470703125,2584.4580078125,1515.3829345703125
2780,46.333333333333336,23.581428845378678,23.47801563931402,23.4196635023762,493.5183709413588,auto,2889.96435546875,1640.54736328125,2861.166259765625,1621.7373046875,2554.0048828125,1554.23681640625,2585.105224609375,1504.576416015625
2781,46.35,23.583455112401104,23.477829634333446,23.233427004964394,493.5183709413588,auto,2889.87158203125,1645.866455078125,2769.255126953125,1626.994873046875,2546.32763671875,1546.857421875,2587.7060546875,1507.64453125
2782,46.36666666666667,23.581428845378678,23.457743075207812,23.205660814672708,493.5183709413588,auto,2879.959228515625,1648.843994140625,2755.55224609375,1620.309326171875,2546.89794921875,1551.172607421875,2589.99658203125,1498.271240234375
2783,46.38333333333333,23.593586447513236,23.450945978311296,23.47289456601906,493.5183709413588,auto,2876.60498046875,1645.493896484375,2887.43701171875,1641.33740234375,2555.779541015625,1548.580078125,2596.1484375,1505.39794921875
2784,46.4,23.654374458186023,23.49519933347686,23.49277335362384,493.5183709413588,auto,2898.4443359375,1657.326416015625,2897.24755859375,1642.939697265625,2570.37890625,1555.527099609375,2617.10546875,1514.671142578125
2785,46.416666666666664,23.619927918804777,23.427946660340925,23.3942758013042,493.5183709413588,auto,2865.25390625,1650.14892578125,2848.636474609375,1626.4248046875,2542.4423828125,1566.828369140625,2605.8046875,1502.939453125
2786,46.43333333333333,23.65640072520845,23.458035934113397,23.42804362038399,493.5183709413588,auto,2880.103515625,1660.444091796875,2865.30224609375,1639.6025390625,2565.607421875,1562.2294921875,2614.121826171875,1518.020751953125
2787,46.45,23.66653206032058,23.45807353086479,23.41963975705953,493.5183709413588,auto,2880.1220703125,1670.5540771484375,2861.154052734375,1654.3704833984375,2578.94580078125,1557.9144287109375,2630.542236328125,1525.0487060546875
2788,46.46666666666667,23.680715929477564,23.461067419541482,23.42925265275772,493.5183709413588,auto,2881.599609375,1676.234619140625,2865.898193359375,1651.81591796875,2586.2314453125,1566.646484375,2627.311279296875,1532.7490234375
2789,46.483333333333334,23.68882099756727,23.443292071238304,23.406455169979036,493.5183709413588,auto,2872.826904296875,1681.5794677734375,2854.64697265625,1649.9996337890625,2586.674560546875,1566.0723876953125,2628.531494140625,1534.5250244140625
2790,46.5,23.686794730544843,23.43428863866795,23.360282401716056,493.5183709413588,auto,2868.38330078125,1671.4873046875,2831.86083984375,1635.69970703125,2580.650146484375,1560.1689453125,2637.73828125,1536.6171875
2791,46.516666666666666,23.65728066233397,23.397131175633653,23.135879265311516,493.5183709413588,auto,2863.61181640625,1671.3154296875,2734.678955078125,1484.197265625,2590.849609375,1556.19287109375,2635.250732421875,1565.04296875
2792,46.53333333333333,23.645471077496843,23.365688418811043,23.33475024996765,493.5183709413588,auto,2865.92236328125,1677.8026123046875,2850.653564453125,1656.0552978515625,2602.20166015625,1561.7369384765625,2632.81396484375,1555.6236572265625
2793,46.55,23.660415848012196,23.35356643465149,23.347649893248118,493.5183709413588,auto,2815.56494140625,1665.880859375,2812.64453125,1696.055419921875,2575.33642578125,1555.56005859375,2609.087158203125,1591.64111328125
2794,46.56666666666667,23.638484389087548,23.333216698266106,23.331772191502072,493.5183709413588,auto,2819.34521484375,1666.414306640625,2818.6318359375,1695.299072265625,2580.261962890625,1562.389892578125,2607.401611328125,1586.8505859375
2795,46.583333333333336,23.563869987579817,23.165505505408944,23.254690936041534,493.5183709413588,auto,2750.3994140625,1663.66162109375,2794.414306640625,1689.7646484375,2560.33154296875,1561.39599609375,2582.0234375,1584.39453125
2796,46.6,23.537528516288276,23.15077549396857,23.142302373470496,493.5183709413588,auto,2743.1298828125,1667.6162109375,2738.9482421875,1683.431884765625,2548.305419921875,1563.619873046875,2559.767578125,1581.084716796875
2797,46.61666666666667,23.515239579041587,23.06086978873035,23.107402694296148,493.5183709413588,auto,2698.76025390625,1653.046630859375,2721.724853515625,1691.678466796875,2552.08349609375,1553.1708984375,2557.06298828125,1593.093017578125
2798,46.63333333333333,23.505108243929456,23.07521987510402,23.074709350795633,493.5183709413588,auto,2705.841796875,1662.4110107421875,2705.58984375,1689.2633056640625,2544.230224609375,1556.3121337890625,2555.6220703125,1588.6480712890625
2799,46.65,23.50308197690703,23.02893431658686,23.051626924216922,493.5183709413588,auto,2682.999267578125,1656.713134765625,2694.1982421875,1696.457275390625,2558.575439453125,1550.500244140625,2563.5205078125,1596.937744140625
2800,46.666666666666664,23.490924374772472,23.01827464817884,23.014182538606207,493.5183709413588,auto,2677.73876953125,1668.6917724609375,2675.71923828125,1692.9996337890625,2543.44189453125,1549.9349365234375,2549.066162109375,1580.6651611328125
2801,46.68333333333333,23.46458290348093,22.97721899565804,22.973605749971565,493.5183709413588,auto,2657.476318359375,1665.0067138671875,2655.693359375,1693.6273193359375,2533.908447265625,1549.4737548828125,2538.2060546875,1579.3182373046875
2802,46.7,23.442293966234242,22.955110127062756,22.917750828836773,493.5183709413588,auto,2646.565185546875,1684.669677734375,2628.1279296875,1704.88916015625,2524.69140625,1549.61865234375,2522.39013671875,1583.26318359375
2803,46.71666666666667,23.41256384037639,22.917242283304777,22.882326773919317,493.5183709413588,auto,2631.5498046875,1693.0906982421875,2614.318603515625,1706.8778076171875,2522.289306640625,1548.0723876953125,2522.092529296875,1585.2557373046875
2804,46.733333333333334,23.41728025389978,22.9342478875926,22.871136793439025,493.5183709413588,auto,2643.6142578125,1694.2386474609375,2612.467529296875,1700.4200439453125,2526.2119140625,1548.6119384765625,2524.272216796875,1577.7379150390625
2805,46.75,23.447674259236173,22.939562880973693,22.88401269140282,493.5183709413588,auto,2646.23779296875,1703.8720703125,2618.822509765625,1703.611083984375,2542.316650390625,1549.1923828125,2550.041748046875,1570.70751953125
2806,46.766666666666666,23.478068264572567,22.9419552216281,22.90536962497025,493.5183709413588,auto,2647.418212890625,1697.6531982421875,2629.3623046875,1705.3883056640625,2552.4150390625,1546.4056396484375,2565.521728515625,1550.7349853515625
2807,46.78333333333333,21.232428549487448,20.737214615786204,20.691769528685942,546.1390333072281,auto,2650.544189453125,1710.6795654296875,2625.724609375,1702.6917724609375,2569.33740234375,1548.7176513671875,2565.1162109375,1554.4691162109375
2808,46.8,21.20003454193358,20.67833172954659,20.628259639522714,546.7312538671075,auto,2634.76904296875,1717.67333984375,2607.392333984375,1704.62158203125,2578.25439453125,1556.852783203125,2562.070556640625,1554.072265625
2809,46.81666666666667,21.2032135025236,20.630404846247597,20.621990134439997,546.7312538671075,auto,2605.8271484375,1720.5753173828125,2601.226318359375,1712.1807861328125,2567.04296875,1563.6607666015625,2551.41796875,1555.4898681640625
2810,46.833333333333336,21.19563472472703,20.623274400580872,20.570239031658925,546.7312538671075,auto,2596.07177734375,1731.2049560546875,2567.075927734375,1712.2044677734375,2556.682373046875,1566.5238037109375,2541.280517578125,1564.1719970703125
2811,46.85,21.188342860674545,20.587460467352955,20.555979239301685,546.7978301057983,auto,2575.4384765625,1736.288330078125,2558.22412109375,1721.9482421875,2544.517822265625,1571.3974609375,2530.867919921875,1572.0712890625
2812,46.86666666666667,21.18360558505158,20.581457834603178,20.509161918592774,546.7978301057983,auto,2570.74658203125,1739.0235595703125,2531.21630859375,1726.6268310546875,2540.41943359375,1573.0018310546875,2534.311279296875,1563.3570556640625
2813,46.88333333333333,21.168823365194154,20.51314819538465,20.49503135319074,546.7978301057983,auto,2538.478759765625,1746.177001953125,2528.57177734375,1728.674560546875,2543.810546875,1573.03955078125,2533.073974609375,1570.17626953125
2814,46.9,21.163354513123664,20.4725603251462,20.473794427862686,546.7978301057983,auto,2523.275390625,1747.373046875,2523.950439453125,1731.74560546875,2545.99365234375,1571.77490234375,2535.0869140625,1575.40869140625
2815,46.916666666666664,21.152904824275424,20.451782393158428,20.44015575251545,546.7978301057983,auto,2519.62744140625,1747.0732421875,2513.270263671875,1727.9091796875,2549.94775390625,1573.589599609375,2537.353271484375,1573.341796875
2816,46.93333333333333,21.14208052899479,20.40088949734241,20.391323861814946,546.7978301057983,auto,2501.71875,1744.0302734375,2496.48876953125,1719.3505859375,2552.721923828125,1568.626953125,2538.068359375,1576.00244140625
2817,46.95,21.13473484958395,20.3532577759986,20.331215379867164,546.7978301057983,auto,2483.6904296875,1739.0107421875,2471.63818359375,1719.87158203125,2557.7041015625,1565.13671875,2523.30859375,1590.557373046875
2818,46.96666666666667,21.1349004979587,20.350948521566746,20.29747133250796,546.7978301057983,auto,2490.336669921875,1731.136962890625,2461.09521484375,1714.931884765625,2558.20263671875,1565.790771484375,2531.4833984375,1595.457275390625
2819,46.983333333333334,21.12456310174186,20.287571721281537,20.269378082536527,546.7978301057983,auto,2462.3349609375,1718.72509765625,2452.38720703125,1699.48046875,2563.873046875,1560.11083984375,2540.524658203125,1597.552734375
2820,47.0,21.125732016688225,20.268803001386445,20.231281635293,546.7978301057983,auto,2458.43310546875,1711.3876953125,2437.916015625,1687.755859375,2574.102294921875,1556.484375,2544.2998046875,1595.308837890625
2821,47.016666666666666,21.11563282372726,20.230324357353734,20.214481050265583,546.7978301057983,auto,2443.915283203125,1701.38671875,2435.25146484375,1685.610595703125,2580.474609375,1554.643310546875,2554.875,1587.035888671875
2822,47.03333333333333,21.10837912158111,20.20033976906572,20.172353677072564,546.7978301057983,auto,2433.486328125,1692.19775390625,2418.183349609375,1671.968505859375,2584.33154296875,1552.933349609375,2563.538330078125,1585.01025390625
2823,47.05,21.09929658993904,20.166468918098893,20.16066631357523,546.7978301057983,auto,2420.931884765625,1676.07666015625,2417.7587890625,1666.81787109375,2591.189453125,1550.79248046875,2561.431396484375,1590.0419921875
2824,47.06666666666667,21.10295424893087,20.148452090018036,20.139545476056973,546.7978301057983,auto,2411.080322265625,1666.5159912109375,2406.21044921875,1655.8985595703125,2594.86767578125,1549.3372802734375,2570.240966796875,1578.8770751953125
2825,47.083333333333336,21.132215520865515,20.158089164197687,20.099096911190284,546.7978301057983,auto,2416.349609375,1673.00732421875,2384.09326171875,1641.16455078125,2604.63232421875,1549.984130859375,2564.45703125,1586.912109375
2826,47.1,21.141359668345093,20.13878822634382,20.100897165225323,546.7978301057983,auto,2405.79541015625,1657.353759765625,2385.0771484375,1631.27978515625,2606.838623046875,1544.862060546875,2561.34912109375,1570.872802734375
2827,47.11666666666667,21.13404435036143,20.143597833602122,20.100052403163247,546.7978301057983,auto,2408.42578125,1647.038330078125,2384.615478515625,1631.8037109375,2613.348876953125,1540.5029296875,2576.424560546875,1579.954833984375
2828,47.13333333333333,21.13953083884918,20.133610710026772,20.078177887864445,546.7978301057983,auto,2402.964599609375,1634.9031982421875,2372.654052734375,1613.7938232421875,2623.81494140625,1538.4105224609375,2588.33203125,1580.2471923828125
2829,47.15,21.145017327336923,20.118572873742,20.042678235627815,546.7978301057983,auto,2394.742431640625,1613.681396484375,2353.243408203125,1595.71728515625,2631.704345703125,1536.413330078125,2594.507080078125,1569.092529296875
2830,47.166666666666664,21.16330562229608,20.1057746392032,20.0517866637813,546.7978301057983,auto,2387.744384765625,1599.5113525390625,2358.223876953125,1586.5863037109375,2636.6982421875,1535.7889404296875,2600.958984375,1565.6697998046875
2831,47.18333333333333,21.183422746751145,20.096041122843104,20.042076364983163,546.7978301057983,auto,2382.421630859375,1588.830322265625,2352.913818359375,1574.6298828125,2642.424072265625,1534.21826171875,2608.23486328125,1558.0419921875
2832,47.2,21.219999336669453,20.08787568489845,20.058912669336674,546.7978301057983,auto,2377.956787109375,1582.362548828125,2362.120361328125,1570.955078125,2656.080322265625,1531.169921875,2627.33349609375,1558.906005859375
2833,47.21666666666667,21.21817050717354,20.069762414637147,20.029847853695536,546.7978301057983,auto,2368.052734375,1573.195556640625,2346.2275390625,1559.638671875,2653.597412109375,1535.470947265625,2624.410400390625,1556.246337890625
2834,47.233333333333334,21.227314654653114,20.060375375740147,20.014529620700937,546.7978301057983,auto,2362.919677734375,1558.87548828125,2337.851318359375,1548.181396484375,2653.826904296875,1526.2001953125,2638.041259765625,1554.250732421875
2835,47.25,21.240116461124522,20.05166521807259,20.0097432310046,546.7978301057983,auto,2358.1572265625,1549.104248046875,2335.234375,1539.0390625,2663.72021484375,1528.93408203125,2641.07373046875,1549.50390625
2836,47.266666666666666,21.247431779108183,20.058498325154005,20.001911768758905,546.7978301057983,auto,2361.89306640625,1545.572021484375,2330.95263671875,1536.01220703125,2674.5966796875,1531.361328125,2648.72216796875,1556.87109375
2837,47.28333333333333,21.247431779108183,20.07025891326983,20.019785719535392,546.7978301057983,auto,2368.32421875,1541.210693359375,2340.725341796875,1534.0546875,2689.9931640625,1530.3046875,2663.197265625,1582.816162109375
2838,47.3,21.294981346001983,20.084255531199016,20.033409070506917,546.7978301057983,auto,2375.977783203125,1536.5023193359375,2348.174560546875,1527.1651611328125,2705.32177734375,1531.1995849609375,2679.915771484375,1585.6402587890625
2839,47.31666666666667,21.30778315247339,20.089502700201948,20.05510320320895,546.7978301057983,auto,2378.84619140625,1533.0347900390625,2360.037109375,1530.5418701171875,2712.7421875,1538.2127685546875,2693.986328125,1582.0521240234375
2840,47.333333333333336,21.322051460526666,20.07023569570787,20.03298758245903,546.7978301057983,auto,2380.50927734375,1526.83056640625,2360.14208984375,1520.0732421875,2722.2119140625,1541.382568359375,2704.19140625,1575.914306640625
2841,47.35,21.312080633893846,20.05331723690435,19.996900347308184,546.7978301057983,auto,2378.7109375,1521.439697265625,2347.8623046875,1515.625244140625,2712.741943359375,1548.624755859375,2689.75244140625,1596.478515625
2842,47.36666666666667,21.2758960635794,20.02995501167381,19.978465603112053,546.7978301057983,auto,2371.721435546875,1517.7177734375,2343.56787109375,1513.63671875,2709.614990234375,1541.083740234375,2675.600830078125,1589.057373046875
2843,47.38333333333333,21.268427822230908,20.013138352949653,19.955076588386948,546.7978301057983,auto,2366.6103515625,1514.4385986328125,2334.86279296875,1511.3900146484375,2704.8828125,1546.8917236328125,2671.165283203125,1598.3533935546875
2844,47.4,21.239086851549917,19.988475944249362,19.935395239710203,546.7978301057983,auto,2359.169189453125,1510.27880859375,2330.14404296875,1506.659423828125,2700.650146484375,1547.854736328125,2649.127685546875,1601.27001953125
2845,47.416666666666664,21.228577332830472,19.951251048562487,19.925086642200025,546.7978301057983,auto,2348.56005859375,1504.08056640625,2334.25390625,1508.103271484375,2693.017333984375,1548.421630859375,2657.84326171875,1591.993896484375
2846,47.43333333333333,21.208612015511292,19.93312884846966,19.908889713783562,546.7978301057983,auto,2350.568603515625,1509.67578125,2337.314208984375,1509.796630859375,2702.64697265625,1548.66796875,2663.4189453125,1589.2529296875
2847,47.45,21.182952814367248,19.90249774037938,19.870859347293308,546.7978301057983,auto,2348.849609375,1503.4425048828125,2331.5498046875,1506.1746826171875,2711.0517578125,1543.1195068359375,2674.301025390625,1597.0616455078125
2848,47.46666666666667,21.149020570808695,19.889560200468825,19.84907055837713,546.7978301057983,auto,2357.330078125,1502.774658203125,2335.190185546875,1502.868408203125,2705.78125,1549.681640625,2671.773681640625,1597.052490234375
2849,47.483333333333334,21.11898552897258,19.881701948728562,19.80543940155563,546.7978301057983,auto,2369.45556640625,1497.255859375,2327.756103515625,1496.740234375,2717.23779296875,1545.61181640625,2653.1962890625,1612.990234375
2850,47.5,21.100589629543574,19.843530490900243,19.792141096451545,546.7978301057983,auto,2361.642578125,1490.072998046875,2333.54296875,1494.234375,2712.827880859375,1540.177490234375,2658.6650390625,1604.130126953125
2851,47.516666666666666,21.07636612206264,19.83240570678886,19.76737510170559,546.7978301057983,auto,2366.80517578125,1493.868408203125,2331.245849609375,1495.431884765625,2719.5771484375,1543.280517578125,2660.26171875,1606.685302734375
2852,47.53333333333333,21.060621266367033,19.840038926774742,19.769746864958105,546.7978301057983,auto,2379.587890625,1503.33251953125,2341.15234375,1498.3388671875,2715.07421875,1548.970703125,2652.514404296875,1605.31005859375
2853,47.55,19.925353032912962,18.771170908821386,18.714411759799205,577.2403645832471,auto,2374.759765625,1498.97998046875,2341.995849609375,1495.67919921875,2706.81982421875,1544.80322265625,2649.3076171875,1595.71484375
2854,47.56666666666667,19.903367533028675,18.747208566444332,18.691774079528987,577.2403645832471,auto,2367.617919921875,1499.1444091796875,2335.61962890625,1496.7115478515625,2705.752685546875,1536.7327880859375,2639.62890625,1596.5618896484375
2855,47.583333333333336,19.881294060692852,18.722046753526094,18.673238960700758,577.2403645832471,auto,2357.836181640625,1487.95849609375,2329.662109375,1493.801025390625,2706.12109375,1536.48388671875,2642.500732421875,1591.55908203125
2856,47.6,19.816380140787953,18.63351270750441,18.6059194104718,578.3645338264489,auto,2334.871337890625,1479.6170654296875,2318.912353515625,1495.6522216796875,2697.117431640625,1533.5906982421875,2644.117431640625,1589.1832275390625
2857,47.61666666666667,19.807262767333526,18.61808895128427,18.58133073153793,578.4207966740405,auto,2332.1572265625,1472.479736328125,2310.89599609375,1491.70263671875,2693.83203125,1529.13330078125,2641.64599609375,1581.6103515625
2858,47.63333333333333,19.804372143275874,18.582114114505146,18.553962977446055,578.4207966740405,auto,2317.02099609375,1467.661865234375,2300.7373046875,1483.261474609375,2680.255859375,1524.434814453125,2643.34130859375,1576.96044921875
2859,47.65,19.77682183900441,18.55773469630116,18.537343102598406,578.4207966740405,auto,2310.8544921875,1462.8729248046875,2299.05908203125,1478.9674072265625,2670.1904296875,1516.5931396484375,2637.352783203125,1566.8382568359375
2860,47.666666666666664,19.75955997843847,18.543782375522923,18.520100235692773,578.4207966740405,auto,2313.76904296875,1461.3944091796875,2300.070556640625,1481.3372802734375,2674.501953125,1513.9925537109375,2637.74658203125,1570.0482177734375
2861,47.68333333333333,19.728485506017872,18.52610223234895,18.50066929912008,578.4207966740405,auto,2315.51611328125,1458.163818359375,2300.80615234375,1479.608642578125,2678.36083984375,1509.0791015625,2640.268310546875,1571.8671875
2862,47.7,19.727939754845124,18.515784876071624,18.493011055285365,578.4207966740405,auto,2315.864013671875,1459.5379638671875,2302.69140625,1479.1038818359375,2678.35888671875,1506.1741943359375,2644.14111328125,1565.3145751953125
2863,47.71666666666667,39857.32138661878,37357.700051185806,37316.577375874425,0.286181640625,auto,2297.654296875,1451.37353515625,2285.8857421875,1471.40234375,2677.896240234375,1505.962890625,2641.82373046875,1563.68408203125
2864,47.733333333333334,39795.99311499277,37333.89523972018,37312.93294659614,0.286181640625,auto,2289.392822265625,1452.2724609375,2283.393310546875,1472.304931640625,2662.992431640625,1504.1376953125,2628.46435546875,1552.669677734375
2865,47.75,39778.50377870204,37327.04999146903,37289.77307626685,0.286181640625,auto,2287.438720703125,1454.2933349609375,2276.77099609375,1472.4569091796875,2656.739990234375,1502.0589599609375,2624.896728515625,1555.9832763671875
2866,47.766666666666666,39724.39441169982,37272.5405220952,37223.68537792186,0.286181640625,auto,2280.32373046875,1449.7481689453125,2266.343017578125,1468.2381591796875,2652.02294921875,1500.8831787109375,2609.93115234375,1556.5953369140625
2867,47.78333333333333,39676.18591485628,37242.02695785702,37174.280839447194,0.286181640625,auto,2290.38818359375,1451.0931396484375,2271.001220703125,1468.8380126953125,2655.5107421875,1499.6214599609375,2613.383056640625,1552.6737060546875
2868,47.8,39597.981683496444,37161.49121310357,37078.969459136664,0.286181640625,auto,2294.720947265625,1451.10205078125,2271.104736328125,1463.431640625,2661.763916015625,1500.113037109375,2613.74951171875,1549.296630859375
2869,47.81666666666667,39552.72660757083,37083.42603651254,36996.628561678895,0.286181640625,auto,2302.33056640625,1450.982421875,2277.49072265625,1461.125,2676.6630859375,1500.160888671875,2628.943359375,1542.6025390625
2870,47.833333333333336,39497.686512023996,37026.2514929193,36945.71574816584,0.286181640625,auto,2312.720703125,1447.38232421875,2289.6728515625,1462.9306640625,2689.76953125,1500.194091796875,2649.03662109375,1548.99169921875
2871,47.85,39464.536025758855,36983.845760109194,36902.269237331515,0.286181640625,auto,2319.07275390625,1446.4190673828125,2295.7265625,1461.8912353515625,2696.06982421875,1494.0704345703125,2660.13134765625,1542.0748291015625
2872,47.86666666666667,39426.28188823966,36932.91247227435,36860.97253028493,0.286181640625,auto,2313.44384765625,1442.047607421875,2292.85498046875,1460.678466796875,2695.6005859375,1491.021240234375,2654.81494140625,1546.837646484375
2873,47.88333333333333,39413.788713013586,36912.649718478075,36846.35045214127,0.286181640625,auto,2311.219970703125,1438.3349609375,2292.246337890625,1458.102783203125,2692.5595703125,1488.11279296875,2663.404052734375,1527.06103515625
2874,47.9,39394.86361490747,36864.16652448387,36819.39941989422,0.286181640625,auto,2299.76025390625,1433.0489501953125,2286.949462890625,1450.9791259765625,2690.655029296875,1488.5108642578125,2661.96142578125,1514.8599853515625
2875,47.916666666666664,39323.433824769265,36868.7049991469,36791.851219928336,0.286181640625,auto,2305.501953125,1432.601806640625,2283.50830078125,1452.251953125,2678.1396484375,1477.019775390625,2640.52197265625,1513.86328125
2876,47.93333333333333,39313.76184046624,36832.54393448217,36826.88278450776,0.286181640625,auto,2303.9208984375,1429.36962890625,2302.30078125,1450.370849609375,2677.74951171875,1474.15380859375,2657.484375,1497.12890625
2877,47.95,39272.11109827208,36755.08616277086,36708.640163794575,0.286181640625,auto,2293.673828125,1421.205810546875,2280.382080078125,1437.90380859375,2676.50146484375,1470.69140625,2648.717041015625,1490.6611328125
2878,47.96666666666667,39234.56033901598,36753.547176249784,36684.48387647159,0.286181640625,auto,2303.9794921875,1422.2808837890625,2284.21435546875,1440.9434814453125,2684.632080078125,1462.5679931640625,2656.348876953125,1490.5977783203125
2879,47.983333333333334,39213.60657685935,36751.84439515441,36642.71626002389,0.286181640625,auto,2312.4892578125,1419.968505859375,2281.258544921875,1436.693115234375,2686.72705078125,1464.40087890625,2651.53076171875,1492.546875
2880,48.0,39159.164928676444,36692.513222999485,36609.12813513052,0.286181640625,auto,2298.089599609375,1411.994140625,2274.226806640625,1432.71044921875,2689.408447265625,1458.10009765625,2653.670654296875,1481.63623046875
2881,48.016666666666666,39134.95532280714,36663.04043678553,36587.264971847806,0.286181640625,auto,2294.58349609375,1405.0279541015625,2272.897216796875,1430.4088134765625,2684.3740234375,1456.2410888671875,2646.6435546875,1476.2808837890625
2882,48.03333333333333,39131.36037313985,36604.374680088724,36534.45828356936,0.286181640625,auto,2282.822998046875,1403.3345947265625,2262.814208984375,1421.3658447265625,2685.99755859375,1447.7125244140625,2651.6015625,1467.8289794921875
2883,48.05,39116.42392884706,36606.28561678894,36499.40965705511,0.286181640625,auto,2289.64404296875,1400.40283203125,2259.05908203125,1419.63720703125,2680.58837890625,1448.548828125,2636.843017578125,1466.88671875
2884,48.06666666666667,39088.87061030074,36566.2992663368,36448.04640846272,0.286181640625,auto,2286.0859375,1391.8623046875,2252.24462890625,1410.48828125,2677.90380859375,1442.677490234375,2629.81689453125,1451.70849609375
2885,48.083333333333336,39061.42990052425,36546.155946084284,36483.70243985668,0.286181640625,auto,2288.1748046875,1388.7877197265625,2270.301513671875,1408.5982666015625,2687.35400390625,1439.2193603515625,2652.7333984375,1449.9337158203125
2886,48.1,39028.602311375646,36516.86742876642,36452.89882272649,0.286181640625,auto,2291.187744140625,1383.358154296875,2272.88134765625,1408.412841796875,2690.615234375,1430.779052734375,2653.947021484375,1437.571044921875
2887,48.11666666666667,38954.943379452765,36480.348063470396,36408.39788432008,0.286181640625,auto,2295.81591796875,1384.4195556640625,2275.225830078125,1404.3272705078125,2697.277099609375,1427.7452392578125,2653.94482421875,1437.3570556640625
2888,48.13333333333333,38919.523229307735,36402.24193823579,36360.70977648865,0.286181640625,auto,2289.600341796875,1378.3717041015625,2277.714599609375,1407.1680908203125,2687.866943359375,1419.9976806640625,2654.38916015625,1409.6573486328125
2889,48.15,38898.96743678086,36362.60023886709,36358.21873400443,0.286181640625,auto,2291.138671875,1382.0496826171875,2289.884765625,1393.6322021484375,2693.29443359375,1414.5574951171875,2663.23486328125,1410.8758544921875
2890,48.166666666666664,38852.15204691565,36394.59477904794,36306.82818631633,0.286181640625,auto,2308.692626953125,1372.8289794921875,2283.575439453125,1405.2327880859375,2717.49951171875,1400.2926025390625,2660.009765625,1413.3492431640625
2891,48.18333333333333,38901.4205164601,36339.65534891657,36335.8164135813,0.286181640625,auto,2292.8701171875,1379.9891357421875,2291.771240234375,1408.7305908203125,2683.084716796875,1406.5250244140625,2666.847412109375,1402.6903076171875
2892,48.2,10.041202578555467,9.397021657685434,9.379680476768574,1108.0470149134092,auto,2301.21728515625,1382.38818359375,2282.001953125,1393.434814453125,2709.68408203125,1402.803466796875,2664.649169921875,1408.283203125
2893,48.21666666666667,10.042129965098452,9.399486756436422,9.383694965438847,1108.0470149134092,auto,2299.921142578125,1376.1929931640625,2282.4228515625,1396.3216552734375,2720.4423828125,1404.6641845703125,2668.019775390625,1415.4932861328125
2894,48.233333333333334,10.040875051804184,9.41331492926553,9.387975617792637,1108.0470149134092,auto,2316.633544921875,1373.344970703125,2288.556884765625,1398.77099609375,2701.91162109375,1389.7900390625,2647.7060546875,1407.9140625
2895,48.25,10.02788536067841,9.394923195001807,9.381541859879796,1108.0470149134092,auto,2307.648193359375,1377.669677734375,2292.8212890625,1398.298095703125,2716.797119140625,1402.634765625,2668.02294921875,1411.13818359375
2896,48.266666666666666,10.00529449770568,9.385404758637602,9.366876417185317,1108.0470149134092,auto,2320.1328125,1378.6146240234375,2299.602294921875,1393.3077392578125,2707.60791015625,1378.7047119140625,2669.045166015625,1392.0982666015625
2897,48.28333333333333,9.983976174761226,9.372739068916307,9.353194546248474,1108.0470149134092,auto,2340.720458984375,1378.7982177734375,2319.064697265625,1390.3089599609375,2685.56787109375,1388.6185302734375,2656.7568359375,1399.3336181640625
2899,48.31666666666667,9.952205639218505,9.329420488755472,9.323320757452079,1108.0470149134092,auto,2366.9248046875,1391.846923828125,2360.16552734375,1394.934326171875,2736.49560546875,1408.77783203125,2697.841552734375,1424.418701171875
2900,48.333333333333336,9.938181589307735,9.325416576125605,9.342329427406074,1108.0470149134092,auto,2384.027587890625,1400.5179443359375,2402.76806640625,1289.4681396484375,2758.224365234375,1416.6114501953125,2744.581298828125,1443.0999755859375
2901,48.35,9.932786927364653,9.336099258271023,9.427840239424647,1108.0470149134092,auto,2400.842041015625,1407.576171875,2502.495361328125,1336.962646484375,2772.28955078125,1423.107177734375,2770.170654296875,1461.641357421875
2902,48.36666666666667,18.23493022631063,17.176522365205727,17.25321352609727,603.106396484375,auto,2414.667724609375,1416.2705078125,2460.920654296875,1376.94384765625,2748.730224609375,1417.08935546875,2735.7421875,1436.962158203125
2903,48.38333333333333,18.25950968082739,17.223567057886097,17.32518229090838,602.004736328125,auto,2430.357666015625,1425.208251953125,2491.530517578125,1331.7265625,2747.937255859375,1399.341552734375,2744.453369140625,1409.832275390625
2904,48.4,18.195086857233363,17.20118749813968,17.365008793646314,603.68515625,auto,2457.997802734375,1434.215087890625,2556.89453125,1339.265869140625,2746.44384765625,1412.143798828125,2745.86572265625,1444.239501953125
2905,48.416666666666664,18.14365459057809,17.14612973331006,17.296189550874967,604.78486328125,auto,2458.711669921875,1458.02978515625,2549.4658203125,1349.07568359375,2708.2216796875,1366.2626953125,2725.7646484375,1417.815673828125
2907,48.45,18.128277365036908,17.203563871273143,17.10314571134646,604.454833984375,auto,2516.052001953125,1483.9818115234375,2455.35400390625,1496.8865966796875,2709.59912109375,1347.6820068359375,2700.232421875,1388.3336181640625
2908,48.46666666666667,18.103052058303494,17.207294311805214,17.095637977629472,604.454833984375,auto,2530.554931640625,1509.677978515625,2463.0634765625,1522.6435546875,2714.444091796875,1341.546142578125,2715.459716796875,1412.0048828125
2909,48.483333333333334,18.06849903463119,17.2574605781375,17.11842452300162,604.454833984375,auto,2568.763671875,1517.62646484375,2484.722900390625,1526.123046875,2725.484375,1320.659912109375,2714.746826171875,1407.780029296875
2910,48.5,18.055140777840688,17.290514316918614,17.142707122047526,604.454833984375,auto,2593.817626953125,1525.105712890625,2504.4755859375,1527.665771484375,2719.775390625,1318.098388671875,2701.872314453125,1399.223876953125
2911,48.516666666666666,18.024920008948264,17.305978923576458,17.17639094822903,604.454833984375,auto,2606.432373046875,1523.896728515625,2528.1025390625,1512.0908203125,2725.986328125,1306.482177734375,2696.806396484375,1384.307373046875
2913,48.55,18.359428952190747,17.66350728919937,17.63352590467665,592.034033203125,auto,2610.99072265625,1514.5654296875,2593.240966796875,1456.67041015625,2728.523193359375,1318.990478515625,2702.596435546875,1447.62890625
2916,48.6,18.36015094288351,17.709194455898498,17.647076148992596,590.182421875,auto,2611.816650390625,1472.5733642578125,2575.15625,1481.6407470703125,2724.307373046875,1415.9586181640625,2739.933837890625,1454.5762939453125
2917,48.61666666666667,18.35337337741944,18.1562043515412,17.673723100709722,590.182421875,auto,2875.634033203125,1417.46533203125,2590.88232421875,1467.269287109375,2703.233642578125,1408.078125,2717.86279296875,1444.232177734375
2918,48.63333333333333,18.341884940647706,17.719681811833865,17.670337627335826,590.182421875,auto,2625.786376953125,1436.1173095703125,2596.66455078125,1432.2864990234375,2744.74755859375,1406.6925048828125,2746.655029296875,1439.5057373046875
2919,48.65,18.302540602264514,17.683566786487493,17.62871252069176,590.182421875,auto,2612.692138671875,1421.39697265625,2580.318603515625,1420.379638671875,2685.936767578125,1378.949462890625,2696.378173828125,1439.356689453125
2920,48.666666666666664,18.293695308469626,17.68293635376244,17.585912591909146,590.182421875,auto,2620.54052734375,1399.4764404296875,2563.279296875,1416.6566162109375,2686.277587890625,1393.8218994140625,2693.0185546875,1429.9078369140625
2921,48.68333333333333,18.29708409120166,17.66445358856868,17.603248664508524,590.182421875,auto,2609.63232421875,1398.14111328125,2573.510986328125,1400.0654296875,2687.658203125,1390.78857421875,2686.477294921875,1422.111328125
2923,48.71666666666667,18.280361490866888,18.101169725727015,17.547409864667106,590.182421875,auto,2874.24462890625,1419.7781982421875,2547.4248046875,1380.3121337890625,2699.194580078125,1388.8585205078125,2677.100341796875,1431.5003662109375
2924,48.733333333333334,18.274384376402146,18.109873337626674,17.51059491007481,590.182421875,auto,2882.9091796875,1417.8740234375,2529.22509765625,1379.908447265625,2736.341796875,1385.514404296875,2704.77880859375,1441.281982421875
2925,48.75,18.258901751194234,17.565220830159106,17.493493801903146,590.182421875,auto,2562.601806640625,1381.2978515625,2520.269775390625,1382.085205078125,2694.181640625,1391.237548828125,2684.581787109375,1448.574951171875
2926,48.766666666666666,18.248974090453746,17.512620237254502,17.474574201435335,590.182421875,auto,2531.416748046875,1376.4271240234375,2508.963134765625,1383.7159423828125,2688.47119140625,1393.2606201171875,2682.260986328125,1442.4549560546875
2927,48.78333333333333,18.213444614662695,17.446972499895754,17.42893318869232,590.182421875,auto,2493.64111328125,1368.232421875,2482.9951171875,1362.935546875,2631.234619140625,1391.949462890625,2656.30126953125,1423.95458984375
2928,48.8,18.213763140383357,17.47804406344172,17.420497634801738,590.182421875,auto,2515.791748046875,1378.11572265625,2481.828857421875,1366.1884765625,2714.9365234375,1385.385498046875,2673.373046875,1440.802490234375
2929,48.81666666666667,18.210133188177107,17.380671164304996,17.410797906102918,590.182421875,auto,2464.46630859375,1359.8533935546875,2482.24609375,1377.3868408203125,2692.130615234375,1380.4332275390625,2706.684814453125,1421.4703369140625
2930,48.833333333333336,18.213208616060566,17.33805821425711,17.36536372824345,590.182421875,auto,2447.501708984375,1359.8721923828125,2463.61669921875,1370.7249755859375,2671.606689453125,1395.8360595703125,2692.112548828125,1410.7701416015625
2931,48.85,19.861281327817444,18.888549142103557,18.891572598432177,540.371311810998,auto,2433.363525390625,1357.77880859375,2434.9970703125,1365.44677734375,2650.6162109375,1387.51611328125,2671.02294921875,1414.8681640625
2932,48.86666666666667,19.839190714329735,18.85447426519014,18.869448777526635,540.371311810998,auto,2426.887939453125,1361.8668212890625,2434.979736328125,1374.2913818359375,2654.133056640625,1378.2723388671875,2667.26611328125,1409.4862060546875
2933,48.88333333333333,19.831599317891953,18.8136910380724,18.84305091345481,540.371311810998,auto,2417.951171875,1360.5384521484375,2433.8173828125,1376.6148681640625,2639.2255859375,1383.6182861328125,2670.8798828125,1404.9681396484375
2934,48.9,19.831104369235646,18.77032350578435,18.80894712123879,540.371311810998,auto,2405.78466796875,1359.8311767578125,2426.65576171875,1370.0152587890625,2653.446044921875,1386.2125244140625,2676.236328125,1401.2969970703125
2935,48.916666666666664,19.827573991508235,18.737343795957095,18.776487886858423,540.371311810998,auto,2397.87158203125,1360.4215087890625,2419.023681640625,1377.7247314453125,2638.5908203125,1383.8460693359375,2671.998046875,1402.8179931640625
2936,48.93333333333333,19.802142079264055,18.68996607263903,18.733790828149523,540.371311810998,auto,2380.01171875,1365.1336669921875,2403.694091796875,1372.2911376953125,2583.877197265625,1387.7877197265625,2606.296142578125,1410.6900634765625
2937,48.95,19.816889109493335,,,540.371311810998,auto,,,,,2653.94970703125,1372.058349609375,2656.9150390625,1407.2548828125
2938,48.96666666666667,19.81868095465163,18.656948411477106,18.654035194739667,540.371311810998,auto,2376.23291015625,1372.689697265625,2374.65869140625,1343.803955078125,2636.158203125,1384.5224609375,2624.05224609375,1412.404052734375
2939,48.983333333333334,19.806640667827125,18.641438966042426,18.6450063915013,540.371311810998,auto,2377.35791015625,1380.908935546875,2379.285888671875,1395.63232421875,2688.05322265625,1368.535400390625,2680.972412109375,1404.908935546875
2940,49.0,19.800907305482507,18.621089821834257,18.64315581213459,540.371311810998,auto,2375.460205078125,1401.35693359375,2387.38427734375,1419.71484375,2682.744140625,1367.949462890625,2662.7744140625,1407.2861328125
2941,49.016666666666666,19.798800102805178,18.610505013874466,18.621740416142867,540.371311810998,auto,2379.87939453125,1408.6483154296875,2385.950927734375,1424.8704833984375,2699.87109375,1370.4852294921875,2667.453857421875,1407.7449951171875
2942,49.03333333333333,19.799364854809177,18.59506966390271,18.592037171542025,540.371311810998,auto,2381.23291015625,1415.462158203125,2379.594970703125,1431.358154296875,2707.3291015625,1375.98046875,2682.190673828125,1417.630126953125
2943,49.05,19.812430505372145,18.577232536608335,18.58186440664435,540.371311810998,auto,2380.5341796875,1423.851806640625,2383.037353515625,1436.293212890625,2717.71923828125,1387.608642578125,2691.605712890625,1425.09228515625
2944,49.06666666666667,19.805964772628737,18.561835137971247,18.558202653081512,540.371311810998,auto,2381.707763671875,1428.7958984375,2379.74462890625,1438.644287109375,2725.23828125,1387.20458984375,2689.912353515625,1422.08544921875
2945,49.083333333333336,19.80214546777608,,,540.371311810998,auto,,,,,2721.232421875,1400.3505859375,2699.30029296875,1436.461181640625
2949,49.15,19.592496776547552,18.324109441744138,18.30339260064972,546.0061881995172,auto,2380.45263671875,1452.49462890625,2369.140869140625,1461.68408203125,2712.600341796875,1398.96728515625,2689.049072265625,1446.652099609375
2952,49.2,19.557077783730666,18.28101240272047,18.278631835035355,546.0061881995172,auto,2384.260498046875,1460.179931640625,2382.96044921875,1473.450927734375,2735.909423828125,1423.84814453125,2713.51904296875,1464.580322265625
2953,49.21666666666667,19.52774412823733,18.26108431470579,18.25644658968137,546.0061881995172,auto,2383.395751953125,1467.709716796875,2380.863525390625,1479.839599609375,2735.979248046875,1424.779541015625,2726.36767578125,1461.966552734375
2954,49.233333333333334,19.521982072363134,18.227498815088158,18.247203333635788,546.0061881995172,auto,2372.2041015625,1475.1168212890625,2382.96337890625,1484.9908447265625,2751.5546875,1430.7227783203125,2740.6552734375,1467.3175048828125
2955,49.25,19.514214374800062,18.22868641609711,18.216400826743953,546.0061881995172,auto,2377.09375,1479.0546875,2370.3857421875,1478.806640625,2754.138916015625,1429.929443359375,2737.29833984375,1464.417236328125
2956,49.266666666666666,19.42970536518341,18.125134626593784,18.142308891020757,548.433695809772,auto,2367.529541015625,1480.870849609375,2376.947998046875,1482.680419921875,2744.300537109375,1427.273193359375,2727.66845703125,1482.6201171875
2957,49.28333333333333,19.40174532437486,18.101957827653244,18.10832005127145,548.433695809772,auto,2357.15283203125,1481.4638671875,2360.6416015625,1483.010009765625,2736.9267578125,1432.314453125,2716.419189453125,1456.754150390625
2958,49.3,19.382714075913228,18.087347683576176,18.079842289635305,548.433695809772,auto,2351.5771484375,1486.2723388671875,2347.461181640625,1496.2518310546875,2733.185546875,1444.4005126953125,2714.0380859375,1477.8961181640625
2959,49.31666666666667,19.362352244860297,18.06346575153941,18.24632314527035,548.433695809772,auto,2339.64697265625,1478.90576171875,2439.93212890625,1520.501953125,2720.502685546875,1445.061279296875,2703.353515625,1468.829345703125
2960,49.333333333333336,19.35070575203835,18.02721906137088,18.062390245503757,548.433695809772,auto,2321.15478515625,1479.8275146484375,2340.444580078125,1503.2379150390625,2700.07373046875,1455.2310791015625,2685.1796875,1486.7720947265625
2961,49.35,19.288071243720932,17.99326723221127,17.978022942681942,549.3860493720439,auto,2321.6533203125,1484.8935546875,2313.27734375,1489.0458984375,2702.2626953125,1449.18603515625,2676.712890625,1504.16796875
2962,49.36666666666667,19.23984246934525,17.972224566697257,18.004327163350666,549.3860493720439,auto,2313.588134765625,1488.5086669921875,2331.22509765625,1500.9891357421875,2688.9296875,1436.0296630859375,2645.134521484375,1472.6204833984375
2963,49.38333333333333,19.21234662197489,17.940241066055798,17.98070882438423,549.3860493720439,auto,2303.123291015625,1491.56884765625,2325.35546875,1499.818115234375,2679.93896484375,1450.7451171875,2644.6611328125,1477.345703125
2964,49.4,19.19919784455131,17.917202209177347,17.956781191297214,549.3860493720439,auto,2298.689208984375,1488.962158203125,2320.43310546875,1499.62646484375,2692.875244140625,1448.146728515625,2684.97119140625,1493.718017578125
2965,49.416666666666664,19.177073094003372,17.911540704728782,17.95009581665638,549.3860493720439,auto,2308.734130859375,1493.96044921875,2329.916015625,1504.0400390625,2672.63427734375,1446.747802734375,2661.05078125,1471.340087890625
2966,49.43333333333333,19.171972851730516,17.87344597887722,17.89608133135698,549.3860493720439,auto,2302.607666015625,1489.54541015625,2315.043212890625,1500.042724609375,2670.98583984375,1452.761962890625,2665.161376953125,1500.0712890625
2967,49.45,19.108702367468794,17.804147342092485,17.808974152600857,550.5139590398974,auto,2302.82373046875,1489.4267578125,2305.481689453125,1498.0947265625,2674.423095703125,1457.22998046875,2647.9306640625,1489.14794921875
2968,49.46666666666667,19.042837332991155,17.775041331026497,17.799513104396134,551.4564467258222,auto,2319.86572265625,1494.4986572265625,2333.36083984375,1503.2186279296875,2672.296875,1457.3900146484375,2663.43701171875,1501.7967529296875
2969,49.483333333333334,19.021257499353062,17.751272894339795,17.765046281311303,551.405879919804,auto,2318.723388671875,1496.4798583984375,2326.317626953125,1505.9241943359375,2680.09619140625,1456.0311279296875,2646.88525390625,1514.9998779296875
2970,49.5,18.983808843620718,17.714143942554674,17.71755195109141,552.1805233805082,auto,2322.91552734375,1495.27294921875,2324.7978515625,1503.79248046875,2685.69873046875,1448.6142578125,2658.27685546875,1516.873046875
2971,49.516666666666666,18.97573116996861,17.698208867546565,17.67113466764124,552.1573602276727,auto,2323.606689453125,1495.9970703125,2308.656982421875,1498.18017578125,2676.35986328125,1460.6953125,2648.103515625,1507.36962890625
2972,49.53333333333333,18.925754690691026,17.6278839383452,17.612585425561008,553.1200438806216,auto,2314.121337890625,1493.25732421875,2305.65966796875,1495.577392578125,2677.9453125,1463.060546875,2652.009033203125,1509.245361328125
2973,49.55,18.903502877882143,17.590790369144937,17.59148194795247,553.5341682375075,auto,2312.36865234375,1490.29443359375,2312.751953125,1501.88427734375,2681.99609375,1457.9453125,2644.598876953125,1504.50439453125
2974,49.56666666666667,18.86079471702307,17.52915891882475,17.54348392318931,554.4419122236247,auto,2306.685546875,1491.61279296875,2314.627685546875,1504.4970703125,2678.78125,1465.37109375,2648.37646484375,1499.3994140625
2975,49.583333333333336,18.83512321311434,17.534945469375398,17.52034387616196,554.3059501582368,auto,2316.30419921875,1490.573974609375,2308.2099609375,1503.229248046875,2674.22412109375,1459.90771484375,2628.99169921875,1506.501953125
2976,49.6,18.79678719324822,17.49501020698003,17.508013321024798,554.5546609200715,auto,2305.09326171875,1490.6922607421875,2312.303955078125,1507.6097412109375,2666.5810546875,1459.3770751953125,2637.588623046875,1499.9617919921875
2977,49.61666666666667,18.754411227365434,17.46445325672648,17.46859474111526,555.309273585603,auto,2306.674072265625,1488.5361328125,2308.974365234375,1505.11572265625,2662.107421875,1457.34423828125,2635.88671875,1496.3408203125
2978,49.63333333333333,18.737664159451487,17.43923245364007,17.439446959987926,555.4177123046628,auto,2297.827880859375,1484.5572509765625,2297.94775390625,1503.5308837890625,2660.410400390625,1458.7967529296875,2639.72705078125,1499.2677001953125
2979,49.65,18.727280601660123,17.42775988052738,17.4152077426804,555.4177123046628,auto,2293.22314453125,1483.975830078125,2286.251708984375,1499.068115234375,2645.85986328125,1458.763427734375,2638.768798828125,1503.270751953125
2980,49.666666666666664,18.701851269727978,17.401632304059238,17.388058623686824,555.4177123046628,auto,2281.835205078125,1478.1826171875,2274.29638671875,1494.10205078125,2640.5732421875,1457.99462890625,2616.368408203125,1501.91259765625
2981,49.68333333333333,18.678159527125892,17.387355324185663,17.3815935430224,555.4177123046628,auto,2278.064697265625,1476.102783203125,2274.8642578125,1489.500244140625,2626.885986328125,1456.190673828125,2611.858154296875,1498.970458984375
2982,49.7,18.643933676682973,17.38561465792029,17.351260235537314,555.4177123046628,auto,2286.107177734375,1473.6669921875,2267.02685546875,1487.6884765625,2629.660400390625,1453.36572265625,2614.64501953125,1489.074462890625
2983,49.71666666666667,18.63336572255365,17.365039631013815,17.320925169803477,555.4177123046628,auto,2282.549072265625,1471.9403076171875,2258.047119140625,1482.9390869140625,2625.1005859375,1446.9879150390625,2609.945068359375,1482.7574462890625
2984,49.733333333333334,18.58502178955414,17.294402685105695,17.27603521418695,556.3504112900906,auto,2268.9638671875,1467.9774169921875,2258.744873046875,1481.8221435546875,2612.5185546875,1446.7618408203125,2601.41455078125,1485.6234130859375
2985,49.75,18.55788922249313,17.289759913643532,17.274557250643987,556.3504112900906,auto,2275.475830078125,1468.4517822265625,2267.01806640625,1487.4180908203125,2618.052490234375,1444.0079345703125,2601.341796875,1490.5216064453125
2986,49.766666666666666,18.535134595837814,17.264462513903386,17.234680319801868,556.3504112900906,auto,2269.06103515625,1464.7391357421875,2252.4912109375,1479.6649169921875,2619.134765625,1444.1151123046875,2597.364990234375,1489.2991943359375
2987,49.78333333333333,18.528490122861033,17.250548241925856,17.2422561994354,556.3504112900906,auto,2267.016845703125,1462.7083740234375,2262.40283203125,1481.0535888671875,2609.97607421875,1439.1395263671875,2590.984130859375,1479.8875732421875
2988,49.8,18.511852940021246,17.240174412307187,17.22251783834201,556.3504112900906,auto,2266.5009765625,1464.6011962890625,2256.677734375,1481.1475830078125,2610.21923828125,1437.0318603515625,2591.358642578125,1479.0367431640625
2989,49.81666666666667,18.43416517800321,17.176253695242856,17.16560061983791,557.5341297446178,auto,2257.6708984375,1458.7593994140625,2251.7314453125,1473.9508056640625,2604.929443359375,1433.9349365234375,2578.69384765625,1480.6761474609375
2990,49.833333333333336,18.418896047255398,17.157970761820163,17.144352270982697,557.5341297446178,auto,2251.991455078125,1455.8511962890625,2244.398193359375,1468.1197509765625,2600.3642578125,1438.3988037109375,2573.4560546875,1481.5167236328125
2991,49.85,18.390391801513474,17.136985149122587,17.118868615266397,557.5341297446178,auto,2244.182861328125,1453.664794921875,2234.08251953125,1465.983154296875,2600.70263671875,1435.319580078125,2574.0048828125,1476.106201171875
2992,49.86666666666667,18.364766487218848,17.127577443104837,17.118521803538318,557.5341297446178,auto,2241.224609375,1451.223388671875,2236.176513671875,1457.95849609375,2581.45654296875,1430.114013671875,2543.6689453125,1466.799560546875
2993,49.88333333333333,18.349420725091726,17.12522858185557,17.09697743861217,557.5341297446178,auto,2240.47119140625,1449.02294921875,2224.7197265625,1455.2705078125,2571.42529296875,1428.771484375,2543.977783203125,1471.50830078125
2994,49.9,18.320522813006942,17.103193776101836,17.087871003388507,557.5341297446178,auto,2227.297119140625,1445.4207763671875,2218.754150390625,1454.2200927734375,2559.48486328125,1426.0792236328125,2526.043212890625,1476.9725341796875
2995,49.916666666666664,18.307498762726134,17.104617806076224,17.062399608692896,557.5341297446178,auto,2227.3525390625,1445.9857177734375,2203.815185546875,1449.4805908203125,2553.03662109375,1423.1505126953125,2512.1650390625,1462.4425048828125
2996,49.93333333333333,18.304544075686717,17.078545621366818,17.05104415195987,557.5341297446178,auto,2213.4638671875,1445.7174072265625,2198.130615234375,1449.1080322265625,2551.953125,1427.9849853515625,2527.128662109375,1468.4166259765625
2997,49.95,18.264893467403887,17.073138511242668,17.01927409577853,557.5341297446178,auto,2214.55615234375,1441.5498046875,2184.525390625,1439.6279296875,2546.923828125,1424.18115234375,2515.62939453125,1454.189453125
2998,49.96666666666667,18.253922262301405,17.037085855691863,16.990709420720354,557.5341297446178,auto,2201.572021484375,1436.3330078125,2175.71630859375,1440.299560546875,2540.701171875,1422.654296875,2514.25927734375,1462.21240234375
2999,49.983333333333334,18.24699325298415,17.023570707743072,16.983422871281917,557.5341297446178,auto,2201.900634765625,1438.88623046875,2179.516357421875,1439.166015625,2542.605712890625,1426.7607421875,2516.747314453125,1455.629638671875
3000,50.0,18.237963887033395,16.983720638927235,16.9639751408937,557.5341297446178,auto,2188.717041015625,1432.00439453125,2177.707763671875,1434.769775390625,2547.054443359375,1423.12548828125,2523.773681640625,1457.9921875
3001,50.016666666666666,18.17064711015354,16.94381785806625,16.90539714890084,558.2977456286,auto,2192.06396484375,1430.64501953125,2170.61376953125,1433.79638671875,2525.383544921875,1422.52734375,2509.7998046875,1450.2666015625
3002,50.03333333333333,18.18499655461896,16.942928295951727,16.898941063663155,558.1342578895868,auto,2196.759521484375,1431.951171875,2172.208740234375,1438.51220703125,2536.06884765625,1422.89453125,2505.892822265625,1455.724609375
3003,50.05,18.177173248637644,16.90733433149483,16.866731001642457,558.1342578895868,auto,2187.259765625,1428.4921875,2164.59765625,1435.1494140625,2539.340087890625,1420.83251953125,2504.8701171875,1450.23095703125
3004,50.06666666666667,18.153449844206907,16.89994363661866,16.830638375244337,558.1342578895868,auto,2191.375,1427.361328125,2152.693359375,1422.900390625,2544.91650390625,1426.638671875,2486.146240234375,1444.805419921875
3005,50.083333333333336,18.145377207254985,16.86067182163389,16.8246054406011,558.1342578895868,auto,2177.9619140625,1422.7471923828125,2157.832275390625,1413.8348388671875,2538.172119140625,1425.3585205078125,2501.37158203125,1438.5960693359375
3006,50.1,18.110522268543427,16.827606160703525,16.787016828379326,558.1342578895868,auto,2170.96044921875,1420.9552001953125,2148.306396484375,1411.9593505859375,2552.87841796875,1426.6925048828125,2520.84521484375,1440.0657958984375
3007,50.11666666666667,18.086909969492577,16.8274679351128,16.78438879246455,558.1342578895868,auto,2179.062255859375,1423.119873046875,2155.01806640625,1416.998046875,2552.208251953125,1425.126220703125,2523.94189453125,1439.744140625
3008,50.13333333333333,18.077487883340073,16.7819952151467,16.740966710376025,558.1342578895868,auto,2162.94091796875,1426.178466796875,2140.041748046875,1414.36376953125,2548.36572265625,1429.4248046875,2492.3564453125,1438.0205078125
3009,50.15,18.048636571947135,16.790964131324554,16.755518890604506,558.1342578895868,auto,2176.0498046875,1431.51416015625,2156.266357421875,1419.38916015625,2552.103759765625,1422.973876953125,2509.996337890625,1439.203369140625
3010,50.166666666666664,17.92609180066453,16.65429982573979,16.611169977237445,561.4405009719255,auto,2163.964599609375,1430.622802734375,2139.749755859375,1422.031494140625,2556.705322265625,1424.74365234375,2503.34423828125,1447.12060546875
3011,50.18333333333333,17.902564847492943,16.65937535800023,16.590812187800783,561.4405009719255,auto,2180.023193359375,1429.084228515625,2141.52880859375,1428.2666015625,2569.63818359375,1415.393310546875,2498.255615234375,1442.43994140625
3012,50.2,17.891229260192983,16.711459572532984,16.579627927199475,561.4405009719255,auto,2222.629638671875,1414.6514892578125,2148.6142578125,1427.7410888671875,2582.32861328125,1427.6370849609375,2504.958740234375,1453.4017333984375
3013,50.21666666666667,17.8714802563256,17.24042291735472,16.580504578419234,561.4405009719255,auto,2532.69873046875,1398.1796875,2162.194091796875,1431.3037109375,2590.528076171875,1425.7236328125,2501.468505859375,1453.54541015625
3014,50.233333333333334,17.857879334437673,17.329696972621008,16.546363883694116,561.4405009719255,auto,2599.45703125,1413.274169921875,2159.66162109375,1431.796875,2579.693115234375,1417.2158203125,2511.9765625,1440.396484375
3015,50.25,17.842068955780103,17.315574886801095,16.552467393872966,561.4405009719255,auto,2603.40478515625,1423.755859375,2174.96533203125,1428.72509765625,2584.432861328125,1426.80224609375,2513.26953125,1426.931640625
3016,50.266666666666666,17.83309676102945,16.601577256052963,16.584364278928458,561.4405009719255,auto,2214.574951171875,1437.392333984375,2204.910888671875,1425.427490234375,2598.593017578125,1426.797607421875,2549.498779296875,1427.43310546875
3017,50.28333333333333,17.810183376742323,17.320742606590596,16.535896250677215,561.4405009719255,auto,2626.208251953125,1429.506103515625,2185.56298828125,1433.8349609375,2595.67138671875,1421.531005859375,2514.4404296875,1433.265380859375
3018,50.3,17.575631157139853,16.373702441159022,16.336469089460586,568.1545149718439,auto,2212.119140625,1431.4019775390625,2190.96484375,1433.4449462890625,2607.684814453125,1417.7432861328125,2550.40966796875,1430.9974365234375
3019,50.31666666666667,17.567990731395764,16.33827558251917,16.31961937352024,568.1545149718439,auto,2204.331298828125,1443.84033203125,2193.731689453125,1440.6748046875,2580.557373046875,1406.27734375,2552.941650390625,1429.82080078125
3020,50.333333333333336,17.548403989400075,16.33025894729059,16.319249824512063,568.1545149718439,auto,2211.905517578125,1446.91259765625,2205.65087890625,1441.97265625,2589.60595703125,1414.394775390625,2558.9462890625,1430.506103515625
3021,50.35,17.53838835186214,16.30770270713093,16.30030828930217,568.1545149718439,auto,2212.7802734375,1451.129638671875,2208.578857421875,1445.78271484375,2594.219970703125,1418.3955078125,2562.73828125,1438.895263671875
3022,50.36666666666667,17.374839839563773,16.184783645941863,16.18448184292349,572.7297342193212,auto,2230.41943359375,1462.9267578125,2230.24658203125,1459.9326171875,2589.79296875,1415.3486328125,2572.148193359375,1439.044921875
3023,50.38333333333333,17.32954288369689,16.14861699879915,16.158565857513903,574.1275684244008,auto,2244.997802734375,1474.084228515625,2250.710205078125,1462.317626953125,2593.677978515625,1411.685546875,2580.24365234375,1430.614501953125
3024,50.4,17.264942044773804,16.091426977596758,16.129309339771428,575.898782378157,auto,2253.174072265625,1490.7601318359375,2274.990966796875,1472.4383544921875,2571.604248046875,1402.9573974609375,2595.3310546875,1426.1392822265625
3025,50.416666666666664,17.21983529419138,16.132078774855934,16.237148722086367,576.7549234805972,auto,2300.631103515625,1483.7154541015625,2361.230224609375,1290.0030517578125,2587.298828125,1388.6370849609375,2608.3291015625,1429.2547607421875
3026,50.43333333333333,17.157605905097082,16.115948367241003,,578.1298820157525,auto,2324.786865234375,1493.0810546875,,,2581.0908203125,1381.01318359375,2611.963134765625,1449.728515625
3027,50.45,17.10612412148058,16.091854055915544,16.274395329501427,578.9412004555652,auto,2332.79736328125,1512.5982666015625,2438.477783203125,1300.9134521484375,2570.93505859375,1366.4898681640625,2587.3525390625,1427.5125732421875
3028,50.46666666666667,17.090050530492103,16.111884897870432,16.0597692858251,578.9412004555652,auto,2354.69921875,1524.5540771484375,2324.528076171875,1537.7740478515625,2570.50244140625,1361.9893798828125,2560.955078125,1433.5758056640625
3029,50.483333333333334,17.06764845855169,16.151094743869713,16.058725151831833,578.9412004555652,auto,2386.369140625,1528.9044189453125,2332.892333984375,1549.5933837890625,2561.774169921875,1343.3165283203125,2543.55859375,1412.2237548828125
3030,50.5,17.042307967521978,16.168556577631144,16.087291240969186,578.9412004555652,auto,2402.149169921875,1541.6307373046875,2355.1015625,1555.3741455078125,2563.0341796875,1342.9063720703125,2558.39892578125,1421.1658935546875
3031,50.516666666666666,17.03450753596281,16.220623272251913,16.098172837722956,578.9412004555652,auto,2434.808837890625,1541.87353515625,2363.917236328125,1556.67431640625,2582.954345703125,1353.545166015625,2562.733642578125,1423.055908203125
3032,50.53333333333333,17.016563907739616,16.237791601465965,16.125824677063292,578.9412004555652,auto,2445.13623046875,1531.1378173828125,2380.31396484375,1546.7481689453125,2598.49658203125,1373.7169189453125,2548.865966796875,1435.4993896484375
3033,50.55,17.002694334910974,16.287696076944922,16.186932022313265,578.2381942944851,auto,2462.56005859375,1521.227294921875,2404.29443359375,1520.142333984375,2565.03369140625,1326.8564453125,2535.104248046875,1424.39013671875
3034,50.56666666666667,16.990213459353942,16.298749655946736,16.183260443894632,578.2381942944851,auto,2470.16943359375,1527.089599609375,2403.389404296875,1521.668212890625,2606.14306640625,1372.93603515625,2558.5419921875,1413.791748046875
3035,50.583333333333336,16.996235678647263,16.32171139342115,16.238254277322355,577.1466165986405,auto,2470.700439453125,1502.337646484375,2422.533935546875,1505.951171875,2587.196533203125,1369.873779296875,2568.5205078125,1428.26025390625
3036,50.6,16.979252334032722,16.333159822095897,16.235817721411678,577.1466165986405,auto,2488.109619140625,1490.14306640625,2431.929443359375,1503.0146484375,2603.829345703125,1346.74267578125,2594.986083984375,1426.890380859375
3037,50.61666666666667,16.940897729098523,16.306535372613613,16.21923560479736,577.1466165986405,auto,2488.87939453125,1477.295654296875,2438.495361328125,1493.431640625,2593.02783203125,1366.258056640625,2592.4501953125,1430.03857421875
3038,50.63333333333333,16.911058167949733,16.294821291662497,16.173787068852388,577.1466165986405,auto,2499.340576171875,1467.5272216796875,2429.48583984375,1477.5072021484375,2622.599365234375,1394.3309326171875,2598.2724609375,1432.6781005859375
3039,50.65,16.84075189706431,16.254102043058044,16.1871119839889,577.1466165986405,auto,2494.4169921875,1450.3543701171875,2455.754150390625,1447.8660888671875,2601.27587890625,1395.4969482421875,2602.434814453125,1442.5555419921875
3040,50.666666666666664,16.818149033874185,16.217802436147117,16.15132337699813,577.1466165986405,auto,2490.511962890625,1442.8814697265625,2452.14453125,1438.4986572265625,2621.495849609375,1349.2376708984375,2604.91650390625,1406.3739013671875
3041,50.68333333333333,16.784636449292684,16.17753496561777,16.112126975837846,577.1466165986405,auto,2483.61328125,1440.46435546875,2445.86328125,1410.523193359375,2591.9091796875,1362.232421875,2552.344482421875,1394.694580078125
3042,50.7,16.753372179757235,16.14296125247691,16.07609640530873,577.1466165986405,auto,2481.703857421875,1414.551025390625,2443.11279296875,1413.1162109375,2569.461181640625,1381.840576171875,2547.09814453125,1426.334228515625
3043,50.71666666666667,16.27502421671903,15.671845323219566,15.581539810607284,593.6121036448136,auto,2486.94580078125,1413.4229736328125,2433.339599609375,1389.5426025390625,2578.5048828125,1377.1202392578125,2568.544677734375,1434.1759033203125
3044,50.733333333333334,16.1562753880547,15.68177897146525,15.443738521078652,597.1444391873121,auto,2565.65771484375,1411.5712890625,2423.51220703125,1393.8662109375,2603.5126953125,1365.552734375,2579.1416015625,1429.36279296875
3045,50.75,16.047718077333297,15.371877315708323,15.321188058498143,600.0678222878113,auto,2440.44970703125,1379.2381591796875,2410.032958984375,1378.1021728515625,2564.51953125,1376.0145263671875,2556.39453125,1439.4915771484375
3046,50.766666666666666,15.966237324817305,15.24498671983923,16.153931589401562,601.9546102405051,auto,2404.83984375,1372.353271484375,2951.9833984375,1403.142578125,2518.1552734375,1394.11474609375,2559.3271484375,1415.248291015625
3047,50.78333333333333,15.979245429567625,15.274174167328995,15.251340536687483,601.4121052669569,auto,2419.961181640625,1364.0426025390625,2406.22900390625,1358.2059326171875,2542.27880859375,1379.5118408203125,2547.21044921875,1427.2052001953125
3048,50.8,15.96342491588961,15.216096335786187,15.20702263872853,601.4121052669569,auto,2388.547119140625,1362.9033203125,2383.09033203125,1357.75146484375,2539.873046875,1383.118408203125,2544.559326171875,1412.714111328125
3049,50.81666666666667,16.01334689055631,15.256809485758627,16.151115542858395,599.3288250508906,auto,2383.5859375,1369.4442138671875,2919.569091796875,1410.3970947265625,2545.14306640625,1360.6915283203125,2552.02880859375,1405.2257080078125
3050,50.833333333333336,16.03509451606222,15.273662179209252,16.205359728019086,597.7978557381389,auto,2370.81689453125,1363.5335693359375,2927.784423828125,1409.5350341796875,2520.962158203125,1365.4473876953125,2556.7431640625,1411.1065673828125
3051,50.85,16.071500075711626,15.289693652455107,15.32348176013228,596.2018187721349,auto,2358.885498046875,1362.0738525390625,2379.0302734375,1352.0916748046875,2538.00537109375,1360.0511474609375,2559.305908203125,1393.3758544921875
3052,50.86666666666667,16.04813234104005,15.22007737900085,15.23632626942592,597.3965603844314,auto,2341.32275390625,1358.4312744140625,2351.030029296875,1362.2159423828125,2559.298095703125,1356.9852294921875,2541.619873046875,1388.9923095703125
3053,50.88333333333333,16.038597651851468,15.164330779614916,15.186116296252186,597.6232497386301,auto,2318.517578125,1354.8056640625,2331.537353515625,1356.0966796875,2554.87353515625,1340.402587890625,2530.120849609375,1376.6064453125
3054,50.9,15.988187667124569,15.063268499706123,15.090835724401007,598.749404689358,auto,2283.205078125,1353.0172119140625,2299.710693359375,1364.2127685546875,2522.8818359375,1361.6922607421875,2533.762451171875,1389.3680419921875
3055,50.916666666666664,15.967943801991117,15.000657529312841,15.00783394563384,598.749404689358,auto,2253.837646484375,1361.42236328125,2258.135009765625,1368.8203125,2522.490234375,1347.409423828125,2516.3046875,1392.228515625
3056,50.93333333333333,15.978659112881596,14.9865134648372,15.01487176719156,598.4730494592013,auto,2241.227294921875,1366.6566162109375,2258.19873046875,1363.5465087890625,2481.76318359375,1363.9093017578125,2498.12939453125,1385.9781494140625
3057,50.95,15.975160422218408,14.97001803480669,14.978663082615736,598.4730494592013,auto,2234.44970703125,1364.1737060546875,2239.62353515625,1373.2855224609375,2514.318603515625,1340.4156494140625,2506.92529296875,1393.7320556640625
3058,50.96666666666667,15.97500356959088,14.964884527746053,14.93911256000425,598.4730494592013,auto,2234.471435546875,1346.5093994140625,2219.0478515625,1373.5042724609375,2562.067138671875,1339.5482177734375,2504.198974609375,1386.5020751953125
3059,50.983333333333334,15.96664897450173,14.908040646002771,14.933987211727882,598.4730494592013,auto,2200.4521484375,1364.0712890625,2215.97998046875,1392.307861328125,2508.933349609375,1333.0185546875,2500.980224609375,1391.677734375
3060,51.0,16.000067354858327,,,598.4730494592013,auto,,,,,2514.755859375,1356.9852294921875,2512.778076171875,1411.6558837890625
3062,51.03333333333333,16.010092868965305,14.872624995257674,14.86689916045927,598.4730494592013,auto,2179.255859375,1368.885986328125,2175.82958984375,1416.047607421875,2532.115234375,1346.690673828125,2503.575927734375,1411.247314453125
3063,51.05,16.021789302090117,14.881023647781864,14.8759994684304,598.4730494592013,auto,2184.282470703125,1388.0782470703125,2181.276123046875,1425.5162353515625,2523.80322265625,1357.4075927734375,2498.91162109375,1411.8944091796875
3064,51.06666666666667,16.028472978161435,14.862191541937358,14.875240701493594,598.4730494592013,auto,2173.01171875,1405.6884765625,2180.822021484375,1447.826171875,2530.1259765625,1363.720458984375,2490.54638671875,1404.21826171875
3065,51.083333333333336,16.03703358255332,14.851705872397734,14.859476298533384,598.4730494592013,auto,2164.613525390625,1416.7197265625,2169.263671875,1444.674560546875,2524.5380859375,1382.21240234375,2496.635986328125,1432.8974609375
3066,51.1,16.039700893099727,14.854494544860108,14.844160628707847,598.4730494592013,auto,2164.686279296875,1429.592041015625,2158.50146484375,1445.677978515625,2533.79833984375,1386.27783203125,2504.95654296875,1434.02294921875
3067,51.11666666666667,16.044232281881477,14.843021662424208,14.844072513837766,598.4730494592013,auto,2156.1083984375,1440.93896484375,2156.73681640625,1455.572509765625,2519.98291015625,1400.6201171875,2505.045166015625,1447.01318359375
3068,51.13333333333333,16.042582167763527,14.832283070572316,14.83803827699408,598.4730494592013,auto,2150.66845703125,1443.7392578125,2154.113037109375,1455.43408203125,2511.39697265625,1406.2939453125,2500.9248046875,1454.8779296875
3070,51.166666666666664,16.034679569322755,14.825158820150593,14.825467222195876,598.4730494592013,auto,2162.134521484375,1457.940185546875,2162.319091796875,1467.159423828125,2524.265869140625,1416.8408203125,2504.653076171875,1464.31640625
3071,51.18333333333333,16.043034164411907,14.837024955988149,14.833098948998991,598.4730494592013,auto,2169.235595703125,1465.4976806640625,2166.886474609375,1469.9254150390625,2531.341796875,1424.7208251953125,2508.795166015625,1465.9454345703125
3072,51.2,12.788083917679371,,12.847603317953025,598.4730494592013,auto,,,978.6204833984375,992.104736328125,,,,
3073,51.21666666666667,16.084807139857652,14.84923865603547,14.8427736353825,598.4730494592013,auto,2176.54541015625,1473.298095703125,2172.67578125,1486.54296875,2546.3681640625,1430.35400390625,2539.653076171875,1481.197509765625
3074,51.233333333333334,16.066427030661522,14.840933013651922,14.838456006748537,598.4730494592013,auto,2171.57470703125,1488.16748046875,2170.0927734375,1492.887451171875,2535.03515625,1432.53662109375,2531.308837890625,1503.768798828125
3075,51.25,16.046376002447566,14.83406331729932,14.836690445833213,598.4730494592013,auto,2167.4638671875,1494.6072998046875,2169.03564453125,1503.9095458984375,2548.1318359375,1440.2064208984375,2545.9521484375,1502.5704345703125
3076,51.266666666666666,16.044705083429736,14.820413671221052,14.823636391006417,598.4730494592013,auto,2159.294677734375,1496.260986328125,2161.222900390625,1501.133056640625,2532.717529296875,1445.019775390625,2523.6552734375,1516.637939453125
3077,51.28333333333333,16.029666812269266,14.79870967331465,14.811708248408433,598.4730494592013,auto,2146.3056640625,1495.8953857421875,2154.084228515625,1501.7056884765625,2513.567138671875,1442.3233642578125,2495.326904296875,1509.4088134765625
3078,51.3,16.01597106905989,14.77748378016628,14.783167189286496,598.4730494592013,auto,2132.79931640625,1502.6151123046875,2136.199951171875,1505.3587646484375,2503.83203125,1446.7154541015625,2483.3486328125,1489.8489990234375
3079,51.31666666666667,15.998933487814856,14.77880387146064,14.784288206244748,598.4730494592013,auto,2132.784912109375,1509.640625,2136.06689453125,1506.57080078125,2510.088623046875,1447.994384765625,2483.00634765625,1482.9560546875
3080,51.333333333333336,15.998933487814856,14.773306482621706,14.7948848352504,598.4730494592013,auto,2129.494873046875,1514.8905029296875,2142.40869140625,1519.0208740234375,2504.78955078125,1458.0159912109375,2480.11962890625,1494.4913330078125
3081,51.35,15.974886287067045,14.726323307543215,14.813167039035328,598.4730494592013,auto,2119.768798828125,1512.2076416015625,2171.742431640625,1530.8082275390625,2508.73681640625,1458.2467041015625,2516.600830078125,1520.4464111328125
3082,51.36666666666667,15.974788032076756,14.744633334658667,14.78657445608503,596.84208984375,auto,2125.7919921875,1517.470458984375,2150.82470703125,1521.1962890625,2515.646240234375,1460.6650390625,2488.694580078125,1503.893798828125
3083,51.38333333333333,15.895629875265247,14.661811416873451,14.67151452113272,598.63251953125,auto,2115.3955078125,1516.516357421875,2121.20458984375,1521.380859375,2506.5556640625,1451.47900390625,2474.25927734375,1511.946044921875
3084,51.4,15.85979194131329,14.637465144911904,14.687773900669645,599.598193359375,auto,2125.09521484375,1520.0933837890625,2155.260498046875,1528.6895751953125,2512.505615234375,1456.1756591796875,2490.39208984375,1503.5096435546875
3085,51.416666666666664,15.86335122833835,14.629692576370319,14.670364543602927,598.298681640625,auto,2107.903564453125,1518.010498046875,2132.2373046875,1524.982421875,2507.5966796875,1469.96826171875,2480.25830078125,1517.67822265625
3086,51.43333333333333,15.887835770906388,14.66227867882614,14.725415340074392,597.1978463787476,auto,2116.099853515625,1526.2734375,2153.805419921875,1535.260498046875,2505.40966796875,1473.83642578125,2491.66552734375,1514.24951171875
3087,51.45,15.891889636946775,14.658758071131215,14.7203155790661,596.2571064658075,auto,2104.736328125,1519.04248046875,2141.4404296875,1532.07861328125,2479.768798828125,1476.529296875,2455.007080078125,1495.3818359375
3088,51.46666666666667,15.883739913794496,14.643265229760402,14.665053699700158,595.5701587068568,auto,2091.2099609375,1513.9857177734375,2104.18701171875,1518.5775146484375,2472.540771484375,1469.4544677734375,2447.530029296875,1501.0296630859375
3089,51.483333333333334,15.915085320645543,14.666661361375564,14.694676705418571,594.087106763696,auto,2087.32763671875,1508.7059326171875,2103.9716796875,1516.7010498046875,2471.83642578125,1463.1558837890625,2462.06787109375,1504.9522705078125
3090,51.5,15.936613566926653,14.703231676301723,14.720703921846138,592.5133684839195,auto,2089.2041015625,1509.6864013671875,2099.55712890625,1517.4232177734375,2468.3349609375,1455.1107177734375,2450.8369140625,1510.4525146484375
3091,51.516666666666666,15.981447063851006,14.738201023651122,14.750762652093346,590.3705605614331,auto,2079.02392578125,1505.370361328125,2086.43994140625,1509.310546875,2449.59033203125,1450.338134765625,2444.25537109375,1473.6396484375
3092,51.53333333333333,16.08086470718763,14.821378495352645,14.837560667039353,586.9451306589156,auto,2076.75,1494.0655517578125,2086.24853515625,1500.3809814453125,2460.54443359375,1456.0809326171875,2439.96044921875,1495.4986572265625
3093,51.55,16.19032584015748,14.898657026759032,14.923957157256332,583.4641347630907,auto,2068.35693359375,1490.09912109375,2083.11962890625,1499.7255859375,2446.1982421875,1452.2099609375,2433.47265625,1489.779296875
3094,51.56666666666667,16.237352055575066,14.949710721185262,14.97015635286229,580.9041908127622,auto,2060.00390625,1482.86865234375,2071.881103515625,1499.267333984375,2427.25537109375,1451.59228515625,2410.789794921875,1476.73583984375
3095,51.583333333333336,16.282841548626248,14.986855116302433,15.032808541348853,578.4771817475512,auto,2046.301513671875,1477.477783203125,2072.88427734375,1492.523681640625,2423.6767578125,1453.304443359375,2415.889404296875,1475.721923828125
3096,51.6,16.317447403472343,15.031717823471752,15.060175355172953,576.9287695920203,auto,2051.22509765625,1472.458740234375,2067.643798828125,1488.345703125,2412.44482421875,1445.255859375,2402.48779296875,1474.61376953125
3097,51.61666666666667,16.316400841051557,15.019276913221123,15.044597513271151,576.3973418348709,auto,2041.341064453125,1466.7152099609375,2055.9365234375,1482.7098388671875,2400.83740234375,1448.1195068359375,2395.433349609375,1466.3853759765625
3098,51.63333333333333,16.30518972453625,15.006291957027278,15.04226642853014,576.3635748853155,auto,2040.362548828125,1461.3519287109375,2061.09765625,1477.0211181640625,2414.112060546875,1441.4962158203125,2410.56396484375,1462.7598876953125
3099,51.65,16.250932398766285,14.969599647771163,15.012968990610567,577.5248910906718,auto,2046.998046875,1454.7294921875,2072.04541015625,1479.09814453125,2405.37744140625,1438.8349609375,2412.425537109375,1459.85107421875
3100,51.666666666666664,16.194352092127804,14.924623678807468,14.95237045564462,578.3681346732773,auto,2043.62939453125,1449.5638427734375,2059.677490234375,1464.6341552734375,2405.154541015625,1436.3431396484375,2408.75732421875,1453.9730224609375
3101,51.68333333333333,16.12531234243627,14.856292089757806,14.899784893038477,579.8373086521236,auto,2037.1748046875,1441.7008056640625,2062.39404296875,1466.4483642578125,2403.96142578125,1431.9976806640625,2403.542724609375,1452.9754638671875
3102,51.7,16.134425365649232,14.85922525511415,14.912428405692303,579.2948756808433,auto,2037.28369140625,1438.6263427734375,2068.10302734375,1462.7882080078125,2399.41015625,1427.9422607421875,2405.92822265625,1447.4085693359375
3103,51.71666666666667,16.12741240543111,14.85342689996626,14.9168643135257,578.9108873518294,auto,2033.4755859375,1432.2154541015625,2070.201171875,1442.5023193359375,2403.72998046875,1427.5931396484375,2411.021484375,1431.0155029296875
3104,51.733333333333334,16.13427695203403,14.862009124960501,14.906867945060801,577.9198969017473,auto,2028.73095703125,1425.8692626953125,2054.655517578125,1439.0240478515625,2386.710205078125,1421.1456298828125,2393.02099609375,1432.1285400390625
3105,51.75,16.086791568251662,14.837083588804573,14.860154630144494,578.4612375474599,auto,2031.09228515625,1421.473388671875,2044.438232421875,1428.73291015625,2375.3408203125,1414.514892578125,2377.352783203125,1434.50537109375
3106,51.766666666666666,16.027835227769422,14.76393997737095,14.800008177085731,580.2809029978587,auto,2029.586181640625,1410.9156494140625,2050.51513671875,1434.1507568359375,2385.1044921875,1404.0567626953125,2384.916259765625,1436.5064697265625
3107,51.78333333333333,15.954895312883682,14.692191997253163,14.726048062575407,582.1404285290816,auto,2031.92919921875,1408.8487548828125,2051.63818359375,1427.8109130859375,2388.638671875,1402.4185791015625,2397.41650390625,1429.1837158203125
3108,51.8,15.986876675169388,14.711491258245186,14.730166476322973,581.1720955435519,auto,2043.781494140625,1404.5850830078125,2054.63525390625,1416.9486083984375,2403.3642578125,1396.2867431640625,2400.025634765625,1438.9471435546875
3109,51.81666666666667,15.960980017097759,14.684340441824377,14.70558488866237,581.1720955435519,auto,2043.052490234375,1398.0748291015625,2055.399658203125,1403.5977783203125,2403.4921875,1395.2169189453125,2401.919921875,1422.4122314453125
3110,51.833333333333336,15.931610531334728,14.658016349111888,14.681401539861263,581.1720955435519,auto,2039.822265625,1391.6734619140625,2053.41357421875,1400.3216552734375,2411.177734375,1393.9920654296875,2413.611572265625,1424.7457275390625
3111,51.85,15.914270127577668,14.664084030637792,14.675861482815874,581.1720955435519,auto,2050.4267578125,1392.2891845703125,2057.27197265625,1397.8170166015625,2397.64990234375,1389.5816650390625,2401.321533203125,1421.0743408203125
3112,51.86666666666667,15.884606163501864,14.637701126279385,14.655773104903336,581.1720955435519,auto,2039.33349609375,1385.34228515625,2049.83642578125,1386.220703125,2397.8310546875,1386.6064453125,2402.101806640625,1412.35986328125
3113,51.88333333333333,15.866891885710045,14.650031407929088,14.649839849996672,581.1720955435519,auto,2047.794189453125,1385.37744140625,2047.683349609375,1384.810302734375,2406.536376953125,1382.130615234375,2389.67724609375,1414.777099609375
3114,51.9,15.848982689320328,14.626244617654736,14.611414000887187,581.1720955435519,auto,2038.378662109375,1378.7418212890625,2029.759765625,1377.3116455078125,2403.314208984375,1375.3004150390625,2385.58837890625,1413.6929931640625
3115,51.916666666666664,15.835891426980778,14.609206043666186,14.624386169643756,581.1720955435519,auto,2036.08447265625,1375.172119140625,2044.90625,1379.4931640625,2406.912841796875,1371.225830078125,2392.576171875,1410.415283203125
3116,51.93333333333333,15.826482193758821,14.593814195763313,14.592868168430417,581.1720955435519,auto,2038.607421875,1368.38037109375,2038.058349609375,1368.787841796875,2400.5986328125,1368.762939453125,2380.36376953125,1407.329833984375
3117,51.95,15.802848313763853,14.562450785162099,14.582954205261537,581.1720955435519,auto,2035.11572265625,1360.77001953125,2047.03173828125,1373.468994140625,2407.42041015625,1363.14599609375,2397.373046875,1405.34814453125
3118,51.96666666666667,15.795315172046651,14.567604365677177,14.569256132761076,581.1720955435519,auto,2054.4892578125,1361.1348876953125,2055.448486328125,1366.9693603515625,2408.11328125,1358.0904541015625,2388.694091796875,1393.1993408203125
3119,51.983333333333334,16.831449411054397,15.542738269594395,15.568991876268464,544.0472732878792,auto,2061.8798828125,1355.5960693359375,2076.1640625,1359.2174072265625,2408.7451171875,1350.6549072265625,2399.67431640625,1386.0845947265625
3120,52.0,16.808372816142857,15.526486754593195,15.533837504889965,543.8964341853947,auto,2067.7861328125,1346.6837158203125,2071.7841796875,1341.6304931640625,2416.44091796875,1349.6861572265625,2399.13427734375,1376.4112548828125
3121,52.016666666666666,16.820179800131463,15.519449600355006,15.524558666531671,543.6108388426362,auto,2072.9091796875,1343.474609375,2075.6865234375,1337.380126953125,2426.4189453125,1339.826416015625,2406.3134765625,1370.9765625
3122,52.03333333333333,16.79812225123899,15.496106700952897,15.506490105489158,543.6108388426362,auto,2070.2099609375,1337.75146484375,2075.8544921875,1333.694580078125,2427.30615234375,1339.13232421875,2411.176025390625,1364.896240234375
3123,52.05,16.785667105996595,15.494565358203396,15.506121835951108,543.6108388426362,auto,2077.142578125,1341.1109619140625,2083.42529296875,1341.5562744140625,2430.9365234375,1339.1312255859375,2418.4755859375,1364.9261474609375
3124,52.06666666666667,16.78070467397136,15.458291706923776,15.460213894268723,543.6108388426362,auto,2064.12255859375,1329.091796875,2065.166748046875,1322.552490234375,2435.73388671875,1334.6923828125,2425.811767578125,1355.26708984375
3125,52.083333333333336,16.762453774596594,15.450554453751165,15.414702965112724,543.6108388426362,auto,2065.83740234375,1323.3944091796875,2046.34814453125,1319.2816162109375,2434.698486328125,1331.8734130859375,2406.81005859375,1355.3875732421875
3126,52.1,16.74779058400807,15.419984489219406,15.381019775656856,543.6108388426362,auto,2056.1904296875,1318.813232421875,2035.00927734375,1309.116943359375,2425.58154296875,1317.133056640625,2397.832763671875,1338.810302734375
3127,52.11666666666667,16.721155938777734,15.439202769795346,15.358409822457308,543.6108388426362,auto,2071.1162109375,1323.179443359375,2027.196044921875,1315.1259765625,2412.825439453125,1323.3447265625,2387.644287109375,1340.477294921875
3128,52.13333333333333,16.72083258015896,15.395998465453285,15.356079843965347,543.6108388426362,auto,2052.80615234375,1317.9423828125,2031.105712890625,1311.480224609375,2428.3095703125,1316.977783203125,2403.4658203125,1332.58056640625
3129,52.15,16.69835197040692,15.358988275097563,15.333737559844673,543.6108388426362,auto,2037.90771484375,1311.669189453125,2024.180419921875,1305.996826171875,2417.9951171875,1315.901611328125,2404.427734375,1337.914306640625
3130,52.166666666666664,16.66799735373308,15.345694642992314,15.305673624608428,543.6108388426362,auto,2037.18212890625,1309.1806640625,2015.42578125,1302.861083984375,2422.64794921875,1320.239990234375,2394.161865234375,1335.924072265625
3131,52.18333333333333,16.648401372326042,15.332426161001857,15.29716749649784,543.6108388426362,auto,2035.62158203125,1308.5986328125,2016.45458984375,1300.722412109375,2421.36474609375,1315.181640625,2390.649658203125,1328.526611328125
3132,52.2,16.626262085560487,15.264298092899224,15.272225768369559,543.6108388426362,auto,2004.6220703125,1307.4954833984375,2008.931396484375,1279.0882568359375,2408.96826171875,1308.2293701171875,2376.15966796875,1319.6927490234375
3133,52.21666666666667,16.618131637289633,15.304344261397903,15.291400934462995,543.6108388426362,auto,2032.810546875,1311.01904296875,2025.77490234375,1293.896484375,2405.2822265625,1292.77783203125,2374.087646484375,1309.207275390625
3134,52.233333333333334,16.60360385312272,15.271277249754482,15.292072801815342,543.6108388426362,auto,2020.732666015625,1309.1591796875,2032.03759765625,1260.656494140625,2402.84228515625,1293.841796875,2364.82958984375,1298.91455078125
3135,52.25,16.594332892056887,15.277329445235912,15.252984134115595,543.6108388426362,auto,2030.062744140625,1302.4287109375,2016.827880859375,1286.67626953125,2408.531982421875,1295.5400390625,2362.216552734375,1299.20068359375
3136,52.266666666666666,16.554161871202624,15.237394655817035,15.223951919459793,543.6108388426362,auto,2016.190673828125,1299.395263671875,2008.88330078125,1278.346923828125,2407.1064453125,1295.64111328125,2369.859375,1303.9833984375
3137,52.28333333333333,16.559933597993187,15.220098562586042,15.22915260391178,543.6108388426362,auto,2015.651611328125,1301.1212158203125,2020.5732421875,1275.7965087890625,2415.863525390625,1293.5592041015625,2389.517822265625,1299.2559814453125
3138,52.3,16.54212776582843,15.229350211956588,15.192453197117436,543.6108388426362,auto,2028.35986328125,1293.1806640625,2008.30224609375,1295.0625,2417.684326171875,1290.06494140625,2371.45458984375,1310.171875
3139,52.31666666666667,16.527681270425404,15.238731204774643,15.200479676610174,543.6108388426362,auto,2039.313232421875,1295.63037109375,2018.518798828125,1288.572021484375,2435.009765625,1288.73291015625,2392.519775390625,1297.6064453125
3140,52.333333333333336,16.49996808946869,15.201032979135634,15.185915963707842,543.6108388426362,auto,2019.885009765625,1299.638916015625,2011.66650390625,1282.256591796875,2433.9052734375,1281.586181640625,2387.576171875,1297.37939453125
3141,52.35,16.492357485088437,15.205549221177877,15.184257852568228,543.6108388426362,auto,2021.47705078125,1297.90576171875,2009.902587890625,1285.33203125,2421.458740234375,1283.48779296875,2372.70849609375,1297.512451171875
3142,52.36666666666667,16.50110613216311,15.234497003305444,15.211637345394728,543.6108388426362,auto,2036.457275390625,1282.74560546875,2024.0302734375,1303.82666015625,2417.130615234375,1278.5283203125,2367.109375,1303.48291015625
3143,52.38333333333333,16.478473948058518,15.185527933365309,15.166615047040436,543.6108388426362,auto,2012.14013671875,1285.9093017578125,2001.859619140625,1280.5989990234375,2399.721923828125,1289.8238525390625,2361.784423828125,1290.9698486328125
3144,52.4,16.4515473818529,15.215262554798565,15.169379763230975,543.6108388426362,auto,2033.94287109375,1285.3040771484375,2009.0,1274.3297119140625,2392.82763671875,1286.7369384765625,2361.11376953125,1288.6719970703125
3145,52.416666666666664,16.464789815510176,15.161265258336458,15.146178782333772,543.6108388426362,auto,2014.39013671875,1301.839599609375,2006.189208984375,1301.928955078125,2392.16552734375,1285.690185546875,2355.368408203125,1293.866455078125
3146,52.43333333333333,16.437174989466676,15.149892017139386,15.1435523917746,543.6108388426362,auto,2016.218994140625,1315.1417236328125,2012.772705078125,1296.3155517578125,2392.61865234375,1293.3448486328125,2364.141357421875,1301.5548095703125
3147,52.45,16.42846496578258,15.158417906054456,15.140176887081928,543.6108388426362,auto,2027.5888671875,1323.0408935546875,2017.673095703125,1309.6588134765625,2404.22802734375,1296.7720947265625,2382.456787109375,1306.0645751953125
3148,52.46666666666667,16.420546721605298,15.16610845187102,15.155245398716906,543.6108388426362,auto,2036.073974609375,1339.930419921875,2030.168212890625,1319.762451171875,2383.2900390625,1299.30615234375,2368.929931640625,1296.02001953125
3149,52.483333333333334,16.389248077408308,15.16102633224592,15.144130844414855,543.6108388426362,auto,2035.325439453125,1352.6231689453125,2026.140625,1334.6312255859375,2340.32421875,1265.8321533203125,2323.11474609375,1281.6488037109375
3150,52.5,16.37993467552376,15.190565142071137,15.175209200552803,543.6108388426362,auto,2053.4453125,1360.32421875,2045.09814453125,1346.552734375,2348.9765625,1278.310546875,2352.328857421875,1309.71484375
3151,52.516666666666666,16.371400253534027,15.195165816641616,15.194689760897306,543.6108388426362,auto,2057.58642578125,1360.2694091796875,2057.328125,1360.6185302734375,2319.1552734375,1255.1798095703125,2338.778564453125,1278.9532470703125
3152,52.53333333333333,16.35502079216543,15.224144138194289,15.228687326788096,543.6108388426362,auto,2077.24365234375,1366.981689453125,2079.712646484375,1368.33447265625,2320.13330078125,1260.486328125,2330.9326171875,1280.01123046875
3153,52.55,16.329543052215605,15.246631933693411,15.248787657818587,543.6108388426362,auto,2093.3173828125,1383.449951171875,2094.489501953125,1382.081298828125,2317.19140625,1246.895751953125,2346.6640625,1286.544677734375
3154,52.56666666666667,16.30694589862805,15.260705219357266,15.547102151570696,543.6108388426362,auto,2105.252685546875,1397.2459716796875,2260.94091796875,1182.3897705078125,2315.08349609375,1231.8521728515625,2348.559326171875,1286.6168212890625
3155,52.583333333333336,16.285428852649044,15.294575238237316,15.999229358090851,543.6108388426362,auto,2128.361328125,1406.25732421875,2511.419189453125,1307.74365234375,2319.927734375,1236.650390625,2346.163818359375,1304.395263671875
3156,52.6,16.258746377289686,15.318945699472426,,543.6108388426362,auto,2147.114501953125,1410.9249267578125,,,2311.3388671875,1221.3868408203125,2394.271240234375,1280.5421142578125
3157,52.61666666666667,16.24873034407309,15.340984385778803,15.38883786848416,543.6108388426362,auto,2166.5400390625,1413.036376953125,2192.552978515625,1314.00390625,2346.7158203125,1230.302001953125,2367.531005859375,1302.35546875
3158,52.63333333333333,16.218860540772816,15.363732664609719,15.357112795108659,543.6108388426362,auto,2189.14306640625,1407.7801513671875,2185.5439453125,1411.9808349609375,2375.78955078125,1250.7056884765625,2361.691162109375,1317.8924560546875
3159,52.65,16.189627349753263,15.386238424476552,15.363712903805238,543.6108388426362,auto,2213.26904296875,1398.856689453125,2201.02392578125,1401.490478515625,2374.6142578125,1245.404541015625,2369.363525390625,1309.519775390625
3160,52.666666666666664,16.174556368017722,15.39969553232796,15.398745217276113,543.6108388426362,auto,2233.77734375,1392.3023681640625,2233.2607421875,1391.8021240234375,2421.710693359375,1269.1068115234375,2405.481689453125,1305.5948486328125
3161,52.68333333333333,16.155837945973307,15.404075245175608,15.372698680533679,543.6108388426362,auto,2247.333984375,1383.711181640625,2230.2763671875,1397.526611328125,2385.677734375,1251.93603515625,2406.9609375,1298.09619140625
3162,52.7,16.121739555068746,15.427931925494219,15.38137367370074,543.6108388426362,auto,2268.83837890625,1378.0703125,2243.529052734375,1382.33154296875,2374.849365234375,1257.232666015625,2398.631103515625,1306.1640625
3163,52.71666666666667,16.099467556536737,15.428339716641231,15.360752376006664,543.6108388426362,auto,2276.16748046875,1360.216064453125,2239.42578125,1369.763427734375,2396.62939453125,1238.103759765625,2387.351806640625,1297.7783203125
3164,52.733333333333334,16.033323428293055,15.410578346286556,15.346574897010093,543.6108388426362,auto,2271.46923828125,1342.96923828125,2236.6767578125,1348.027587890625,2381.056640625,1226.5439453125,2363.65478515625,1296.0341796875
3165,52.75,16.013224220035546,15.388940265380105,15.313913880076912,543.6108388426362,auto,2265.632080078125,1335.475830078125,2224.846923828125,1342.248291015625,2388.249755859375,1260.319091796875,2385.552490234375,1306.043212890625
3166,52.766666666666666,15.990997581532005,15.34121432968549,15.269816746659675,543.6108388426362,auto,2245.771240234375,1313.93212890625,2206.958740234375,1317.11572265625,2379.9658203125,1268.27587890625,2359.04833984375,1313.841552734375
3167,52.78333333333333,15.986610907491869,15.30800719597393,15.23876174419975,543.6108388426362,auto,2234.103759765625,1290.182861328125,2196.4609375,1308.27587890625,2345.26416015625,1259.517822265625,2322.347900390625,1307.50390625
3168,52.8,15.971157733833307,15.264034016693891,15.236889857084389,543.6108388426362,auto,2215.599853515625,1276.2325439453125,2200.844482421875,1278.8582763671875,2348.04345703125,1260.7620849609375,2345.223388671875,1289.7457275390625
3169,52.81666666666667,15.94617109478575,15.209233712995157,15.195465821582369,543.6108388426362,auto,2191.3935546875,1248.12353515625,2183.908203125,1261.94775390625,2309.54248046875,1251.7421875,2315.693603515625,1288.1689453125
3170,52.833333333333336,15.92831900437414,15.185030320379749,15.19983116293585,543.6108388426362,auto,2183.940673828125,1234.5706787109375,2191.98681640625,1259.8128662109375,2298.102783203125,1251.1209716796875,2307.177734375,1294.0775146484375
3171,52.85,15.915456517093926,15.173283420334313,15.147615931750556,543.6108388426362,auto,2185.547119140625,1236.1005859375,2171.59375,1247.24267578125,2293.790283203125,1245.95654296875,2311.909912109375,1287.238037109375
3172,52.86666666666667,15.895441067700864,15.157925682379208,16.01349306605243,543.6108388426362,auto,2185.07861328125,1226.966552734375,2650.17431640625,1245.3349609375,2261.645263671875,1260.636474609375,2295.496337890625,1273.734619140625
3173,52.88333333333333,15.87345402895165,15.13436541412781,15.081747781105816,543.6108388426362,auto,2178.22412109375,1221.4149169921875,2149.620361328125,1225.7906494140625,2268.708984375,1244.9866943359375,2275.839111328125,1276.4898681640625
3174,52.9,15.872069649865015,15.101758290297758,15.067751742223114,543.6108388426362,auto,2165.250732421875,1225.6788330078125,2146.76416015625,1223.9962158203125,2267.930419921875,1237.4925537109375,2297.427490234375,1248.7838134765625
3175,52.916666666666664,15.855323266285943,15.039206361932248,15.03085113451042,543.6108388426362,auto,2135.349853515625,1212.001220703125,2130.80810546875,1216.264404296875,2279.794921875,1238.607666015625,2278.2451171875,1269.802001953125
3176,52.93333333333333,15.856286830058977,15.067092449928165,15.001960838359526,543.6108388426362,auto,2156.9853515625,1220.8839111328125,2121.578857421875,1216.8677978515625,2307.190673828125,1210.4937744140625,2281.720947265625,1261.6685791015625
3177,52.95,15.849341356393177,14.953927711977073,14.981084446643973,543.6108388426362,auto,2107.243896484375,1209.0909423828125,2122.006103515625,1213.8382568359375,2315.1953125,1218.5599365234375,2313.54736328125,1257.5916748046875
3178,52.96666666666667,15.820380325544425,14.9104269955678,14.912661762910899,543.6108388426362,auto,2101.339111328125,1209.1728515625,2102.553955078125,1198.1376953125,2216.668212890625,1226.781982421875,2284.163818359375,1223.38916015625
3179,52.983333333333334,15.810500147858633,14.817043721120351,15.90966441000012,543.6108388426362,auto,2070.9462890625,1192.4163818359375,2664.90673828125,1225.9166259765625,2215.738037109375,1238.5858154296875,2284.1005859375,1222.9320068359375
3180,53.0,15.780307435048778,14.836388650488646,15.769263894164206,543.6108388426362,auto,2100.875244140625,1225.5865478515625,2607.996337890625,1238.4361572265625,2144.861572265625,1186.7366943359375,2200.84814453125,1183.3775634765625
3181,53.016666666666666,15.753636861083026,14.809062152546888,14.861459722064437,543.6108388426362,auto,2101.51904296875,1213.8062744140625,2130.002685546875,1220.4229736328125,2150.130126953125,1193.1641845703125,2176.1025390625,1211.4459228515625
3182,53.03333333333333,15.74695793372312,14.745388349417901,15.862820524760055,543.6108388426362,auto,2076.5361328125,1203.2978515625,2683.984130859375,1212.601318359375,2178.2578125,1168.4140625,2220.968017578125,1221.565185546875
3183,53.05,15.767930883915113,14.700242096926411,14.742787108973522,543.6108388426362,auto,2057.593017578125,1199.8956298828125,2080.720458984375,1231.7318115234375,2203.792236328125,1164.4420166015625,2288.058349609375,1215.0985107421875
3184,53.06666666666667,15.765720368468424,14.677826158898128,14.694448588340002,543.6108388426362,auto,2051.60888671875,1198.8936767578125,2060.64501953125,1234.0687255859375,2318.085693359375,1185.5015869140625,2305.672607421875,1214.7076416015625
3185,53.083333333333336,15.750629401373809,14.69313090196849,14.672280558586113,543.6108388426362,auto,2070.13232421875,1219.87353515625,2058.7978515625,1220.0830078125,2313.20947265625,1179.062744140625,2296.83837890625,1216.13916015625
3186,53.1,15.772735229504503,14.620959952912767,14.626552260580826,543.6108388426362,auto,2046.882080078125,1226.0,2049.92236328125,1254.455322265625,2338.31640625,1173.909912109375,2315.21875,1215.60986328125
3187,53.11666666666667,15.755262187251569,14.590695382632072,14.587707908281933,543.6108388426362,auto,2049.9287109375,1245.21630859375,2048.3046875,1246.203125,2335.49072265625,1182.43115234375,2320.07470703125,1213.955078125
3188,53.13333333333333,8.110337953851257,7.50478701461545,7.5109007466139435,1054.8742979882425,auto,2056.2197265625,1238.10498046875,2062.6689453125,1262.877685546875,2352.965087890625,1180.6142578125,2345.543212890625,1229.68017578125
3189,53.15,8.11665202452471,7.499098912090444,7.50059142758267,1053.7605233864588,auto,2061.2470703125,1255.9652099609375,2062.819580078125,1272.9166259765625,2371.580810546875,1179.7088623046875,2364.691162109375,1237.2181396484375
3190,53.166666666666664,8.118222965427385,7.494153361687301,7.489175838738687,1053.7605233864588,auto,2070.380126953125,1261.410888671875,2065.135009765625,1281.165283203125,2392.37744140625,1186.710693359375,2365.154296875,1238.73388671875
3191,53.18333333333333,8.124115644568842,7.487474343275336,7.47934821965312,1053.7605233864588,auto,2071.132568359375,1274.319091796875,2062.5693359375,1284.18017578125,2421.771728515625,1201.105224609375,2383.70703125,1250.300537109375
3192,53.2,8.126292442039691,7.484999019537532,7.472889765467885,1053.7605233864588,auto,2071.23046875,1276.702880859375,2058.47021484375,1286.878173828125,2412.643310546875,1200.84619140625,2366.886474609375,1255.208984375
3193,53.21666666666667,8.129088417972659,7.475625039901479,7.467644877899894,1053.7605233864588,auto,2063.406005859375,1281.74658203125,2054.996826171875,1295.94091796875,2413.00341796875,1218.397705078125,2375.55224609375,1270.47802734375
3194,53.233333333333334,8.131459946780238,7.461903720821758,7.456120860423442,1053.7605233864588,auto,2049.4482421875,1282.59130859375,2043.354736328125,1293.904296875,2437.0458984375,1235.04345703125,2397.8203125,1285.956298828125
3195,53.25,8.126898877820643,7.464322976762432,7.454622784488526,1053.7605233864588,auto,2054.8037109375,1290.8079833984375,2044.58203125,1302.0528564453125,2418.99365234375,1236.5394287109375,2383.77734375,1288.4344482421875
3196,53.266666666666666,8.123467621310265,7.456317792768738,7.451405605021739,1053.7605233864588,auto,2050.98388671875,1295.169677734375,2045.807373046875,1308.829833984375,2408.966064453125,1234.6240234375,2378.138671875,1294.858642578125
3197,53.28333333333333,8.117674914294685,7.450067855184404,7.441539526207561,1053.7605233864588,auto,2051.501953125,1303.16162109375,2042.51513671875,1314.29150390625,2407.256591796875,1259.303955078125,2383.240966796875,1304.661865234375
3198,53.3,8.11694487450642,7.439219431494871,7.430413080383494,1053.7605233864588,auto,2048.83984375,1310.318603515625,2039.559814453125,1317.129150390625,2404.4013671875,1267.792724609375,2385.63427734375,1314.14306640625
3199,53.31666666666667,8.112342681439427,7.430122547252905,7.420624384396762,1053.7605233864588,auto,2047.103515625,1314.0340576171875,2037.0947265625,1321.0887451171875,2403.090087890625,1267.5477294921875,2393.12890625,1312.6890869140625
3200,53.333333333333336,8.101444792978459,7.418937253410362,7.419327874509383,1053.7605233864588,auto,2043.800537109375,1323.609130859375,2044.2119140625,1330.19140625,2419.016845703125,1274.560546875,2416.195068359375,1331.402099609375
3201,53.35,8.089855671985504,7.420337558227967,7.424692311595225,1053.7605233864588,auto,2053.48828125,1325.4736328125,2058.076904296875,1329.727783203125,2406.220703125,1262.037353515625,2395.5234375,1330.017822265625
3202,53.36666666666667,8.018436079027422,7.342571732008521,7.344587285487075,1062.7799592232086,auto,2049.705078125,1333.48681640625,2051.84716796875,1339.39794921875,2413.60546875,1270.27490234375,2396.42333984375,1346.92041015625
3203,53.38333333333333,8.004442566567633,7.3256226277927246,7.339325042160166,1063.267796959864,auto,2052.232666015625,1340.29345703125,2066.801513671875,1349.19580078125,2402.933349609375,1268.81494140625,2393.549560546875,1340.99853515625
3204,53.4,7.992999095816368,7.312374875452911,7.320830782113025,1063.4786005465958,auto,2062.1708984375,1342.6873779296875,2071.16357421875,1356.5418701171875,2419.610107421875,1288.8104248046875,2421.669677734375,1331.2852783203125
3205,53.416666666666664,7.973590076932664,7.289884389072641,7.3068118951042464,1064.1080427836264,auto,2066.463623046875,1346.502685546875,2084.475830078125,1371.678466796875,2431.62646484375,1287.24365234375,2422.04736328125,1343.227294921875
3206,53.43333333333333,7.951074419929082,7.26702272671756,7.299437188106017,1064.8669873021868,auto,2067.576171875,1355.11474609375,2102.093505859375,1353.886474609375,2434.4912109375,1292.2685546875,2420.916015625,1326.593505859375
3207,53.45,7.937394561541363,7.259860594196131,7.268003944872753,1065.5621301758374,auto,2080.04541015625,1363.2457275390625,2088.722412109375,1365.2960205078125,2451.722412109375,1289.5589599609375,2429.371826171875,1329.6358642578125
3208,53.46666666666667,7.9212627485474565,7.235042889763337,7.24647946586021,1066.3429680964011,auto,2070.25439453125,1361.616943359375,2082.449462890625,1368.65478515625,2452.1201171875,1305.962158203125,2430.263427734375,1340.81005859375
3209,53.483333333333334,7.912085971604577,7.213505523540992,7.257004104970105,1066.8339103052144,auto,2058.73046875,1365.09716796875,2105.13623046875,1372.45361328125,2457.86328125,1309.0703125,2451.70166015625,1363.78125
3210,53.5,7.901800715907646,7.20540290488054,7.2117469132192005,1067.45960830174,auto,2060.623291015625,1365.879638671875,2067.3955078125,1365.569580078125,2461.97265625,1318.336181640625,2429.96240234375,1373.683837890625
3211,53.516666666666666,7.881603807739896,7.200253211018887,7.217371699208106,1067.981375482328,auto,2065.330078125,1374.3582763671875,2083.612548828125,1376.6431884765625,2458.868896484375,1317.1492919921875,2430.17333984375,1354.7652587890625
3212,53.53333333333333,7.864419348576674,7.178055505839117,7.196136342275121,1068.4709042431232,auto,2051.64013671875,1373.8011474609375,2070.958984375,1376.6219482421875,2435.984619140625,1329.0653076171875,2409.45361328125,1368.5150146484375
3213,53.55,7.849464191095818,7.164741238173432,7.184965085640268,1069.0407561149655,auto,2049.00341796875,1370.1595458984375,2070.62353515625,1375.4071044921875,2433.60302734375,1324.3773193359375,2418.115966796875,1353.2156982421875
3214,53.56666666666667,7.838880579521685,7.157165426447554,7.172740768390463,1069.6494697237804,auto,2052.8037109375,1371.1893310546875,2069.4638671875,1374.8255615234375,2442.107666015625,1323.2706298828125,2412.803466796875,1370.5950927734375
3215,53.583333333333336,7.827547645776012,7.129650492620552,7.156437518059139,1070.3825009232685,auto,2038.983154296875,1366.1444091796875,2067.6552734375,1377.5106201171875,2434.845703125,1329.2313232421875,2413.587646484375,1383.2139892578125
3216,53.6,7.8169945300322965,7.1280718633803035,7.144799986771856,1071.1576314829565,auto,2054.05517578125,1367.8082275390625,2071.973876953125,1372.3272705078125,2437.12158203125,1326.0816650390625,2412.757568359375,1360.8983154296875
3217,53.61666666666667,7.807019268515259,7.101698794453421,7.115717255991699,1072.3512564272482,auto,2049.64892578125,1367.2725830078125,2064.681640625,1377.8135986328125,2441.567138671875,1330.0665283203125,2418.7099609375,1374.2537841796875
3218,53.63333333333333,7.791407846440646,7.089031893909391,7.102309161287272,1073.4836681262034,auto,2059.010986328125,1366.2169189453125,2073.263427734375,1378.6156005859375,2436.461181640625,1336.0833740234375,2413.5830078125,1372.4417724609375
3219,53.65,7.77308848428556,7.068341711338583,7.077148379471917,1074.6251640478874,auto,2057.66162109375,1360.538330078125,2067.12548828125,1373.696533203125,2434.5830078125,1333.845947265625,2419.33203125,1361.61572265625
3220,53.666666666666664,7.758607182050917,7.054676831337775,7.071741388245372,1075.2195108612223,auto,2056.1201171875,1360.34375,2074.46826171875,1369.5556640625,2439.53369140625,1331.30517578125,2430.07421875,1361.552001953125
3221,53.68333333333333,7.747834677217609,7.047410351396709,7.0637803483817,1075.6506829930981,auto,2056.588134765625,1356.4056396484375,2074.1962890625,1366.4522705078125,2425.829345703125,1331.3658447265625,2419.62158203125,1359.9385986328125
3222,53.7,7.745407314786072,7.032100710089314,7.062933810823344,1075.9794007154371,auto,2045.496826171875,1351.0595703125,2078.672607421875,1367.76708984375,2417.0888671875,1329.524658203125,2433.981201171875,1350.860107421875
3223,53.71666666666667,7.735818920595222,7.048844177388846,7.058841795179405,1076.0864244488914,auto,2066.755859375,1354.5513916015625,2077.514404296875,1364.1236572265625,2412.776611328125,1326.8765869140625,2418.245849609375,1344.0723876953125
3224,53.733333333333334,15.451421917274224,14.073861486945159,14.102382644620546,538.0976516950255,auto,2055.73779296875,1350.3592529296875,2071.0849609375,1365.3609619140625,2418.2744140625,1320.4796142578125,2423.32177734375,1351.5714111328125
3225,53.75,15.437314805521654,14.05859845085187,14.106842001281116,538.2034182595934,auto,2049.969970703125,1344.050537109375,2075.935302734375,1361.232666015625,2411.17822265625,1325.15625,2415.79931640625,1341.13134765625
3226,53.766666666666666,7.706720860039889,7.0309650745698775,7.0465564023734615,1076.7266180108104,auto,2056.39599609375,1343.2215576171875,2073.183349609375,1359.8126220703125,2414.148193359375,1316.1890869140625,2412.8828125,1346.1549072265625
3227,53.78333333333333,15.394332791251452,14.027782085960446,14.088040362201957,538.6886456667087,auto,2047.8544921875,1338.922119140625,2080.314697265625,1365.828125,2413.552734375,1320.10791015625,2418.404296875,1348.525146484375
3228,53.8,7.681412140461237,6.993988522625598,7.013497469013484,1078.381452243019,auto,2041.695556640625,1333.87744140625,2062.733642578125,1355.199951171875,2411.0986328125,1317.8955078125,2418.384521484375,1346.1171875
3229,53.81666666666667,7.666662798454906,6.980564981551176,7.0375387612275215,1078.8697099864235,auto,2035.7900390625,1327.471435546875,2097.25732421875,1356.01513671875,2397.3037109375,1313.11083984375,2418.597900390625,1332.5224609375
3230,53.833333333333336,7.665965019926276,6.977457153237147,6.988173728677422,1079.0727791912177,auto,2035.0498046875,1324.091064453125,2046.614013671875,1341.5791015625,2398.88330078125,1310.594970703125,2410.6748046875,1345.735107421875
3231,53.85,7.652459864427396,6.984821570119077,6.980735100060313,1079.2092408806502,auto,2044.478759765625,1323.3790283203125,2040.068603515625,1331.5863037109375,2406.58056640625,1305.8199462890625,2400.7431640625,1344.2813720703125
3232,53.86666666666667,7.651924704684696,6.97451394807801,6.972581556089817,1079.2060987067741,auto,2033.93408203125,1319.4813232421875,2031.8486328125,1330.1099853515625,2406.08544921875,1308.7098388671875,2400.635986328125,1342.5467529296875
3233,53.88333333333333,15.287380729821354,13.92660660110282,13.944553070179214,539.582115500228,auto,2024.75048828125,1317.6729736328125,2034.433837890625,1326.4661865234375,2381.307373046875,1304.3858642578125,2387.2138671875,1324.5714111328125
3234,53.9,15.250453480416253,13.895354679684795,13.924480182998884,539.94171531253,auto,2021.325927734375,1315.1724853515625,2037.0517578125,1331.1212158203125,2381.33935546875,1302.0831298828125,2392.18896484375,1336.0943603515625
3235,53.916666666666664,15.227231940221788,13.87594491509797,13.877119195765836,540.1411784307543,auto,2026.1142578125,1310.5347900390625,2026.748779296875,1314.8773193359375,2394.4375,1304.9647216796875,2387.600341796875,1335.6270751953125
3236,53.93333333333333,7.585880873142389,6.927026775549529,6.925452161336325,1081.6141412407233,auto,2041.373779296875,1313.3465576171875,2039.6708984375,1315.2791748046875,2387.35888671875,1300.3463134765625,2383.69287109375,1328.1590576171875
3237,53.95,15.129758483724858,13.778025967704922,13.796739134703554,541.7152014937398,auto,2033.74609375,1305.0494384765625,2043.883544921875,1313.2716064453125,2404.668212890625,1292.8682861328125,2400.466064453125,1333.1956787109375
3238,53.96666666666667,15.07140859756977,13.758723207630396,13.753785494458345,542.796976628852,auto,2057.478759765625,1305.4246826171875,2054.79833984375,1309.0574951171875,2408.70458984375,1289.4329833984375,2396.879638671875,1324.2591552734375
3239,53.983333333333334,15.026039923713862,13.703484052905226,13.69761330634527,543.9443420673167,auto,2059.60302734375,1305.78125,2056.40966796875,1306.30126953125,2421.84423828125,1287.05078125,2410.3095703125,1317.56103515625
3240,54.0,14.979637053199534,13.682549589449945,13.64241282591468,545.060219062748,auto,2076.009521484375,1303.2916259765625,2054.132568359375,1304.7061767578125,2431.1474609375,1285.8175048828125,2406.2080078125,1329.6231689453125
3241,54.016666666666666,14.937423327758525,13.632692030083199,13.620101985802878,546.0276044855076,auto,2073.580810546875,1300.679443359375,2066.7060546875,1302.390380859375,2447.30908203125,1283.3203125,2425.4306640625,1320.986572265625
3242,54.03333333333333,14.875795897017545,13.576009949660707,13.547133212524377,547.2817397232159,auto,2070.65087890625,1293.210205078125,2054.846923828125,1298.822509765625,2444.655029296875,1285.7529296875,2420.203125,1318.611572265625
3243,54.05,14.833016960274588,13.532569476409053,13.5160359461611,548.6896753264676,auto,2078.4580078125,1300.7044677734375,2069.385986328125,1300.8221435546875,2442.65673828125,1287.2606201171875,2429.33056640625,1319.0618896484375
3244,54.06666666666667,14.767517583216726,13.4825311778727,13.470061405741495,550.5892637018748,auto,2090.50048828125,1299.2880859375,2083.634765625,1294.046630859375,2450.02490234375,1288.82275390625,2435.43408203125,1312.8955078125
3245,54.083333333333336,14.6867860276772,13.409169268233986,13.373563953844426,552.9508338514336,auto,2098.54052734375,1289.3890380859375,2078.8525390625,1289.5870361328125,2446.619140625,1279.7139892578125,2426.68017578125,1308.9466552734375
3246,54.1,14.61099550754709,13.298394391169937,13.290005265261968,555.4414154546982,auto,2085.9267578125,1288.00732421875,2081.26708984375,1286.807861328125,2461.83447265625,1283.79833984375,2443.6484375,1305.447265625
3247,54.11666666666667,14.543733812224502,13.242695818420316,13.222986126284873,557.8037723496471,auto,2100.27587890625,1291.0416259765625,2089.28173828125,1286.2991943359375,2458.23486328125,1278.4085693359375,2444.534912109375,1302.2298583984375
3248,54.13333333333333,14.496026985968568,13.199575370551557,13.171351442829005,559.0232580790905,auto,2102.25341796875,1286.5775146484375,2086.4755859375,1286.2227783203125,2461.219482421875,1279.9217529296875,2443.91796875,1308.9373779296875
3249,54.15,14.466284931002672,13.186784674227386,13.15344690204739,559.4665140429505,auto,2108.16259765625,1287.6990966796875,2089.510986328125,1281.9669189453125,2468.65869140625,1282.3184814453125,2454.889404296875,1307.0130615234375
3250,54.166666666666664,14.475411263364604,13.180920783951818,13.140641770684823,559.3066583624685,auto,2105.98291015625,1287.3533935546875,2083.45458984375,1284.8919677734375,2467.835205078125,1285.9237060546875,2446.641845703125,1318.0897216796875
3251,54.18333333333333,14.466909095639098,13.134237388914167,13.128585621489156,558.7992016485292,auto,2075.304443359375,1283.8399658203125,2072.14599609375,1270.0540771484375,2464.43896484375,1279.5184326171875,2452.506591796875,1295.7847900390625
3252,54.2,14.469338045961587,13.157568931456487,13.136988432888998,558.0696466043274,auto,2079.94140625,1276.345458984375,2068.4560546875,1272.99072265625,2457.52392578125,1273.958740234375,2439.50830078125,1302.601318359375
3253,54.21666666666667,14.472065777697395,13.15807252070184,13.115501822953162,557.8610737473136,auto,2080.97412109375,1270.7359619140625,2057.2255859375,1266.9078369140625,2469.121337890625,1269.2164306640625,2443.3212890625,1294.3214111328125
3254,54.233333333333334,14.435777839097412,13.10516937570279,13.097097735442084,558.0519430701984,auto,2060.451171875,1264.842529296875,2055.94677734375,1260.368896484375,2442.47509765625,1263.839599609375,2430.8291015625,1288.016845703125
3255,54.25,14.409454981603739,13.076119186458142,13.063155851605252,558.8176736316138,auto,2062.908203125,1265.2569580078125,2055.6640625,1256.5679931640625,2466.839599609375,1270.2030029296875,2450.53173828125,1290.0523681640625
3256,54.266666666666666,14.36573357447938,13.036636990242014,13.014458014131996,559.9202131626196,auto,2065.81201171875,1261.8974609375,2053.3935546875,1258.794677734375,2449.8134765625,1262.563232421875,2439.03662109375,1281.288330078125
3257,54.28333333333333,14.333604328123116,12.99452892989969,12.971556970877392,561.0185574504143,auto,2066.75390625,1261.27294921875,2053.8662109375,1255.673828125,2463.33642578125,1267.30029296875,2446.66064453125,1282.03466796875
3258,54.3,14.296387949158667,12.956744049578258,12.931269647038992,561.7809930651077,auto,2064.413330078125,1260.6043701171875,2050.1025390625,1253.8280029296875,2457.7509765625,1260.8353271484375,2438.656982421875,1280.4368896484375
3259,54.31666666666667,14.27225351538692,12.940547869983687,12.918505221641084,562.0762190155376,auto,2066.47998046875,1256.6597900390625,2054.09033203125,1251.7071533203125,2466.91357421875,1257.4898681640625,2439.5224609375,1283.5030517578125
3260,54.333333333333336,14.286665020849755,12.953706333981165,12.909480428265217,561.7796728307845,auto,2074.171142578125,1256.7652587890625,2049.32568359375,1255.2843017578125,2473.875,1254.0545654296875,2452.591064453125,1273.3585205078125
3261,54.35,14.268404978904833,12.943217516055824,12.906107091615171,561.2472860101217,auto,2065.242431640625,1255.1260986328125,2044.413818359375,1254.0064697265625,2451.561279296875,1244.1226806640625,2424.257080078125,1267.6524658203125
3262,54.36666666666667,21.426979991402636,19.382493369535126,19.347371778644476,373.85467915253804,auto,2050.6591796875,1252.30908203125,2037.528564453125,1245.802001953125,2466.47705078125,1251.11279296875,2443.63623046875,1267.47119140625
3263,54.38333333333333,14.277244232263243,12.94286947293353,12.913336508290577,560.2353287683687,auto,2057.43603515625,1249.3863525390625,2040.890625,1244.6649169921875,2447.390380859375,1253.5853271484375,2414.76953125,1271.8118896484375
3264,54.4,14.274519364376197,12.942321883947395,12.91450589253685,559.866515546744,auto,2055.147705078125,1260.60791015625,2039.57421875,1254.2744140625,2452.20703125,1241.2509765625,2415.97998046875,1269.24609375
3265,54.416666666666664,14.270007100182216,12.968258572483165,12.926768133437273,559.6992584981612,auto,2070.412109375,1262.828125,2047.189697265625,1251.24169921875,2461.06591796875,1243.27880859375,2419.810302734375,1246.1220703125
3266,54.43333333333333,14.228998614763968,12.966771656794053,12.946008649128368,559.960533221031,auto,2078.20263671875,1266.349365234375,2066.576171875,1251.923095703125,2481.56884765625,1247.97802734375,2439.23779296875,1239.1318359375
3267,54.45,14.22057245027688,13.623592971027787,12.901106053022666,560.7827533316371,auto,2465.224365234375,1239.2686767578125,2060.065673828125,1258.1900634765625,2484.374267578125,1257.9486083984375,2420.966552734375,1252.7147216796875
3268,54.46666666666667,14.187223308067225,12.870655113638223,12.853750347976575,561.3073686538507,auto,2060.000732421875,1266.5037841796875,2050.51171875,1250.9788818359375,2463.399658203125,1252.7310791015625,2424.9521484375,1260.9014892578125
3269,54.483333333333334,14.18082289667099,13.577579466766277,12.86777435322654,561.204329930063,auto,2466.45703125,1258.2593994140625,2068.111328125,1265.1004638671875,2480.96435546875,1261.0357666015625,2426.39501953125,1263.2149658203125
3270,54.5,14.99272264737296,13.627633640015386,13.624020148195118,530.1042423856827,auto,2081.3603515625,1286.7578125,2079.44482421875,1277.042724609375,2473.10205078125,1243.196044921875,2443.912109375,1256.511962890625
3271,54.516666666666666,14.973611649265369,13.630453072511882,13.621449361369255,530.7598742394954,auto,2101.10546875,1286.20654296875,2096.32666015625,1271.89208984375,2469.33544921875,1260.33837890625,2446.97607421875,1262.48291015625
3272,54.53333333333333,14.938961948442378,13.63179636944438,13.62933103902444,531.1946430818341,auto,2113.640625,1309.1453857421875,2112.3310546875,1266.3006591796875,2472.6630859375,1263.1947021484375,2449.25634765625,1254.2337646484375
3273,54.55,14.90773199947609,13.616858013693603,13.59338199890183,531.7927727824833,auto,2117.522216796875,1259.261474609375,2105.0380859375,1334.9248046875,2450.765625,1246.89794921875,2428.563720703125,1272.505615234375
3274,54.56666666666667,14.893069592289942,13.587858882188858,13.566890836216915,532.2691750192021,auto,2111.276611328125,1327.447265625,2100.11572265625,1303.758056640625,2456.761962890625,1264.01220703125,2436.35546875,1258.310546875
3275,54.583333333333336,14.87969356581084,13.594533455154215,13.555928969650617,532.6959511760126,auto,2124.400390625,1341.3267822265625,2103.8359375,1302.0086669921875,2463.935546875,1266.4923095703125,2442.634765625,1274.4610595703125
3276,54.6,14.829916303600694,13.567101213518056,13.591261742245365,533.1769053108401,auto,2121.6962890625,1323.316650390625,2134.577880859375,1352.50537109375,2425.960205078125,1234.3134765625,2425.754150390625,1271.52978515625
3277,54.61666666666667,14.806709595914029,13.590627978710577,13.59665416822804,533.4787000447996,auto,2146.24658203125,1336.5072021484375,2149.46142578125,1349.1824951171875,2421.98828125,1231.8094482421875,2425.628173828125,1262.3275146484375
3278,54.63333333333333,14.788928747453808,13.609127955217813,13.623068652223225,533.7901144477654,auto,2170.234130859375,1339.0623779296875,2177.675048828125,1356.1829833984375,2451.7802734375,1233.3753662109375,2442.3125,1263.5994873046875
3279,54.65,14.767099897477374,13.608845290845885,13.808005607847056,534.1615772878818,auto,2187.3046875,1368.1456298828125,2293.6884765625,1123.3780517578125,2426.9384765625,1216.6522216796875,2439.308349609375,1238.9000244140625
3280,54.666666666666664,14.740518609562244,13.6274350544857,13.615964376500441,534.2681554330493,auto,2212.31494140625,1381.8145751953125,2206.1865234375,1386.2462158203125,2448.435791015625,1226.3206787109375,2464.74951171875,1267.9180908203125
3281,54.68333333333333,14.707702553298668,13.639849543813854,13.930572721612798,534.3221855445902,auto,2233.422119140625,1400.688720703125,2388.76220703125,1137.89892578125,2436.68310546875,1205.316162109375,2449.624267578125,1224.665283203125
3282,54.7,14.659979692858984,13.66785940758403,14.42700133113854,535.0021722200901,auto,2270.21337890625,1390.709716796875,2676.35595703125,1261.622802734375,2437.814453125,1184.04541015625,2467.3251953125,1238.48828125
3283,54.71666666666667,14.630990254130783,13.693944496086004,13.671556454629163,535.2588997390417,auto,2298.43798828125,1385.52197265625,2286.45458984375,1405.238525390625,2453.0556640625,1161.8310546875,2458.406005859375,1227.9228515625
3284,54.733333333333334,14.616495166828836,13.703226689488812,13.69694674020116,535.7141687616897,auto,2317.7490234375,1393.6868896484375,2314.384765625,1394.8792724609375,2483.07373046875,1191.9449462890625,2476.861572265625,1239.5994873046875
3285,54.75,14.576608229598154,13.715876301278218,13.706182860439302,536.0623899037566,auto,2335.593994140625,1390.5447998046875,2330.397705078125,1391.9183349609375,2491.481689453125,1195.6158447265625,2494.127197265625,1246.0491943359375
3286,54.766666666666666,14.542934316124828,13.725568132369851,13.837472541839023,536.6213293435299,auto,2352.384033203125,1380.021484375,2412.43408203125,1066.02001953125,2493.201416015625,1221.7705078125,2501.41748046875,1210.058837890625
3287,54.78333333333333,14.50123875461633,13.727474921503413,13.704609674472923,537.0288306365468,auto,2361.46630859375,1366.828369140625,2349.187255859375,1385.57080078125,2492.254638671875,1205.5029296875,2475.23291015625,1273.30126953125
3288,54.8,14.470321562690987,13.733289843557342,13.873360475428674,537.668192335139,auto,2375.721435546875,1351.4384765625,2451.033203125,1090.530517578125,2495.74072265625,1227.310791015625,2567.101318359375,1226.762939453125
3289,54.81666666666667,14.43320219780515,13.734174729739365,13.667984427523258,538.2355929752893,auto,2387.758544921875,1339.4090576171875,2352.132080078125,1350.5452880859375,2505.90869140625,1212.7586669921875,2547.83203125,1231.2694091796875
3290,54.833333333333336,14.376553310067886,13.704800119327926,13.658158738439226,538.9045827401628,auto,2386.9892578125,1328.7596435546875,2361.853759765625,1346.4600830078125,2526.74609375,1216.0318603515625,2527.9541015625,1265.5946044921875
3291,54.85,14.306976611668382,13.685075582381984,13.62017393439062,539.6988340675241,auto,2395.36083984375,1317.04345703125,2360.333251953125,1326.548828125,2525.27978515625,1198.257568359375,2505.802734375,1258.911376953125
3292,54.86666666666667,14.270779548343063,13.653962364311482,13.594110233335044,540.2800791709589,auto,2394.746337890625,1303.79443359375,2362.4091796875,1313.583740234375,2525.07861328125,1246.937744140625,2543.73388671875,1290.4208984375
3293,54.88333333333333,14.231513850189433,13.59745152614647,,540.9455186956309,auto,2381.007080078125,1285.5308837890625,,,2470.025146484375,1260.8148193359375,2492.23486328125,1303.3089599609375
3294,54.9,14.190035976331282,13.562747721088234,13.499420464242759,541.4736208481396,auto,2375.340087890625,1272.5867919921875,2341.050048828125,1283.7352294921875,2445.9765625,1225.3197021484375,2443.704345703125,1267.7457275390625
3295,54.916666666666664,14.169962610875647,13.513408599868264,13.45000546704263,542.0578216066381,auto,2360.10986328125,1256.077880859375,2325.741943359375,1278.76318359375,2443.931396484375,1233.359619140625,2453.36328125,1274.88427734375
3296,54.93333333333333,14.1549584991411,13.462550723333797,13.38110634810471,542.4762667860905,auto,2342.38525390625,1250.239013671875,2298.203369140625,1226.615234375,2450.1953125,1232.06005859375,2463.478515625,1271.105712890625
3297,54.95,14.111550181334099,13.385424490210054,13.333168225532365,543.2400399759111,auto,2314.53955078125,1222.5770263671875,2286.15185546875,1225.7772216796875,2406.12353515625,1241.6990966796875,2423.772216796875,1265.7923583984375
3298,54.96666666666667,14.073683196324852,13.286845315861846,,543.7313702109873,auto,2272.171142578125,1208.6700439453125,,,2379.450927734375,1230.1573486328125,2418.782958984375,1248.0953369140625
3299,54.983333333333334,14.052554199591457,13.244847094846667,,544.2163619091177,auto,2261.4326171875,1200.8865966796875,,,2367.5400390625,1236.4791259765625,2423.93701171875,1240.7015380859375
3300,55.0,14.035775257794885,13.241286263664406,13.1700920981778,544.553654133978,auto,2268.357666015625,1201.9974365234375,2229.5888671875,1200.0335693359375,2372.3779296875,1228.8463134765625,2389.48974609375,1245.8956298828125
3301,55.016666666666666,14.023805812136754,13.217125672359268,13.209006386619132,544.553654133978,auto,2258.71923828125,1199.0130615234375,2254.2978515625,1201.2960205078125,2372.569091796875,1212.8377685546875,2381.05615234375,1244.3458251953125
3302,55.03333333333333,14.026964868853842,13.187867550470733,13.187154703185982,544.553654133978,auto,2244.06640625,1195.24755859375,2243.67822265625,1199.770751953125,2386.1865234375,1203.40185546875,2388.60546875,1256.147216796875
3303,55.05,14.008750948231045,13.793432663860584,13.081509838922807,544.553654133978,auto,2575.74755859375,1247.398681640625,2188.0673828125,1195.159423828125,2361.240234375,1199.322509765625,2372.2939453125,1256.027099609375
3304,55.06666666666667,14.0039062766845,13.073330476744836,14.152376826634779,544.553654133978,auto,2186.251220703125,1194.127685546875,2773.849853515625,1222.324951171875,2362.267822265625,1192.063720703125,2402.676025390625,1237.096923828125
3305,55.083333333333336,14.0013400264594,12.993358874691669,13.06256872440324,544.553654133978,auto,2148.10009765625,1187.271240234375,2185.78857421875,1213.07568359375,2349.6591796875,1184.578369140625,2391.07373046875,1238.851318359375
3306,55.1,13.971313800413254,12.954626608890344,12.984081996694158,544.553654133978,auto,2137.359130859375,1189.568359375,2153.399169921875,1202.946044921875,2286.37890625,1184.40869140625,2356.27587890625,1213.08056640625
3307,55.11666666666667,13.887682832045925,12.846569179111988,12.987835966340684,547.577344293043,auto,2132.90966796875,1207.2073974609375,2210.26416015625,1265.0125732421875,2224.412353515625,1171.4298095703125,2325.386962890625,1208.1068115234375
3308,55.13333333333333,13.883646609462936,12.787678739891694,12.889038743158277,547.577344293043,auto,2119.872802734375,1191.485107421875,2175.37548828125,1218.973876953125,2341.892578125,1183.8037109375,2365.0859375,1233.568359375
3309,55.15,13.862137668601832,12.735750870613096,12.76574877733288,548.8989770623137,auto,2128.7275390625,1191.7294921875,2145.193359375,1205.635986328125,2429.3896484375,1184.33349609375,2423.049072265625,1227.6103515625
3310,55.166666666666664,13.846972476727206,12.67874734922762,12.700379420752217,549.8111761499974,auto,2129.69677734375,1183.114501953125,2141.590087890625,1217.93212890625,2455.272216796875,1177.378173828125,2450.30419921875,1242.281494140625
3311,55.18333333333333,13.810961564558486,,,550.741612984846,auto,,,,,2490.13671875,1192.76513671875,,
3312,55.2,13.790820641891585,12.597214708232997,12.589490553694102,551.802402423193,auto,2144.365234375,1210.96435546875,2140.103271484375,1251.703857421875,2479.09423828125,1179.855712890625,2469.75634765625,1255.853515625
3313,55.21666666666667,13.762997743412066,12.540949553151084,12.55561316063847,552.4945008906079,auto,2134.8251953125,1213.6568603515625,2142.926513671875,1243.2564697265625,2525.03955078125,1185.6680908203125,2481.84521484375,1233.9381103515625
3314,55.233333333333334,13.753108652896879,12.516159480797043,12.527966570563843,553.2047617370702,auto,2139.713623046875,1206.8262939453125,2146.24560546875,1259.9605712890625,2514.587890625,1187.4176025390625,2481.8095703125,1255.0155029296875
3315,55.25,13.739883784647295,12.479296975805987,12.481660166337015,553.9468841220341,auto,2138.70166015625,1250.774169921875,2140.010986328125,1270.6767578125,2506.484375,1193.47607421875,2482.847900390625,1253.7529296875
3316,55.266666666666666,13.72973804510606,12.437197232817514,12.442973527984885,554.6138464921946,auto,2134.13916015625,1263.3802490234375,2137.3427734375,1277.4949951171875,2508.6083984375,1190.4210205078125,2493.48583984375,1252.8052978515625
3317,55.28333333333333,13.717327039241885,12.413744379661852,12.41211797421927,555.4090565924245,auto,2141.978515625,1270.404541015625,2141.074951171875,1292.418212890625,2510.454833984375,1201.868408203125,2496.746826171875,1265.478271484375
3318,55.3,13.704004185674053,12.398894138531293,12.39025095955781,555.7805701163345,auto,2148.645263671875,1276.286865234375,2143.84130859375,1292.426513671875,2523.689208984375,1209.877197265625,2505.937744140625,1274.59912109375
3319,55.31666666666667,13.693755615335848,12.375659271716643,12.364670400296772,556.4933960317978,auto,2154.48828125,1284.3037109375,2148.372802734375,1297.012451171875,2508.495361328125,1218.392822265625,2504.226806640625,1269.6298828125
3320,55.333333333333336,13.679635914202098,12.349452831314323,12.34142430001648,557.0343818614858,auto,2155.04248046875,1289.9600830078125,2150.570068359375,1307.7689208984375,2515.92041015625,1223.0516357421875,2506.82177734375,1277.5413818359375
3321,55.35,13.675070445835686,12.341423776655175,12.328412656585876,557.1781430144613,auto,2158.92138671875,1295.0361328125,2151.671875,1308.41748046875,2511.78564453125,1224.96630859375,2509.706787109375,1281.59130859375
3322,55.36666666666667,13.674382025423084,12.318196288892551,12.316397629444714,557.5984318245721,auto,2156.79296875,1300.7427978515625,2155.7900390625,1313.1749267578125,2534.518310546875,1240.2799072265625,2529.952880859375,1296.6932373046875
3323,55.38333333333333,13.660134452282543,12.312038379563598,12.310284000296019,557.4777140974145,auto,2156.46630859375,1307.04345703125,2155.488525390625,1320.853759765625,2533.867431640625,1240.021484375,2526.2724609375,1301.817626953125
3324,55.4,13.662068684086337,12.306078113221112,12.303806090684372,557.4775522769538,auto,2158.066162109375,1313.7064208984375,2156.799560546875,1323.6036376953125,2556.92236328125,1252.6610107421875,2538.1337890625,1309.4097900390625
3325,55.416666666666664,13.662196547364873,12.308892811030997,12.310066992683442,557.2365005341403,auto,2160.8896484375,1323.9515380859375,2161.5439453125,1325.6082763671875,2553.6376953125,1260.2650146484375,2539.48095703125,1319.2735595703125
3326,55.43333333333333,13.63048678827895,12.29169832540184,12.298146302728052,557.4210484020731,auto,2158.731201171875,1326.18408203125,2162.3251953125,1324.92333984375,2554.013671875,1265.23046875,2537.458984375,1325.519775390625
3327,55.45,13.625656005309539,12.26798598068099,12.271889724752596,557.6077152015766,auto,2153.952880859375,1324.66650390625,2156.12939453125,1328.984130859375,2549.122802734375,1262.275634765625,2535.765625,1333.15478515625
3328,55.46666666666667,13.609749430538974,12.257808608513907,12.26474241544827,558.0110120783862,auto,2161.60205078125,1330.40087890625,2165.47119140625,1333.57861328125,2540.829345703125,1263.980712890625,2521.593017578125,1330.61083984375
3329,55.483333333333334,13.578128917925374,12.23534780918386,12.238774906631255,558.793291377105,auto,2168.662841796875,1345.249267578125,2170.577880859375,1340.7109375,2550.681640625,1261.32958984375,2516.569580078125,1301.996826171875
3330,55.5,13.55829060508717,12.179206410061584,12.171219609766682,559.5780683415267,auto,2158.294921875,1350.2373046875,2153.82568359375,1352.519287109375,2548.65185546875,1285.21484375,2555.210205078125,1317.427001953125
3331,55.516666666666666,13.502360055036815,12.150513359951246,12.134345103129325,560.7232782484746,auto,2169.98828125,1357.20849609375,2160.92236328125,1358.2119140625,2550.98876953125,1305.41064453125,2541.765625,1336.9287109375
3332,55.53333333333333,13.476397213010783,12.098584695780023,12.160285039019282,561.5203137428424,auto,2162.330078125,1358.9654541015625,2196.97607421875,1374.6304931640625,2566.673828125,1312.9151611328125,2568.592529296875,1350.0142822265625
3333,55.55,13.449835978294004,12.091679439974753,12.107347353222375,561.5203137428424,auto,2166.36767578125,1370.97802734375,2175.165771484375,1375.586669921875,2563.76611328125,1312.299560546875,2539.50537109375,1336.035888671875
3334,55.56666666666667,13.404744504680707,12.053831481808299,12.073346885571038,562.3812753085541,auto,2159.27197265625,1377.2320556640625,2170.246826171875,1380.1285400390625,2558.76611328125,1329.7362060546875,2545.5166015625,1366.9591064453125
3335,55.583333333333336,13.404694091509807,12.006676985126477,12.041875988260784,562.2329412849729,auto,2133.98876953125,1373.6485595703125,2153.77880859375,1373.7237548828125,2552.739990234375,1330.8802490234375,2553.0576171875,1370.7152099609375
3336,55.6,13.37975603636543,12.006305280874281,12.048737752972459,562.2329412849729,auto,2139.80078125,1391.48681640625,2163.65771484375,1395.557861328125,2555.73828125,1336.2265625,2540.94189453125,1368.486328125
3337,55.61666666666667,13.330862982172269,11.945853219552856,11.94639582617727,563.3253424254477,auto,2128.7890625,1389.86474609375,2129.0947265625,1389.97509765625,2543.32177734375,1342.441650390625,2517.845703125,1374.11767578125
3338,55.63333333333333,13.286191702621192,11.898564493098236,11.92902239567853,564.752343982149,auto,2131.334228515625,1399.0245361328125,2148.535400390625,1401.1148681640625,2545.552978515625,1351.3929443359375,2517.587158203125,1366.3099365234375
3339,55.65,13.230669480687077,11.848068798123304,11.906435062996914,565.9807040768259,auto,2130.474365234375,1403.51318359375,2163.509033203125,1411.697998046875,2540.87158203125,1358.1591796875,2526.884765625,1372.609375
3340,55.666666666666664,13.171879820426698,11.804735064579278,11.912753347003532,566.9296729856147,auto,2128.92529296875,1403.750244140625,2190.163818359375,1426.712158203125,2538.941650390625,1352.771240234375,2533.40380859375,1379.3427734375
3341,55.68333333333333,13.16970819728821,11.788546816648097,11.823168291533914,567.5780910492211,auto,2137.0830078125,1414.275146484375,2156.733154296875,1426.701416015625,2538.93896484375,1372.9814453125,2534.36328125,1399.914794921875
3342,55.7,13.148824569584027,11.762383968712843,11.79543014350291,567.6095444604503,auto,2129.043212890625,1419.5687255859375,2147.80029296875,1420.9774169921875,2539.8310546875,1374.6260986328125,2549.76025390625,1401.8677978515625
3343,55.71666666666667,13.129204653851188,11.755176430708667,11.777674286247292,567.2632669073644,auto,2125.564453125,1422.86181640625,2138.32666015625,1423.9130859375,2515.68603515625,1380.33447265625,2515.07568359375,1387.693603515625
3344,55.733333333333334,13.12782730834139,11.748068606210023,11.79699315296392,566.7408469204058,auto,2118.033935546875,1422.358642578125,2145.761962890625,1430.1806640625,2502.3876953125,1384.05126953125,2492.44921875,1404.0859375
3345,55.75,13.128578231205212,11.738681910774792,11.779593403568128,566.2113308420463,auto,2110.02490234375,1422.984130859375,2133.189208984375,1435.632080078125,2497.41259765625,1389.91552734375,2504.8271484375,1403.70751953125
3346,55.766666666666666,13.109095075659262,11.73535974627981,11.759714004951364,566.1468133129599,auto,2114.264404296875,1421.6649169921875,2128.05224609375,1436.2950439453125,2493.046875,1385.8848876953125,2478.462890625,1404.3341064453125
3347,55.78333333333333,13.07766780397714,11.708846177887049,11.745374588222763,566.513775608163,auto,2113.543701171875,1426.87646484375,2134.2373046875,1438.06005859375,2488.02978515625,1385.8779296875,2490.89404296875,1393.18603515625
3348,55.8,13.048100480542795,11.664895937871435,11.74358227559104,567.4974610474712,auto,2114.03515625,1424.2337646484375,2158.689208984375,1424.5208740234375,2486.4140625,1383.9669189453125,2503.100341796875,1384.2930908203125
3349,55.81666666666667,12.992151051190255,11.626337548151314,11.70881737253199,568.0958423994606,auto,2113.086669921875,1423.3128662109375,2159.943359375,1428.5526123046875,2494.0166015625,1382.8260498046875,2501.233642578125,1385.6658935546875
3350,55.833333333333336,12.952955989827545,11.58747288906084,11.661273452800021,568.9690193071816,auto,2115.08251953125,1422.59619140625,2157.07275390625,1421.97119140625,2497.962890625,1387.185791015625,2501.794921875,1377.881591796875
3351,55.85,12.903333507876201,11.536497848522675,11.593268065727827,570.0749943064121,auto,2111.801513671875,1424.7735595703125,2144.164306640625,1435.6197509765625,2495.68505859375,1384.5977783203125,2517.36083984375,1385.4132080078125
3352,55.86666666666667,12.881544343272754,11.505635837388633,11.5842934310861,570.4362225670892,auto,2108.132080078125,1423.717041015625,2153.001220703125,1441.545654296875,2499.66650390625,1391.321044921875,2526.06640625,1395.9267578125
3353,55.88333333333333,12.860248513344533,11.50053874408876,11.57421159621359,570.4921683367718,auto,2113.29638671875,1424.277099609375,2155.325927734375,1443.562744140625,2509.6298828125,1393.16015625,2527.546142578125,1409.5498046875
3354,55.9,12.861906327032619,11.512897509419798,11.554063550954275,570.1353340979706,auto,2120.88232421875,1430.102294921875,2144.3525390625,1441.5673828125,2504.8876953125,1393.21240234375,2523.80908203125,1411.752685546875
3355,55.916666666666664,12.851660492245898,11.487030636226555,11.528413828330642,569.6922444854472,auto,2104.581298828125,1425.142578125,2128.15673828125,1427.748779296875,2496.71044921875,1390.626708984375,2517.829833984375,1394.214599609375
3356,55.93333333333333,12.847611570747304,11.487288569535803,11.526270837691799,569.2066135032442,auto,2101.6953125,1423.9351806640625,2123.88427734375,1432.3751220703125,2489.55859375,1392.1939697265625,2510.2265625,1402.1290283203125
3357,55.95,12.838960686642517,11.483457305421927,11.48948582603228,568.9913003466709,auto,2100.73046875,1423.04052734375,2104.16064453125,1421.787841796875,2480.701171875,1388.570556640625,2491.152099609375,1404.265380859375
3358,55.96666666666667,12.814891216059094,11.467628976846271,11.501563842841126,568.7596129870356,auto,2094.7314453125,1419.61865234375,2114.0322265625,1425.07373046875,2482.3212890625,1389.0009765625,2490.4072265625,1413.49755859375
3359,55.983333333333334,12.799805166424278,11.46037590370081,11.48884136482229,568.9460792812598,auto,2099.93701171875,1418.245849609375,2116.132568359375,1422.629638671875,2474.386474609375,1389.345947265625,2477.3740234375,1407.475341796875
3360,56.0,12.766806931856301,11.420185905676263,11.517425393515044,569.5807682505116,auto,2092.99072265625,1412.18896484375,2148.37646484375,1427.802978515625,2494.083984375,1386.296875,2499.978515625,1393.67529296875
3361,56.016666666666666,12.759437988750914,11.407551248184244,11.441690447601689,569.9751729915467,auto,2098.4580078125,1412.1412353515625,2117.91650390625,1416.8018798828125,2495.65380859375,1379.8489990234375,2491.67138671875,1407.7574462890625
3362,56.03333333333333,12.721809857847555,11.399927890664245,11.42777835661604,569.990884397615,auto,2102.53955078125,1409.3697509765625,2118.413818359375,1411.7459716796875,2494.5185546875,1380.9217529296875,2488.0751953125,1411.0203857421875
3363,56.05,12.697381261206134,11.393443529207696,11.391383666420698,570.3315264085376,auto,2111.323486328125,1410.333984375,2110.1484375,1409.49462890625,2497.2568359375,1374.380859375,2479.24365234375,1406.64990234375
3364,56.06666666666667,12.669188702075132,11.338339620018187,11.357439000580323,571.2053295790113,auto,2099.81201171875,1403.4921875,2110.721435546875,1402.45654296875,2482.447509765625,1378.5810546875,2476.61767578125,1406.68798828125
3365,56.083333333333336,12.622458952108563,11.32288597710625,11.31146855745535,571.9997966647126,auto,2110.644775390625,1401.418701171875,2104.11376953125,1397.98291015625,2492.084228515625,1372.58935546875,2474.684326171875,1394.396240234375
3366,56.1,12.601779044409845,11.280187560412491,11.329423721159364,572.4463111299872,auto,2101.4599609375,1396.34130859375,2129.64501953125,1405.7587890625,2489.54248046875,1376.286865234375,2481.1337890625,1401.293701171875
3367,56.11666666666667,12.559087783930053,11.237411665202158,11.266035720100167,573.0606781934736,auto,2093.599609375,1389.341796875,2110.002685546875,1390.8212890625,2483.134765625,1372.4775390625,2475.5791015625,1392.30322265625
3368,56.13333333333333,12.544196805457554,11.237932058501837,11.257221762977396,572.4039951073352,auto,2093.2890625,1386.9560546875,2104.330322265625,1388.422607421875,2483.5966796875,1373.1591796875,2473.22802734375,1390.539794921875
3369,56.15,12.54790318997981,11.263984519904982,11.258294105458894,571.7365579560984,auto,2104.9365234375,1386.3436279296875,2101.68310546875,1389.6246337890625,2475.32080078125,1364.5941162109375,2456.3701171875,1391.8250732421875
3370,56.166666666666664,12.535542730050654,11.27012191866515,11.267255886648295,570.5637259572669,auto,2096.99658203125,1380.2718505859375,2095.361328125,1380.7655029296875,2470.8955078125,1357.7152099609375,2450.04833984375,1386.2410888671875
3371,56.18333333333333,12.553518769584667,11.301801855893498,11.300625587879845,569.1165499521355,auto,2099.626953125,1378.89111328125,2098.957763671875,1380.1767578125,2466.91845703125,1353.953125,2451.27099609375,1389.759765625
3372,56.2,12.564392584888019,11.300011045534262,11.300923912164881,568.5857619726978,auto,2097.0908203125,1378.1168212890625,2097.60986328125,1380.9678955078125,2475.609375,1351.4576416015625,2454.9404296875,1385.4659423828125
3373,56.21666666666667,13.299395888307526,11.95301286062586,11.95768242011892,536.0098080385386,auto,2089.32568359375,1369.48046875,2091.82861328125,1374.98828125,2472.21533203125,1350.8515625,2449.38427734375,1382.2265625
3374,56.233333333333334,13.273644565552987,11.892802726931953,11.929416670100336,535.9713196486683,auto,2075.908203125,1359.3218994140625,2095.532470703125,1369.4202880859375,2473.20068359375,1351.9749755859375,2457.55126953125,1380.6026611328125
3375,56.25,13.228262242013507,11.848990766686757,11.88325355331687,536.2248783817006,auto,2080.400634765625,1357.9666748046875,2098.77294921875,1365.3885498046875,2467.13720703125,1347.2093505859375,2453.5888671875,1375.2823486328125
3376,56.266666666666666,13.198310358356135,11.836500506346681,11.859415939813584,536.7263256884769,auto,2103.08056640625,1362.3370361328125,2115.3798828125,1363.2791748046875,2489.472412109375,1349.6636962890625,2472.625,1376.7564697265625
3377,56.28333333333333,13.163526674744483,11.806772304847625,11.83114708302215,537.2845370111606,auto,2111.03662109375,1359.5001220703125,2124.1328125,1365.9718017578125,2484.89892578125,1348.3194580078125,2466.199951171875,1375.9639892578125
3378,56.3,13.149728575018827,11.769235595770716,11.770617200962276,537.8990083710218,auto,2107.43408203125,1353.195068359375,2108.17724609375,1357.7919921875,2485.605224609375,1346.9208984375,2460.7685546875,1370.30029296875
3379,56.31666666666667,13.101937485988099,11.761227527645996,11.746780455920371,538.1307859578508,auto,2109.5224609375,1352.3953857421875,2101.748046875,1351.3455810546875,2483.16650390625,1344.6717529296875,2464.07568359375,1362.3197021484375
3380,56.333333333333336,13.081874352618296,11.700992159321137,11.725718063606733,538.4622010167249,auto,2083.447509765625,1346.5238037109375,2096.76123046875,1349.0028076171875,2469.13427734375,1346.4232177734375,2463.400390625,1364.0604248046875
3381,56.35,13.047872530059642,11.68724972801701,11.667025046511723,539.0130462450431,auto,2088.6064453125,1345.1806640625,2077.704833984375,1347.09423828125,2482.8017578125,1350.228271484375,2455.4775390625,1380.013427734375
3382,56.36666666666667,13.007703969402524,11.655163182871215,11.630626564683508,539.8301170690929,auto,2093.85791015625,1342.806396484375,2080.6123046875,1344.1572265625,2479.244140625,1348.64892578125,2460.95556640625,1374.21435546875
3383,56.38333333333333,11.960331790755783,10.695540971963103,10.665306386688629,586.2200831547036,auto,2093.55419921875,1336.184326171875,2075.830078125,1338.08203125,2481.48779296875,1348.4853515625,2453.22314453125,1375.7958984375
3384,56.4,12.896278789733396,11.507801209170673,11.53976626504953,543.2568127148364,auto,2100.700439453125,1335.841552734375,2118.065673828125,1336.61669921875,2497.262939453125,1343.867431640625,2498.607177734375,1356.310546875
3385,56.416666666666664,12.80154263711817,11.440507671459772,11.42210156077398,545.5262003151261,auto,2110.519775390625,1334.642333984375,2100.478759765625,1330.752197265625,2514.2431640625,1344.668701171875,2480.267578125,1369.10302734375
3386,56.43333333333333,12.779408467980376,11.372402695421734,11.386557192871319,547.3221737538618,auto,2109.91455078125,1329.478515625,2117.661376953125,1330.09033203125,2527.5390625,1345.81689453125,2514.81591796875,1352.509765625
3387,56.45,12.746052657388217,11.338118004818545,11.8277743867297,548.3088142512231,auto,2112.01708984375,1329.067626953125,2380.5,1226.804931640625,2524.32763671875,1347.687255859375,2536.257080078125,1343.929443359375
3388,56.46666666666667,12.715166884222608,11.327964571187339,11.326841595340863,548.7303573216835,auto,2117.7998046875,1331.930908203125,2117.18359375,1328.750732421875,2497.2041015625,1343.8916015625,2490.46826171875,1344.222900390625
3389,56.483333333333334,12.698265561843087,11.320946591410902,11.304213787103196,548.8960573255661,auto,2119.9951171875,1326.607177734375,2110.810546875,1326.4951171875,2511.083984375,1339.67431640625,2501.613525390625,1346.311767578125
3390,56.5,12.683427332885165,11.314446064829518,11.293144673553728,548.8564619386049,auto,2119.62548828125,1325.7923583984375,2107.934326171875,1323.3052978515625,2516.176025390625,1336.6988525390625,2501.369140625,1344.0655517578125
3391,56.516666666666666,12.684966733119651,11.33822397958482,11.313162961623435,548.9336450218376,auto,2137.727783203125,1319.62451171875,2123.970703125,1332.32080078125,2507.59326171875,1333.5615234375,2494.5166015625,1341.693359375
3392,56.53333333333333,12.666507673123377,11.275360214108646,11.273698797258008,548.9948983296715,auto,2108.26708984375,1322.839599609375,2107.354736328125,1310.014404296875,2501.86767578125,1329.219970703125,2497.34716796875,1330.853515625
3393,56.55,12.642076542514241,11.282584099454619,11.2586158980116,548.9654647233602,auto,2115.685791015625,1306.192626953125,2102.52783203125,1329.170654296875,2492.961181640625,1320.370849609375,2469.09326171875,1335.202392578125
3394,56.56666666666667,12.630275217578998,11.264718472247228,11.244885123625746,548.934385162683,auto,2108.39892578125,1319.7974853515625,2097.51171875,1309.7467041015625,2488.8271484375,1309.2845458984375,2470.3544921875,1317.2386474609375
3395,56.583333333333336,12.626165185406704,11.287869134257223,11.268756654219871,548.9704883664708,auto,2124.31494140625,1315.260986328125,2113.82275390625,1311.062744140625,2517.9833984375,1321.807373046875,2488.73583984375,1334.11865234375
3396,56.6,12.626680178302358,11.24182777783521,11.273420683139713,549.007012660777,auto,2102.706298828125,1315.3531494140625,2120.051025390625,1289.4693603515625,2507.153076171875,1322.7364501953125,2507.4638671875,1312.5860595703125
3397,56.61666666666667,12.596608096648067,11.25101536739864,11.251257173627712,549.2517728333306,auto,2114.930908203125,1308.5821533203125,2115.063720703125,1293.3919677734375,2499.579345703125,1310.1890869140625,2488.506103515625,1311.6839599609375
3398,56.63333333333333,12.57754530429235,11.250587466669447,11.237472927184074,549.5078936463675,auto,2121.826171875,1300.9322509765625,2114.61962890625,1290.0587158203125,2525.03125,1306.6739501953125,2478.674560546875,1309.9559326171875
3399,56.65,12.565230105275655,11.244723742643917,11.217465998607079,549.6574424777066,auto,2124.174072265625,1305.1265869140625,2109.191162109375,1298.8607177734375,2530.4970703125,1303.9925537109375,2485.66748046875,1304.1734619140625
3400,56.666666666666664,12.528809038385722,11.809152415852408,11.174444876492434,550.4572938956378,auto,2450.85986328125,1276.4788818359375,2101.48046875,1303.4461669921875,2510.9853515625,1296.1268310546875,2450.5166015625,1299.6268310546875
3401,56.68333333333333,12.521633186561576,11.147869510611503,11.134105174473198,550.8461268175228,auto,2097.267822265625,1306.9193115234375,2089.685302734375,1286.2598876953125,2499.007568359375,1297.5311279296875,2479.84326171875,1295.6815185546875
3402,56.7,12.512085767207669,11.171761617021676,11.148147023729507,551.1273591070354,auto,2117.310791015625,1310.9766845703125,2104.2958984375,1289.7904052734375,2512.0478515625,1300.3560791015625,2486.03271484375,1293.0191650390625
3403,56.71666666666667,12.505279976026484,11.168507475396753,11.160762989613643,550.9212208517522,auto,2112.543701171875,1311.845947265625,2108.27734375,1292.465576171875,2499.56201171875,1306.32177734375,2483.227783203125,1295.682373046875
3404,56.733333333333334,12.52516577455574,11.190497848721986,11.194775027132518,550.7062188941228,auto,2119.990234375,1321.5784912109375,2122.34521484375,1299.8052978515625,2501.076171875,1313.0540771484375,2486.7548828125,1299.5677490234375
3405,56.75,12.502261131790334,11.185162834268716,11.169484515704836,550.7456421310786,auto,2115.613525390625,1336.7313232421875,2106.979248046875,1298.6790771484375,2492.926513671875,1305.4925537109375,2480.43896484375,1293.0550537109375
3406,56.766666666666666,12.483788961299084,11.169598424903798,11.184475358092216,551.0050708154047,auto,2111.874267578125,1353.998779296875,2120.071533203125,1328.852783203125,2483.5927734375,1313.389892578125,2475.631103515625,1303.3955078125
3407,56.78333333333333,12.476499727567337,11.181907376327521,11.183288710411164,551.4370194869555,auto,2129.11376953125,1362.2362060546875,2129.87548828125,1343.5621337890625,2481.73681640625,1312.0814208984375,2482.72265625,1307.0433349609375
3408,56.8,12.43311100211408,11.202258089047762,11.19449147908738,551.866623193959,auto,2151.733154296875,1372.572265625,2147.447021484375,1362.6875,2472.133544921875,1301.952880859375,2478.8984375,1310.05078125
3409,56.81666666666667,12.4208230824318,11.189622479834968,11.188510625149,552.4623138718862,auto,2158.807861328125,1385.46044921875,2158.193603515625,1383.19775390625,2470.35107421875,1290.42431640625,2486.21044921875,1291.466796875
3410,56.833333333333336,12.375026928451193,11.213774181444057,11.222029994257792,552.8183531677779,auto,2183.0380859375,1394.6431884765625,2187.601806640625,1399.0826416015625,2448.0625,1280.5596923828125,2477.55419921875,1297.5155029296875
3411,56.85,12.357592249847192,11.19670242935099,11.499351781041602,552.9940187054831,auto,2181.034912109375,1430.6417236328125,2348.398193359375,1223.3394775390625,2431.701171875,1288.0169677734375,2496.1025390625,1288.6248779296875
3412,56.86666666666667,12.329230608440325,11.217413564218651,11.442303471161141,553.2828754596744,auto,2201.8505859375,1452.1195068359375,2326.2783203125,1177.2188720703125,2424.634521484375,1273.8133544921875,2493.56396484375,1288.5006103515625
3413,56.88333333333333,12.304225389598516,11.239854770825742,11.989161952153314,553.4031377863196,auto,2220.9736328125,1457.36083984375,2635.64306640625,1292.36572265625,2435.08349609375,1279.34716796875,2517.237548828125,1294.2724609375
3414,56.9,12.254573390512109,11.289075115530752,11.993672389623846,553.5146063607551,auto,2255.58251953125,1450.27685546875,2645.587646484375,1282.265625,2400.990966796875,1208.983154296875,2433.45068359375,1267.81103515625
3415,56.916666666666664,12.235592905646806,11.2990367672963,11.317556294232546,553.6807870578765,auto,2269.447021484375,1455.8463134765625,2279.700439453125,1453.9237060546875,2414.94384765625,1217.8428955078125,2449.325927734375,1250.5836181640625
3416,56.93333333333333,12.227252038101168,11.326525504529029,11.348806016692956,553.4238313522119,auto,2286.51611328125,1457.4925537109375,2298.846923828125,1445.8489990234375,2430.50390625,1221.5494384765625,2463.719482421875,1248.1397705078125
3417,56.95,12.206483530017307,11.353746891693426,11.363055211277864,553.1006379076383,auto,2300.35107421875,1449.2447509765625,2305.4990234375,1439.0274658203125,2456.4150390625,1272.6212158203125,2464.451171875,1293.1114501953125
3418,56.96666666666667,12.201402168081495,11.38095701666422,11.379721269750505,552.787517548017,auto,2314.468017578125,1444.7843017578125,2313.78515625,1436.1180419921875,2475.61767578125,1281.9295654296875,2479.578125,1307.3870849609375
3419,56.983333333333334,12.172613184476495,11.416618949147022,11.37658937662095,552.5577953485362,auto,2334.26953125,1423.4510498046875,2312.15087890625,1429.9493408203125,2456.0927734375,1239.5306396484375,2416.773681640625,1299.8189697265625
3420,57.0,12.169037518013889,11.421960086650685,11.389851169690568,552.4105565295489,auto,2341.306396484375,1408.31591796875,2323.569091796875,1417.7001953125,2442.776611328125,1249.6875,2482.30029296875,1267.29638671875
3421,57.016666666666666,12.144140699019793,11.408411884782176,11.34442805493652,552.3932900939064,auto,2340.58837890625,1397.5494384765625,2305.243896484375,1405.7081298828125,2481.108642578125,1288.4810791015625,2498.564208984375,1310.0777587890625
3422,57.03333333333333,12.093286603418695,11.406724718668407,11.348314065472632,552.4764070749113,auto,2347.69091796875,1380.8936767578125,2315.419921875,1379.3983154296875,2471.3896484375,1308.3487548828125,2537.29345703125,1334.4610595703125
3423,57.05,12.026500233300531,11.401288334625688,11.288739591270373,552.6555138637423,auto,2354.47314453125,1362.9945068359375,2292.2724609375,1377.3348388671875,2448.11865234375,1243.6988525390625,2426.073486328125,1304.5096435546875
3424,57.06666666666667,12.006485363337008,11.363701040897404,11.264715621129792,552.9243139140436,auto,2344.5888671875,1352.0396728515625,2289.857421875,1347.8270263671875,2419.880126953125,1269.5338134765625,2417.4052734375,1328.1912841796875
3425,57.083333333333336,11.979269202506202,11.320296881110853,11.254302804933397,553.0281526043703,auto,2328.56982421875,1341.9442138671875,2292.073486328125,1331.2635498046875,2434.06982421875,1280.7337646484375,2429.887939453125,1321.0584716796875
3426,57.1,11.951946725201779,11.308317861218217,11.197161308505622,553.1726923039344,auto,2328.962158203125,1322.1658935546875,2267.4736328125,1310.2823486328125,2418.32958984375,1283.9195556640625,2393.33251953125,1333.2105712890625
3427,57.11666666666667,11.936377276641755,11.270475896260386,11.179615928544893,553.1455747362053,auto,2310.659912109375,1306.7835693359375,2260.401123046875,1299.2984619140625,2406.074462890625,1265.0948486328125,2404.033203125,1325.4525146484375
3429,57.15,11.890243588915144,11.669696614411187,11.074663427419479,552.9948583747403,auto,2535.038330078125,1312.6776123046875,2205.98828125,1275.8470458984375,2351.423828125,1293.9173583984375,2360.618408203125,1303.3702392578125
3430,57.166666666666664,11.885749650878823,11.085316636700538,11.066083113565684,553.0301794123765,auto,2216.33642578125,1276.6651611328125,2205.699951171875,1263.6004638671875,2344.964599609375,1302.0714111328125,2397.464111328125,1295.4251708984375
3431,57.18333333333333,11.850979024198454,11.032787484507319,11.044944481849246,553.3078860518906,auto,2196.287841796875,1262.648681640625,2203.014404296875,1266.969970703125,2328.86474609375,1296.44970703125,2371.279296875,1313.105224609375
3432,57.2,11.834109840839616,11.005776338462905,10.992545517649342,553.6463244208093,auto,2191.396240234375,1269.984375,2184.071044921875,1258.4404296875,2330.431884765625,1292.39990234375,2365.689208984375,1309.44921875
3433,57.21666666666667,11.804853551993016,10.954533887130186,10.943593473855374,554.2720088747571,auto,2176.691650390625,1269.9300537109375,2170.6279296875,1253.7188720703125,2300.12841796875,1285.9847412109375,2347.532958984375,1296.1209716796875
3434,57.233333333333334,11.774527905336939,10.904279102420022,10.87576634209049,554.9358856659348,auto,2163.067626953125,1264.4686279296875,2147.244873046875,1260.0899658203125,2312.730712890625,1286.2135009765625,2304.59619140625,1326.5301513671875
3435,57.25,11.768721380179304,10.882488097276104,10.85553233810509,555.4891894345922,auto,2163.70703125,1273.0718994140625,2148.733154296875,1260.5699462890625,2336.198974609375,1275.0599365234375,2324.114990234375,1333.7242431640625
3436,57.266666666666666,11.748169216220804,10.776750503001617,10.80860772196009,556.1006544730992,auto,2118.79345703125,1266.8455810546875,2136.509033203125,1282.8182373046875,2304.95849609375,1294.2677001953125,2306.256591796875,1342.6651611328125
3437,57.28333333333333,11.703715919920391,10.682092364341383,10.701723426750863,556.7050172598986,auto,2080.2568359375,1267.2557373046875,2091.185791015625,1265.4505615234375,2269.87109375,1303.5640869140625,2323.30322265625,1304.3177490234375
3438,57.3,11.682435853387231,10.634934729369546,10.615047669666628,557.4693266307625,auto,2070.05029296875,1275.90234375,2058.963623046875,1275.04345703125,2257.41015625,1301.40185546875,2274.419921875,1309.915283203125
3439,57.31666666666667,11.654557169105361,10.58004851643423,10.60062307182018,558.2071187352115,auto,2056.20166015625,1270.781982421875,2067.6865234375,1264.543701171875,2248.329345703125,1299.391357421875,2278.030029296875,1312.702880859375
3440,57.333333333333336,11.637392503302985,10.528836391734417,10.54648912423425,559.2098578134138,auto,2046.084716796875,1270.8651123046875,2055.9560546875,1282.8082275390625,2304.237548828125,1276.4715576171875,2312.508544921875,1324.0174560546875
3441,57.35,11.631868400952287,10.467994409785327,10.50753450791179,559.4350604986229,auto,2021.888427734375,1276.15771484375,2044.008056640625,1284.7890625,2316.1689453125,1268.911376953125,2315.25341796875,1342.276123046875
3442,57.36666666666667,11.619828346514256,10.45509639501577,10.492485873480843,559.5919606646702,auto,2023.225341796875,1280.231689453125,2044.1484375,1306.1806640625,2329.76611328125,1248.602783203125,2339.64306640625,1324.95263671875
3443,57.38333333333333,11.620759725625467,10.439347149252306,10.453094714478958,559.2609626317155,auto,2014.28173828125,1273.2286376953125,2021.970458984375,1301.3245849609375,2343.322509765625,1236.9576416015625,2340.245361328125,1293.3848876953125
3444,57.4,11.64917850843886,10.447042104938777,10.44996086224745,558.4166959198053,auto,2010.706787109375,1311.7056884765625,2012.3369140625,1329.0096435546875,2341.42236328125,1245.0845947265625,2332.76220703125,1317.5960693359375
3445,57.416666666666664,11.67249984508069,10.457304097963076,10.452380545878315,557.5481157182933,auto,2008.469970703125,1321.72802734375,2005.724609375,1328.6357421875,2364.09521484375,1255.42041015625,2344.41162109375,1308.149169921875
3446,57.43333333333333,11.70015949195133,10.426551054395922,10.44377757075059,557.0876600885761,auto,1989.48828125,1337.604248046875,1999.08544921875,1350.572998046875,2376.12744140625,1257.994384765625,2340.93115234375,1309.51220703125
3447,57.45,11.697722514935215,10.432117007576458,10.43276910916588,557.0930295114556,auto,1999.93994140625,1352.3359375,2000.30322265625,1356.22802734375,2374.484130859375,1256.593017578125,2354.169189453125,1315.930419921875
3448,57.46666666666667,11.696881066086323,10.418134146067917,10.42714205658356,557.019090751989,auto,2002.713623046875,1360.2562255859375,2007.731201171875,1369.8629150390625,2366.240966796875,1277.4720458984375,2351.951171875,1320.6248779296875
3449,57.483333333333334,11.709167865662986,10.421331793420443,10.421574204101542,555.9393026278402,auto,2007.041015625,1369.6136474609375,2007.17578125,1375.1090087890625,2370.1904296875,1280.7320556640625,2355.04296875,1325.6590576171875
3450,57.5,12.327948206750357,10.951929552329155,10.95927818711942,528.3719508204689,auto,2015.95068359375,1377.206298828125,2019.83349609375,1382.0693359375,2390.47900390625,1294.427734375,2376.4443359375,1338.373779296875
3451,57.516666666666666,12.324045417947875,10.943141162306222,10.94385486721127,528.1638424151458,auto,2023.65625,1379.5673828125,2024.033203125,1388.29931640625,2401.283447265625,1308.056640625,2386.51953125,1353.458251953125
3452,57.53333333333333,12.328115184623204,10.93993651322088,10.929808202831106,527.9909525086819,auto,2032.054443359375,1393.940185546875,2026.70654296875,1394.32666015625,2397.315673828125,1309.58837890625,2385.18505859375,1350.49560546875
3453,57.55,12.316307834720002,10.922579901277748,10.917458430564256,528.4698712852628,auto,2038.456787109375,1399.10595703125,2035.75048828125,1397.49560546875,2387.56005859375,1319.97119140625,2398.33203125,1357.3447265625
3454,57.56666666666667,12.322916902473585,10.905779937242185,10.914963708347258,528.3819693436735,auto,2039.21044921875,1400.6915283203125,2044.06298828125,1403.8648681640625,2397.35205078125,1322.3192138671875,2410.69482421875,1361.6458740234375
3455,57.583333333333336,12.310400876361493,10.90197814896203,10.895282888109836,528.5192462054317,auto,2051.621337890625,1403.6624755859375,2048.0830078125,1407.3978271484375,2406.272216796875,1313.4691162109375,2418.09375,1367.6612548828125
3456,57.6,12.31424321256974,10.89674358267882,10.882501732564569,528.3312211642128,auto,2060.090576171875,1410.6419677734375,2052.56591796875,1419.3558349609375,2408.985595703125,1312.8568115234375,2416.922119140625,1388.1002197265625
3457,57.61666666666667,12.288533551483749,10.871337928625339,10.854683174077643,528.7177326619823,auto,2064.703857421875,1417.680908203125,2055.897705078125,1430.20654296875,2423.494140625,1332.200927734375,2422.3720703125,1397.04931640625
3458,57.63333333333333,12.266797483051953,10.862268913988077,10.854390707899665,528.8645485396428,auto,2074.194580078125,1429.5899658203125,2070.028076171875,1435.3521728515625,2427.532470703125,1336.7803955078125,2413.241943359375,1395.0548095703125
3459,57.65,12.244270165727151,10.822054811648526,10.816653087621756,529.4352816021233,auto,2071.029052734375,1440.135498046875,2068.16943359375,1443.53466796875,2430.498046875,1341.994384765625,2426.63623046875,1405.904296875
3460,57.666666666666664,12.227519891060686,10.79798051949919,10.809809334114687,529.7742644719382,auto,2072.66650390625,1448.80908203125,2078.93310546875,1451.76611328125,2444.822265625,1351.368896484375,2435.49560546875,1395.933837890625
3461,57.68333333333333,12.20245062529292,10.771210885561171,10.778292844351839,530.2729378626799,auto,2074.05224609375,1454.3834228515625,2077.8076171875,1451.7847900390625,2450.438720703125,1371.0948486328125,2449.451416015625,1403.6304931640625
3462,57.7,12.170971639516704,10.741309062190803,10.79768439431182,530.8657749590884,auto,2074.041259765625,1459.4163818359375,2103.968994140625,1473.3875732421875,2430.91552734375,1380.4376220703125,2450.67529296875,1409.6541748046875
3463,57.71666666666667,12.13631869647469,10.68748811230712,10.742374874423621,531.5542736301945,auto,2062.867919921875,1463.2757568359375,2092.043212890625,1476.4332275390625,2435.97802734375,1377.7415771484375,2422.174560546875,1419.6014404296875
3464,57.733333333333334,12.097651676314701,10.679302347799238,10.719906363386215,531.7770876626191,auto,2070.75439453125,1470.0390625,2092.346435546875,1481.5146484375,2448.3515625,1388.669921875,2426.271484375,1439.35595703125
3465,57.75,12.069508071637742,10.61998236963045,10.681120075128684,532.3775169267763,auto,2056.304931640625,1473.2713623046875,2088.853515625,1488.9232177734375,2460.059326171875,1404.0596923828125,2429.5283203125,1435.2059326171875
3466,57.766666666666666,12.042072858887916,10.592687435866438,10.647588946043804,532.6121420527901,auto,2055.03955078125,1477.105224609375,2084.28125,1478.258544921875,2451.94287109375,1402.36279296875,2431.569091796875,1420.64404296875
3467,57.78333333333333,11.984476350023673,10.586813709249771,10.593374684529437,533.0851656445824,auto,2067.9267578125,1482.125244140625,2071.42431640625,1480.80322265625,2447.86376953125,1400.791015625,2440.39306640625,1420.93408203125
3468,57.8,11.969082866340512,10.54185410650243,10.565817685320523,533.2799817593173,auto,2055.8876953125,1484.245849609375,2068.6669921875,1487.410888671875,2434.4833984375,1416.086181640625,2421.92724609375,1442.392333984375
3469,57.81666666666667,11.955162689201222,10.509372253703903,10.551341738931319,533.2883121206171,auto,2047.97705078125,1486.203857421875,2070.358642578125,1494.811279296875,2436.6708984375,1418.531005859375,2430.117431640625,1444.284423828125
3470,57.833333333333336,11.941120323761018,10.485886426415968,10.519414823737055,533.7709465684678,auto,2050.23876953125,1487.0045166015625,2068.134765625,1487.6590576171875,2432.2255859375,1421.1263427734375,2425.4638671875,1439.5535888671875
3471,57.85,11.919435907453845,10.467595970648837,10.52445403282975,533.5380126652252,auto,2046.38818359375,1488.68994140625,2076.723876953125,1497.0615234375,2435.7041015625,1427.09814453125,2440.114990234375,1456.86376953125
3472,57.86666666666667,11.866251292440742,10.44524100896571,10.464606717961761,534.0766733409142,auto,2048.0712890625,1490.497802734375,2058.41455078125,1496.431396484375,2443.62939453125,1417.675048828125,2419.21240234375,1454.922607421875
3473,57.88333333333333,11.850998549591376,10.419239454901916,10.429451615350212,534.461619569566,auto,2045.780029296875,1487.4193115234375,2051.23779296875,1489.5426025390625,2442.349365234375,1429.9688720703125,2428.18994140625,1463.4188232421875
3474,57.9,11.822723961072867,10.392070415344376,10.425540814617552,534.6958734771634,auto,2042.035400390625,1489.189697265625,2059.931884765625,1492.304931640625,2436.2109375,1434.941650390625,2414.65673828125,1470.402099609375
3475,57.916666666666664,11.822180686834473,10.365549791933066,10.41409973981027,535.2694662665634,auto,2042.310302734375,1485.3634033203125,2068.29736328125,1504.3797607421875,2434.38525390625,1437.4754638671875,2432.889892578125,1482.8033447265625
3476,57.93333333333333,11.802971952534854,10.354034187292266,10.379430612907381,535.5122749303742,auto,2046.0760498046875,1484.4383544921875,2059.67626953125,1500.0186767578125,2436.90478515625,1425.8546142578125,2402.990234375,1465.4256591796875
3477,57.95,11.782664013827521,10.323916895039451,10.380919543452539,535.7224358235078,auto,2038.5166015625,1485.0198974609375,2069.053955078125,1500.9039306640625,2416.640625,1433.8641357421875,2408.1884765625,1464.2347412109375
3478,57.96666666666667,11.73617281569399,10.286116202370698,10.326892942280955,536.0027643358044,auto,2027.765380859375,1478.4407958984375,2049.621826171875,1491.5762939453125,2409.6865234375,1435.8555908203125,2395.7177734375,1452.4827880859375
3479,57.983333333333334,11.70613086069264,10.249536160734266,10.334966518792868,536.3012316836114,auto,2017.826416015625,1474.0240478515625,2063.642578125,1486.2432861328125,2401.785888671875,1439.7965087890625,2411.059326171875,1449.1929931640625
3480,58.0,11.686385861827986,10.227951454936216,10.250987553801366,536.5644432616467,auto,2016.4560546875,1473.295166015625,2028.81640625,1480.061767578125,2407.09130859375,1429.713134765625,2397.5029296875,1434.704833984375
3481,58.016666666666666,11.674601559379981,10.209722639392256,10.27339881355785,536.6048723913834,auto,2013.9385986328125,1466.444580078125,2048.107421875,1477.728515625,2404.34326171875,1430.854736328125,2414.28564453125,1441.36865234375
3482,58.03333333333333,11.633278837057869,10.177779741342514,10.210503312704379,537.1402846935044,auto,2009.192626953125,1459.3609619140625,2026.769775390625,1465.7381591796875,2397.055419921875,1433.8370361328125,2407.765625,1440.1334228515625
3483,58.05,11.619012198798066,10.15302112357511,10.165396399497682,537.6300580388641,auto,2007.8388671875,1458.1905517578125,2014.4921875,1460.8875732421875,2401.176513671875,1430.5035400390625,2409.94287109375,1433.8006591796875
3484,58.06666666666667,11.58059846172452,10.095855275534964,10.133971560542545,538.2634104666827,auto,1990.817138671875,1448.0369873046875,2011.33349609375,1453.4051513671875,2395.108642578125,1440.0889892578125,2413.8427734375,1434.9339599609375
3485,58.083333333333336,11.520030086082922,10.072691362314934,10.106533808861075,539.2636130818208,auto,1997.5029296875,1448.179443359375,2015.7529296875,1455.33984375,2391.554931640625,1435.44677734375,2411.72021484375,1431.85791015625
3486,58.1,11.488901320903146,10.046090543287164,10.069814137633937,540.0741478174243,auto,2001.77490234375,1448.9189453125,2014.587646484375,1452.54296875,2399.312255859375,1437.76513671875,2408.208740234375,1435.2900390625
3487,58.11666666666667,11.430726238506681,9.995309854297497,10.044810103217769,541.4863868800389,auto,2001.741455078125,1448.33740234375,2028.544921875,1453.5859375,2387.30810546875,1435.61328125,2419.475830078125,1428.22607421875
3488,58.13333333333333,11.372328833593105,9.955949321896565,10.031359462042936,542.5279583831851,auto,2004.574462890625,1450.174072265625,2045.486572265625,1451.967041015625,2379.3798828125,1435.12841796875,2414.13134765625,1426.272216796875
3489,58.15,11.322436541245938,9.90038706431011,9.957804963931352,544.1788305539268,auto,2005.15087890625,1447.071533203125,2036.396484375,1458.5830078125,2385.56787109375,1439.126953125,2422.03125,1440.0556640625
3490,58.166666666666664,11.272412049921623,9.855894320131796,9.88031874802683,545.9682001481266,auto,2013.62646484375,1447.6685791015625,2026.96142578125,1453.0631103515625,2399.17236328125,1444.1583251953125,2419.789794921875,1447.1051025390625
3491,58.18333333333333,11.224185222495223,9.819784064449653,9.8394842913584,547.1661278284312,auto,2018.5592041015625,1447.5484619140625,2029.3385009765625,1454.7655029296875,2400.9873046875,1438.7574462890625,2417.1630859375,1448.4881591796875
3492,58.2,11.18758070280459,9.762470627269204,9.796819642853045,548.4543550168629,auto,2010.39208984375,1446.008544921875,2029.23095703125,1453.43603515625,2401.563232421875,1443.186767578125,2418.676025390625,1459.744384765625
3493,58.21666666666667,11.15079629156534,9.733691970214009,9.762891074389492,549.2663693075498,auto,2010.632080078125,1444.8778076171875,2026.670654296875,1447.7144775390625,2412.9208984375,1447.2103271484375,2415.81787109375,1460.6424560546875
3494,58.233333333333334,11.114053157625913,9.72385858034185,9.744725155365494,550.0676239748656,auto,2019.299072265625,1447.27734375,2030.77734375,1449.43408203125,2410.928466796875,1442.25146484375,2416.28662109375,1452.739501953125
3495,58.25,11.069267804196569,9.689985393890884,9.710573328492146,550.7055877428695,auto,2012.42138671875,1446.6768798828125,2023.759521484375,1445.6724853515625,2404.65185546875,1441.4927978515625,2406.4794921875,1460.1663818359375
3496,58.266666666666666,12.02554548666904,10.540918406291562,10.560070069180918,506.18768686076146,auto,2017.5,1448.7879638671875,2027.1943359375,1449.7293701171875,2397.3466796875,1435.6934814453125,2399.517578125,1457.8758544921875
3497,58.28333333333333,10.998905473366992,9.646364906692758,9.660553875808011,552.3244147508794,auto,2017.958984375,1447.8404541015625,2025.7958984375,1449.2183837890625,2399.148681640625,1438.9327392578125,2396.02880859375,1460.9508056640625
3498,58.3,10.96013802201466,9.614503426514307,9.631641432486639,553.2693598694287,auto,2020.50146484375,1445.584228515625,2029.983642578125,1443.708251953125,2401.03955078125,1434.728759765625,2403.44873046875,1454.380615234375
3499,58.31666666666667,11.93407362601635,10.446933036737157,10.48178953596999,507.4516566651829,auto,2016.3482666015625,1439.5062255859375,2034.0360107421875,1444.7930908203125,2392.77880859375,1431.4771728515625,2404.93505859375,1456.9725341796875
3500,58.333333333333336,11.928179348565546,10.4176990904943,10.452664911544026,507.30343854285195,auto,2016.72802734375,1435.570556640625,2034.466796875,1437.76904296875,2401.640380859375,1432.7021484375,2407.118408203125,1454.0380859375
3501,58.35,10.822791783943378,9.470650482028864,9.4836483649807,558.1588047363534,auto,2033.29052734375,1437.7991943359375,2040.545654296875,1439.5989990234375,2405.24755859375,1433.6170654296875,2397.0390625,1454.2542724609375
3502,58.36666666666667,11.868399200510353,10.394546388822972,10.419490222803839,507.48779902720963,auto,2037.037841796875,1430.68701171875,2049.6962890625,1437.68408203125,2410.73974609375,1431.7978515625,2403.461181640625,1457.7021484375
3503,58.38333333333333,10.731816417534192,9.402395389140137,9.417401606920144,560.5749228968042,auto,2044.760009765625,1429.7022705078125,2053.172119140625,1433.9337158203125,2410.1884765625,1423.6285400390625,2395.757568359375,1455.7879638671875
3504,58.4,10.701755013652596,9.389279257293811,9.404187301897421,561.3186896740075,auto,2055.28271484375,1428.560546875,2063.650634765625,1437.830078125,2410.056396484375,1426.4169921875,2394.1650390625,1445.62646484375
3505,58.416666666666664,10.660152216239304,9.377571882053564,9.392894677827123,561.5484481199012,auto,2058.768798828125,1419.68115234375,2067.37353515625,1420.8466796875,2406.00048828125,1414.1640625,2391.724609375,1436.670654296875
3506,58.43333333333333,10.66839953759385,9.362070886351418,9.396516841937512,561.4972284745666,auto,2055.5,1414.46728515625,2074.841064453125,1421.1279296875,2422.02783203125,1415.151123046875,2407.54638671875,1440.71240234375
3507,58.45,10.667638414799589,9.329043698910395,9.358662046749409,561.3569309848348,auto,2040.570556640625,1407.74365234375,2057.19677734375,1405.62841796875,2419.111328125,1409.82958984375,2415.558349609375,1428.39892578125
3508,58.46666666666667,10.651463391729408,9.290096899645071,9.3409407267894,560.8761465339583,auto,2017.442138671875,1395.87841796875,2045.958984375,1404.43408203125,2394.4609375,1401.723876953125,2411.51171875,1405.51904296875
3509,58.483333333333334,10.635146360308793,9.276914046546791,9.303404199771716,560.3865872897823,auto,2008.864501953125,1390.4599609375,2023.709228515625,1399.547607421875,2393.486328125,1395.790771484375,2387.92724609375,1402.741943359375
3510,58.5,11.663873684373865,10.234093105248185,10.239527904341516,509.0531434537561,auto,2024.166015625,1390.2823486328125,2026.932373046875,1401.4622802734375,2389.551513671875,1389.2100830078125,2379.19580078125,1409.2818603515625
3511,58.516666666666666,10.584179015449347,9.265700715724675,9.260694263205558,560.2145409929234,auto,2011.369140625,1379.98779296875,2008.564697265625,1393.93310546875,2388.56396484375,1386.73779296875,2368.80517578125,1409.9375
3512,58.53333333333333,10.564060000352,9.2267952502889,9.245754263523555,560.6770078660866,auto,2001.22607421875,1377.7017822265625,2011.8564453125,1387.5452880859375,2391.371826171875,1388.3543701171875,2386.16015625,1408.2965087890625
3513,58.55,10.52909329984777,9.220112879472145,9.220026740849239,561.1866328754453,auto,2011.417724609375,1374.6240234375,2011.369384765625,1376.743896484375,2378.10986328125,1379.84814453125,2367.833984375,1396.2021484375
3514,58.56666666666667,10.484502003743012,9.179896807777205,9.165524612560215,562.8475919383559,auto,2015.705810546875,1365.8193359375,2007.61669921875,1374.828125,2374.474609375,1376.078369140625,2354.298828125,1397.3154296875
3515,58.583333333333336,11.520285701389625,10.08902551854811,10.070682622041424,511.4963285831183,auto,2021.915771484375,1363.524169921875,2012.533203125,1369.872802734375,2379.7724609375,1369.623779296875,2359.21923828125,1388.880859375
3516,58.6,10.399022973934047,9.09564396710583,9.101133787500233,566.1223743163075,auto,2023.1279296875,1356.2999267578125,2026.236083984375,1362.2325439453125,2390.521240234375,1358.1895751953125,2376.564453125,1365.4913330078125
3517,58.61666666666667,10.374707314953262,9.062964304862982,9.077055918255924,566.8819479536362,auto,2020.396240234375,1354.26953125,2028.384521484375,1356.87890625,2392.34619140625,1357.905029296875,2384.384765625,1367.50341796875
3518,58.63333333333333,11.457739304419915,10.00916693702124,10.019566601809574,513.2283061408839,auto,2025.5517578125,1351.1986083984375,2030.889404296875,1358.1278076171875,2389.988037109375,1358.7843017578125,2383.173095703125,1371.2061767578125
3519,58.65,10.358093868261449,9.060557868415781,9.080532968752447,566.1834044327956,auto,2021.35693359375,1345.304931640625,2032.66650390625,1339.54541015625,2396.872802734375,1354.51953125,2398.8251953125,1362.123291015625
3520,58.666666666666664,10.378983089537424,9.078791958280519,9.10481079827888,565.1703967558257,auto,2023.17041015625,1342.295654296875,2037.87548828125,1335.1669921875,2388.82275390625,1351.318359375,2388.124755859375,1360.04345703125
3521,58.68333333333333,11.40830478098895,9.970932248870778,9.995073598575848,513.9611080297057,auto,2015.246337890625,1341.54345703125,2027.65380859375,1319.6552734375,2389.6533203125,1346.631103515625,2389.81640625,1325.920654296875
3522,58.7,10.39980451130509,9.113471045674688,9.130051339981307,562.5147529815823,auto,2016.4183349609375,1334.298828125,2025.7452392578125,1318.01904296875,2387.76904296875,1340.31884765625,2390.3466796875,1324.423095703125
3523,58.71666666666667,10.405647690008777,9.11079874587919,9.145790608951957,561.5423797709294,auto,2005.887451171875,1325.9451904296875,2025.53662109375,1304.2005615234375,2368.337646484375,1331.9251708984375,2382.44873046875,1308.9842529296875
3524,58.733333333333334,11.328842144367577,9.927896561194427,9.999506385028129,515.0660494313502,auto,2007.420166015625,1318.599365234375,2044.30419921875,1282.744384765625,2378.20703125,1329.028076171875,2395.51171875,1306.828369140625
3525,58.75,10.38489219947942,9.070895299694973,9.08791162184963,561.9604467456937,auto,2000.5859375,1314.1341552734375,2010.148193359375,1283.5772705078125,2376.294921875,1315.6534423828125,2380.91357421875,1295.9337158203125
3526,58.766666666666666,11.279045524914517,9.879244708740785,9.930903130046142,516.0759329280093,auto,2014.59619140625,1309.7244873046875,2041.256103515625,1265.1468505859375,2383.04833984375,1313.7005615234375,2399.01416015625,1286.6297607421875
3527,58.78333333333333,11.244084870636627,9.85598393209555,9.911475770503023,516.6247479627473,auto,2023.872802734375,1307.14794921875,2052.541259765625,1260.265625,2394.33447265625,1324.3681640625,2418.8701171875,1297.016845703125
3528,58.8,11.1967695836856,9.831086370145469,9.830634517063192,517.6167385462562,auto,2036.0997314453125,1295.7501220703125,2035.8658447265625,1254.4371337890625,2390.07275390625,1309.6514892578125,2383.294921875,1283.5806884765625
3529,58.81666666666667,11.194698628702644,9.790311681887367,9.797787324436554,518.4807241648957,auto,2037.852783203125,1302.59130859375,2041.728271484375,1252.048828125,2407.93603515625,1304.697998046875,2406.935791015625,1261.8408203125
3530,58.833333333333336,11.160942367581686,9.737748645189344,9.757477391187102,519.4722035254783,auto,2031.6904296875,1305.9561767578125,2041.93896484375,1245.4730224609375,2397.223388671875,1297.1968994140625,2383.235595703125,1264.3177490234375
3531,58.85,10.096726016038803,8.821948608827931,8.823914641464246,573.4601681707863,auto,2042.9656982421875,1309.88134765625,2044.0933837890625,1256.314697265625,2416.5029296875,1312.29296875,2407.9931640625,1275.209716796875
3532,58.86666666666667,10.103044200905629,8.84039106699292,8.822392514374936,573.8037351087427,auto,2063.48486328125,1309.627197265625,2053.1572265625,1303.406982421875,2432.77392578125,1317.338623046875,2402.67138671875,1293.847412109375
3533,58.88333333333333,5.5434418322266525,4.857849292214587,4.855555555357018,1043.730435272225,auto,2067.42626953125,1317.4293212890625,2065.0322265625,1310.1490478515625,2445.242431640625,1288.4307861328125,2416.5849609375,1285.1724853515625
3534,58.9,11.040245852239194,9.692819184169185,9.712422734027975,522.5655913746064,auto,2066.880859375,1331.3443603515625,2077.125244140625,1313.3765869140625,2431.72509765625,1288.9364013671875,2423.75537109375,1284.5474853515625
3535,58.916666666666664,10.033441968487171,8.7859974297666,8.804567724136206,575.3318616605585,auto,2066.305419921875,1329.593505859375,2076.989501953125,1328.1865234375,2438.37060546875,1295.327880859375,2437.525390625,1284.6044921875
3536,58.93333333333333,9.990346351361474,8.79684501518708,8.819781962503068,576.7764997340466,auto,2096.6162109375,1346.8468017578125,2109.845703125,1323.4273681640625,2459.333740234375,1300.0137939453125,2449.38818359375,1292.8824462890625
3537,58.95,9.951370061758471,8.709747275366821,8.7811039766894,578.7043519160513,auto,2074.467529296875,1369.1146240234375,2115.761962890625,1373.1495361328125,2425.494140625,1295.3902587890625,2465.822509765625,1280.6890869140625
3538,58.96666666666667,9.909664051383446,8.729553263975289,8.77257529133241,579.8378717529557,auto,2106.726806640625,1379.7066650390625,2131.6728515625,1357.6864013671875,2434.108642578125,1300.1312255859375,2474.472412109375,1279.5992431640625
3539,58.983333333333334,9.882134971437564,8.7214477598282,8.79214540514455,580.7977758313467,auto,2118.875244140625,1392.6622314453125,2159.9365234375,1376.4822998046875,2410.712646484375,1289.0496826171875,2479.4912109375,1268.5694580078125
3540,59.0,9.855549897214122,8.7355257840077,8.769119396953556,581.1215568779465,auto,2137.130126953125,1399.4342041015625,2156.65185546875,1395.6156005859375,2385.002197265625,1277.7406005859375,2460.865478515625,1274.7923583984375
3541,59.016666666666666,9.830579987448028,8.757814576794866,,581.0066641847885,auto,2154.7158203125,1410.420166015625,,,2374.73046875,1271.753173828125,2469.19384765625,1247.99169921875
3542,59.03333333333333,9.787002954539679,8.761360795944551,8.768055883384122,581.1893147581291,auto,2163.90771484375,1439.064697265625,2167.798583984375,1433.180908203125,2374.251220703125,1247.673095703125,2429.80859375,1259.326171875
3543,59.05,9.782889314097671,8.78353791990803,9.512530169795626,581.2082215247559,auto,2182.16845703125,1438.9761962890625,2605.86474609375,1326.8426513671875,2346.63427734375,1213.2872314453125,2431.0947265625,1242.8609619140625
3544,59.06666666666667,9.753669244620257,8.81000793700943,9.489426499102091,581.1480513887554,auto,2202.59326171875,1442.5804443359375,2597.435546875,1316.8421630859375,2356.566650390625,1208.3858642578125,2424.2265625,1224.0430908203125
3545,59.083333333333336,9.728994651559448,8.82499123261327,8.85064479816471,581.1357136732628,auto,2216.6513671875,1442.588623046875,2231.5595703125,1433.989501953125,2370.649169921875,1194.260498046875,2418.60546875,1224.619140625
3546,59.1,9.706722881629286,8.856075342819567,8.872246366065037,580.7069136846524,auto,2236.0234375,1432.98388671875,2245.4140625,1422.168212890625,2377.32568359375,1200.52197265625,2409.67578125,1220.98779296875
3547,59.11666666666667,9.692657131868144,8.871001292554634,8.884292689715933,580.8062515036285,auto,2251.77734375,1425.957763671875,2259.49658203125,1413.1572265625,2392.75390625,1203.8681640625,2426.584716796875,1231.2041015625
3548,59.13333333333333,9.680671207798225,8.888273616235988,8.889737118199923,580.8654017546305,auto,2268.723388671875,1404.2894287109375,2269.57373046875,1409.3443603515625,2423.806640625,1239.8424072265625,2475.9794921875,1253.8411865234375
3549,59.15,9.659720229008276,8.89777980391394,8.891607354039074,580.9585452613318,auto,2282.34423828125,1383.5662841796875,2278.758544921875,1398.5560302734375,2429.9931640625,1257.2491455078125,2487.08203125,1248.2904052734375
3550,59.166666666666664,9.65315820993834,8.869307917011476,8.860221473173178,581.0080344907685,auto,2273.57666015625,1384.1298828125,2268.29736328125,1376.448486328125,2440.43603515625,1271.32666015625,2514.526611328125,1259.263916015625
3551,59.18333333333333,9.614678587227752,8.848555190308291,8.81936315429913,581.1630276807747,auto,2269.75732421875,1369.26220703125,2252.7919921875,1366.658935546875,2449.68310546875,1269.981201171875,2520.988037109375,1261.58447265625
3552,59.2,9.581441262645082,8.88753931761008,8.84882252253678,580.4621165040041,auto,2290.216064453125,1342.3216552734375,2267.74267578125,1348.3736572265625,2441.47412109375,1241.6063232421875,2439.21337890625,1255.7591552734375
3553,59.21666666666667,9.567540519051336,8.883082495432726,8.86015812327106,579.1163575877217,auto,2276.619140625,1331.557861328125,2263.343017578125,1323.13525390625,2429.081298828125,1254.644775390625,2434.71630859375,1282.577880859375
3554,59.233333333333334,9.597899258139664,8.918970518710736,8.866454633648127,577.0482432624093,auto,2277.225341796875,1310.8380126953125,2246.9208984375,1305.8363037109375,2460.38623046875,1242.5450439453125,2422.502197265625,1287.0142822265625
3555,59.25,9.589754579999896,8.91786462070314,8.88778221142143,574.5285546496417,auto,2249.97998046875,1291.97412109375,2232.69677734375,1280.972412109375,2424.128662109375,1264.88037109375,2447.062255859375,1279.051513671875
3556,59.266666666666666,9.60988349206265,9.003256815585608,8.878074648140343,572.6108240923453,auto,2279.638916015625,1270.0921630859375,2207.9580078125,1248.0386962890625,2372.658447265625,1243.9547119140625,2361.252685546875,1296.9974365234375
3557,59.28333333333333,9.606405354160673,8.960682649045909,8.882164675150925,571.5251906527777,auto,2247.953369140625,1248.18798828125,2203.077880859375,1248.494873046875,2356.4287109375,1246.69873046875,2358.077880859375,1292.252685546875
3558,59.3,9.57463754759995,8.899392046489785,8.82989170089776,572.3189841528515,auto,2228.54443359375,1239.80029296875,2188.767578125,1245.6533203125,2349.12841796875,1235.97509765625,2342.34375,1278.953369140625
3559,59.31666666666667,9.525183457961507,9.141129391509516,8.743727973308706,573.8893790503719,auto,2392.595458984375,1285.3238525390625,2164.53125,1222.0396728515625,2293.501708984375,1249.7806396484375,2297.53076171875,1291.0010986328125
3560,59.333333333333336,9.45490381812773,9.236231821195982,,575.8256275215841,auto,2479.083251953125,1271.7451171875,,,2283.683349609375,1241.62646484375,2338.351806640625,1240.413818359375
3561,59.35,9.381725038876551,9.179842573476417,8.620483514419075,578.0218843485357,auto,2480.3076171875,1271.8116455078125,2156.986083984375,1216.8800048828125,2278.6083984375,1241.0816650390625,2326.0859375,1244.8399658203125
3562,59.36666666666667,9.357087445976713,8.580967928202044,8.617814101519931,579.4651736164166,auto,2158.265625,1217.2342529296875,2179.616943359375,1204.9732666015625,2274.639892578125,1232.5882568359375,2355.709228515625,1222.3804931640625
3563,59.38333333333333,9.333804809145912,8.54881062151829,8.556983664092193,580.1035409554123,auto,2153.621826171875,1213.6949462890625,2158.363525390625,1211.8299560546875,2288.426513671875,1231.8922119140625,2358.99951171875,1251.7462158203125
3564,59.4,9.333494706721913,9.12751497427661,8.47215946900371,579.9549360586816,auto,2493.541015625,1260.0733642578125,2113.464111328125,1207.7149658203125,2243.525634765625,1212.1309814453125,2259.78564453125,1240.6983642578125
3565,59.416666666666664,9.352140914052656,8.513398212161176,8.480706481337283,579.0956963087332,auto,2133.287841796875,1220.42529296875,2114.35595703125,1218.82568359375,2326.02099609375,1235.031494140625,2317.49755859375,1303.43212890625
3566,59.43333333333333,9.343631318363572,8.43013448392629,8.45470772681363,577.9914789886172,auto,2078.006591796875,1205.6217041015625,2092.20947265625,1210.3570556640625,2260.782958984375,1255.6668701171875,2305.730712890625,1283.3282470703125
3567,59.45,9.379923158317393,8.410652042519805,8.456860724696993,577.025203110294,auto,2062.706298828125,1206.330810546875,2089.36962890625,1218.556640625,2273.6357421875,1249.2568359375,2319.67138671875,1273.5234375
3568,59.46666666666667,9.351751956075239,8.371358490466594,8.443862875165852,577.254959111858,auto,2049.063232421875,1215.2672119140625,2090.91650390625,1236.4183349609375,2284.43310546875,1213.3948974609375,2283.399169921875,1263.7838134765625
3569,59.483333333333334,9.328245945258386,8.314717072599201,8.388111872426242,577.7095789643226,auto,2029.474609375,1223.670654296875,2071.875244140625,1239.960205078125,2182.451171875,1223.91015625,2226.940673828125,1277.25732421875
3570,59.5,10.075640202719415,8.918321661056233,8.975569915792889,536.7675232651957,auto,2021.789306640625,1219.8516845703125,2052.51806640625,1231.0714111328125,2294.945068359375,1199.5050048828125,2308.489990234375,1259.8692626953125
3571,59.516666666666666,9.377497030553592,,,577.5397279521046,auto,,,,,2276.466552734375,1207.0255126953125,2290.720947265625,1243.9947509765625
3572,59.53333333333333,9.365087355448123,8.253517993502083,8.282829876040505,577.0044252643936,auto,2007.61962890625,1221.5313720703125,2024.532470703125,1237.0877685546875,2316.533447265625,1197.2864990234375,2311.375244140625,1277.1614990234375
3573,59.55,9.386889538419117,,,577.0044252643936,auto,,,,,2281.633056640625,1195.70849609375,2289.86962890625,1234.41845703125
3574,59.56666666666667,9.444010605373474,,,573.3955606932234,auto,,,,,2300.302978515625,1207.761474609375,2304.5869140625,1263.6494140625
3575,59.583333333333336,9.475452599381427,,,572.0064171809584,auto,,,,,2326.66259765625,1222.06884765625,2309.69775390625,1271.09375
3576,59.6,9.509544747444957,,,569.9823682208388,auto,,,,,2308.8173828125,1222.32861328125,2297.41650390625,1252.06103515625
3577,59.61666666666667,10.078154001341343,8.820598711291652,8.848370941615286,536.415720447976,auto,1974.427734375,1286.494384765625,1989.32470703125,1284.5068359375,2307.49951171875,1194.45654296875,2314.099365234375,1280.822998046875
3578,59.63333333333333,9.542474257365633,8.311411854206469,8.321523201029013,567.7988341474224,auto,1964.00390625,1289.8660888671875,1969.745361328125,1302.0294189453125,2327.8408203125,1215.0694580078125,2318.920654296875,1275.1475830078125
3579,59.65,10.090347282551637,8.770185031577327,8.773146073120328,537.0853492446602,auto,1958.96044921875,1298.911865234375,1960.550537109375,1307.513671875,2340.53076171875,1217.462158203125,2315.28759765625,1281.222412109375
3580,59.666666666666664,9.535037103272963,8.285294218508284,8.275675227859173,568.1306853650865,auto,1963.98291015625,1309.835693359375,1958.517578125,1302.56591796875,2310.291259765625,1227.587646484375,2300.33349609375,1262.928955078125
3581,59.68333333333333,9.509138265073329,8.236797772045154,8.231294773350626,569.7355351670304,auto,1963.102294921875,1302.6312255859375,1959.966796875,1309.6795654296875,2346.253662109375,1230.1131591796875,2344.543212890625,1282.9112548828125
3582,59.7,9.44413797515032,8.190443236145315,8.172716871897505,572.6154829664936,auto,1977.11474609375,1322.118408203125,1966.96435546875,1317.906005859375,2330.0341796875,1239.75439453125,2314.30810546875,1281.705810546875
3583,59.71666666666667,9.43474141603791,8.163522834023736,8.151937766452505,572.6154829664936,auto,1981.080810546875,1322.315185546875,1974.44677734375,1322.322509765625,2357.64599609375,1227.991943359375,2339.45947265625,1308.125732421875
3584,59.733333333333334,9.961447395841587,8.61928395488401,8.604754506508584,541.9354702287285,auto,1990.634033203125,1324.8199462890625,1982.760009765625,1321.2816162109375,2336.18212890625,1232.9798583984375,2327.159423828125,1298.0230712890625
3585,59.75,9.951117576007285,8.600443190183825,8.599429633633918,542.4509244709382,auto,1991.325439453125,1323.34326171875,1990.775634765625,1326.870361328125,2362.556640625,1239.961669921875,2357.0146484375,1310.428466796875
3586,59.766666666666666,9.944254449529561,8.622203497350894,8.6114655489948,542.4868065410548,auto,2004.804443359375,1324.3360595703125,1998.9794921875,1326.7725830078125,2350.96728515625,1239.3072509765625,2346.9697265625,1304.5499267578125
3587,59.78333333333333,9.950426201800552,8.59390495316702,8.591802037549808,542.4016972743809,auto,1989.220458984375,1332.4913330078125,1988.07958984375,1336.6126708984375,2351.98046875,1244.7415771484375,2357.0732421875,1320.2413330078125
3588,59.8,9.939669306009481,8.58475139378752,8.573848127032525,542.4567621937779,auto,1989.015380859375,1334.843505859375,1983.10107421875,1341.83642578125,2354.84423828125,1249.048828125,2342.75732421875,1328.943115234375
3589,59.81666666666667,9.91043214922235,8.568638597066672,8.553611191381014,542.7583556744462,auto,1991.730224609375,1339.6265869140625,1983.57421875,1340.4027099609375,2359.333740234375,1253.5828857421875,2335.677978515625,1319.3895263671875
3590,59.833333333333336,9.888297409042993,8.52755358944956,8.541901190699416,543.4270763608445,auto,1987.53515625,1343.3150634765625,1995.33154296875,1340.2144775390625,2359.1298828125,1252.6768798828125,2343.846435546875,1302.9110107421875
3591,59.85,9.285934376333241,7.988583940197643,8.270625464331363,578.3238075527687,auto,1989.711181640625,1344.37451171875,2152.822998046875,1373.7841796875,2374.84521484375,1259.3125,2384.27734375,1315.008544921875
3592,59.86666666666667,9.804637272101294,8.439169658629709,8.789607845934867,545.8944059859716,auto,1994.59912109375,1347.07421875,2185.901123046875,1370.0283203125,2376.00732421875,1269.248779296875,2389.3486328125,1309.46875
3593,59.88333333333333,9.148800722957928,7.8644887077438685,7.912573760574338,583.9364132601619,auto,1995.043701171875,1349.4129638671875,2023.1220703125,1361.1937255859375,2381.57763671875,1285.2181396484375,2378.15625,1324.7706298828125
3594,59.9,9.71504375881663,8.360426858048182,8.39938722356289,548.0329103159764,auto,1997.62548828125,1346.681884765625,2018.976806640625,1371.024658203125,2379.5927734375,1272.022216796875,2358.9541015625,1337.789794921875
3595,59.916666666666664,9.04225234496582,7.771367081562197,7.80593137605642,587.4186421161612,auto,1992.45849609375,1353.5648193359375,2012.76171875,1360.4197998046875,2387.16259765625,1279.4696044921875,2373.662841796875,1313.7781982421875
3596,59.93333333333333,9.648668568413274,8.271239561854674,8.347927587790707,549.6409431820513,auto,1984.908447265625,1354.90234375,2027.0595703125,1377.21142578125,2391.98046875,1288.727783203125,2382.640869140625,1343.929443359375
3597,59.95,9.624053324551705,8.22411606805346,8.350193051323807,550.487541765877,auto,1975.352294921875,1362.0965576171875,2044.755859375,1385.6893310546875,2389.010009765625,1301.6951904296875,2394.7216796875,1349.9984130859375
3598,59.96666666666667,8.905556234497535,7.62526809089884,7.697921404072198,591.9862941745631,auto,1974.0869140625,1359.3924560546875,2017.0966796875,1381.8377685546875,2354.3701171875,1297.5137939453125,2346.775634765625,1366.4207763671875
3599,59.983333333333334,8.864643955148805,7.598473108053169,7.631555221979141,593.7817254198643,auto,1983.1707763671875,1364.6513671875,2002.8145751953125,1369.82568359375,2363.65283203125,1305.3662109375,2347.46728515625,1362.07177734375
3600,60.0,9.505850681862793,8.140154110307922,8.15219786025977,553.2806846198804,auto,1985.38623046875,1367.830810546875,1992.050048828125,1378.1083984375,2369.03369140625,1315.908447265625,2350.9677734375,1374.93310546875
3601,60.016666666666666,9.47355057505356,8.112880549450054,8.129211368832403,553.7662758688148,auto,1982.506591796875,1364.71728515625,1991.55029296875,1370.1865234375,2363.01806640625,1313.52294921875,2351.73876953125,1377.764892578125
3602,60.03333333333333,8.77111744821993,7.506977944963161,7.521916824999858,596.5060828261797,auto,1976.932861328125,1366.2698974609375,1985.84423828125,1372.7352294921875,2362.044921875,1320.3070068359375,2335.575927734375,1369.3807373046875
3603,60.05,8.751148190884797,7.465595742894461,7.501331813140136,597.4519803302661,auto,1967.9443359375,1368.1390380859375,1989.29443359375,1383.0477294921875,2356.655517578125,1321.4969482421875,2342.900390625,1370.2777099609375
3604,60.06666666666667,8.724668974547827,7.447855887893019,7.48170377713077,597.6588981784469,auto,1966.9013671875,1363.81103515625,1987.130615234375,1383.47998046875,2360.6240234375,1319.1904296875,2347.99658203125,1364.79052734375
3605,60.083333333333336,8.705577207134642,7.427721984255958,7.453243369581578,598.3416502539832,auto,1968.406005859375,1368.0111083984375,1983.676513671875,1386.8934326171875,2341.818359375,1319.0321044921875,2326.178466796875,1365.6907958984375
3606,60.1,8.675407225013123,7.414005463843885,7.438329314015692,598.5717807691174,auto,1967.96044921875,1371.3770751953125,1982.520263671875,1382.7613525390625,2340.984375,1321.9400634765625,2321.3603515625,1365.7833251953125
3607,60.11666666666667,9.317733768309346,7.94670811142158,7.972487343544904,556.76706253651,auto,1960.6578369140625,1370.155517578125,1975.0108642578125,1386.059814453125,2330.73486328125,1321.398193359375,2314.3359375,1347.9052734375
3608,60.13333333333333,9.30696519196295,7.907952380412799,7.943898698462857,556.9421464354272,auto,1944.8309326171875,1369.13330078125,1964.8507080078125,1381.6611328125,2321.94921875,1331.258544921875,2324.6015625,1346.0517578125
3609,60.15,9.29524068923229,7.896243869266305,7.955366950822563,556.8279908993669,auto,1939.9993896484375,1372.2667236328125,1972.9207763671875,1380.8585205078125,2313.6533203125,1327.7603759765625,2329.51513671875,1339.9542236328125
3610,60.166666666666664,8.672067193103013,7.350286211767777,7.401335775764085,595.5743049235164,auto,1923.781494140625,1367.3970947265625,1954.18505859375,1381.9400634765625,2309.173583984375,1326.7803955078125,2328.31103515625,1342.3062744140625
3611,60.18333333333333,8.654683800622884,7.350796371302932,7.506877082546686,594.447177629473,auto,1918.907958984375,1365.697509765625,2011.689453125,1386.430908203125,2297.651611328125,1324.719970703125,2314.621337890625,1329.484375
3612,60.2,9.220867476264809,7.825169752682339,7.91492328601275,556.8145605451798,auto,1910.855224609375,1363.8104248046875,1960.831298828125,1378.8133544921875,2291.06396484375,1316.8206787109375,2303.318359375,1340.0740966796875
3613,60.21666666666667,9.190260858279713,7.811047342943059,7.9043300685989015,557.078708272556,auto,1909.669677734375,1362.360107421875,1961.635498046875,1375.706787109375,2286.489013671875,1324.3271484375,2301.431396484375,1328.470703125
3614,60.233333333333334,8.610865797901035,7.324911166076311,7.436838971462393,592.723898475538,auto,1905.783935546875,1363.063720703125,1972.1259765625,1380.38916015625,2286.09814453125,1317.257568359375,2298.91357421875,1346.407470703125
3615,60.25,9.159285922583761,7.789678647186666,7.854855162541163,556.8786542029478,auto,1909.294921875,1361.1534423828125,1945.59033203125,1377.6285400390625,2287.197265625,1330.9185791015625,2297.735107421875,1349.3270263671875
3616,60.266666666666666,9.152445029720093,7.748513513782747,7.855406470396075,556.4580417367124,auto,1889.771240234375,1357.6971435546875,1949.25244140625,1383.4124755859375,2278.83740234375,1322.8785400390625,2301.872802734375,1352.5762939453125
3617,60.28333333333333,9.132668747715863,7.745352660385352,7.897026951021345,556.4066116355621,auto,1892.0880126953125,1357.0654296875,1976.4805908203125,1393.8759765625,2266.60009765625,1326.14404296875,2293.8330078125,1344.169921875
3618,60.3,8.606657595133058,7.308454432544237,7.395078318804272,589.1129133459832,auto,1891.21142578125,1359.875,1942.2431640625,1381.40625,2263.77001953125,1320.369140625,2286.21728515625,1350.82666015625
3619,60.31666666666667,9.111652183760318,7.731010843044915,7.7981669837948555,555.2882462953828,auto,1881.3463134765625,1357.8658447265625,1918.6370849609375,1370.9957275390625,2267.078125,1326.5831298828125,2282.9296875,1346.1373291015625
3620,60.333333333333336,9.107235752124161,7.749624486623645,7.794693632881402,555.2882462953828,auto,1898.13427734375,1361.1358642578125,1923.16064453125,1371.4415283203125,2264.914794921875,1323.7305908203125,2276.744873046875,1345.8756103515625
3621,60.35,9.613979363617693,8.1644226718575,8.2124009080049,525.0997410075754,auto,1889.8382568359375,1358.8994140625,1915.0316162109375,1368.38623046875,2265.28759765625,1325.26171875,2274.61376953125,1345.69775390625
3622,60.36666666666667,9.58177157368347,8.145050543957993,8.202518640584607,525.1045290148857,auto,1888.5712890625,1354.995361328125,1918.748046875,1364.798583984375,2256.20166015625,1329.386962890625,2266.265380859375,1339.720947265625
3623,60.38333333333333,9.559412544530534,8.138633789657678,8.187158568327318,525.4544027359566,auto,1898.445556640625,1355.5108642578125,1923.943359375,1363.1724853515625,2262.332275390625,1319.9378662109375,2284.9208984375,1341.4930419921875
3624,60.4,9.542205824108246,8.102427188422492,8.165577202503524,525.5807171303452,auto,1890.27978515625,1351.5386962890625,1923.47021484375,1362.6702880859375,2263.9052734375,1325.3961181640625,2277.341552734375,1340.5106201171875
3625,60.416666666666664,9.520327348926438,8.104001463309372,8.146917084778812,525.399628164678,auto,1899.86279296875,1352.3505859375,1922.41064453125,1361.76318359375,2266.94677734375,1324.22900390625,2267.83544921875,1352.02783203125
3626,60.43333333333333,9.477523189612734,8.05468475311561,8.12150332290633,525.362994392105,auto,1883.4932861328125,1344.9619140625,1918.5975341796875,1358.6708984375,2260.93896484375,1321.052734375,2260.7265625,1348.63916015625
3627,60.45,9.463594771637688,8.066661653708767,8.120082724874525,525.5087847338942,auto,1901.899169921875,1343.1802978515625,1929.97265625,1352.2232666015625,2261.197509765625,1322.5035400390625,2268.15966796875,1347.1080322265625
3628,60.46666666666667,9.428253284246793,8.050508315998073,8.091385105787747,525.6244424843984,auto,1904.823486328125,1340.86279296875,1926.309326171875,1356.558349609375,2259.193603515625,1318.47802734375,2254.35400390625,1346.00537109375
3629,60.483333333333334,9.417475009683496,8.032170823158516,8.082230360334002,525.5655924318966,auto,1903.93212890625,1338.0272216796875,1930.24169921875,1346.2030029296875,2258.59912109375,1314.7454833984375,2255.77099609375,1335.0338134765625
3630,60.5,9.406546056963512,8.001052734144722,8.096669023421441,525.7729756904523,auto,1897.029541015625,1330.4058837890625,1947.3017578125,1330.5211181640625,2262.53662109375,1314.3223876953125,2263.97900390625,1328.0257568359375
3631,60.516666666666666,9.382132096899658,7.993440751218694,8.053316047642106,525.8406247979522,auto,1898.769775390625,1332.2552490234375,1930.25439453125,1343.2979736328125,2261.119873046875,1314.4490966796875,2263.93994140625,1329.5975341796875
3632,60.53333333333333,9.370904736785006,7.989824375927523,8.0782497280051,526.0108579685912,auto,1903.53662109375,1332.6590576171875,1950.04931640625,1333.1800537109375,2262.58056640625,1311.9525146484375,2273.07177734375,1325.6107177734375
3633,60.55,9.347943662154718,7.952774508472939,7.997867913920428,525.9698885487686,auto,1890.183349609375,1322.4814453125,1913.901123046875,1326.904052734375,2259.66357421875,1308.11474609375,2251.0361328125,1330.68115234375
3634,60.56666666666667,9.321041719809344,7.934024961721529,7.980545250010057,526.2740790245136,auto,1891.049072265625,1319.7955322265625,1915.53173828125,1319.2989501953125,2263.501953125,1313.8118896484375,2266.61572265625,1337.9254150390625
3635,60.583333333333336,9.307775807908502,7.921877177001303,7.972588822883094,526.2983021141347,auto,1893.603759765625,1318.255615234375,1920.293212890625,1320.2333984375,2263.072021484375,1312.9482421875,2265.383056640625,1336.263671875
3636,60.6,9.282124723100702,7.907479975126899,7.937620522747154,526.4723210216781,auto,1895.28759765625,1316.132568359375,1911.155517578125,1309.975341796875,2261.21875,1301.514404296875,2248.473876953125,1327.893310546875
3637,60.61666666666667,9.259047212223741,7.889754088340565,7.909770884502995,526.828073317902,auto,1895.61767578125,1316.035888671875,1906.163330078125,1309.043701171875,2261.3798828125,1302.740478515625,2255.21826171875,1330.82666015625
3638,60.63333333333333,9.241009929404559,7.890595822981771,7.88420376131165,527.1583849073813,auto,1903.117919921875,1317.0599365234375,1899.748291015625,1307.6815185546875,2266.62255859375,1304.5614013671875,2243.144287109375,1333.9090576171875
3639,60.65,9.208606823709577,7.832557296605772,7.858239153798692,527.4881367900002,auto,1877.1502685546875,1311.05517578125,1890.6971435546875,1300.697021484375,2252.5224609375,1300.7373046875,2245.6474609375,1327.0
3640,60.666666666666664,9.194210887298551,7.8163587263258565,7.830489659529088,528.1244003965264,auto,1873.32275390625,1307.0125732421875,1880.785400390625,1299.2113037109375,2245.345703125,1304.4356689453125,2239.36376953125,1329.4007568359375
3641,60.68333333333333,9.16260022751032,7.803417651452124,7.8251869410110135,528.7605806501558,auto,1870.318115234375,1301.999267578125,1881.82861328125,1295.173583984375,2223.95849609375,1298.180908203125,2242.965576171875,1312.8388671875
3642,60.7,9.138996021146324,7.783970081411267,7.798078949665791,529.331026700577,auto,1863.742919921875,1297.0687255859375,1871.2109375,1291.1131591796875,2220.45068359375,1297.2679443359375,2231.06298828125,1318.4193115234375
3643,60.71666666666667,9.11897055972214,7.7674377774088255,7.715063100440943,529.9574004679973,auto,1860.7452392578125,1297.2735595703125,1832.9888916015625,1292.1436767578125,2218.03369140625,1296.0250244140625,2203.5302734375,1318.8795166015625
3644,60.733333333333334,9.09697948225228,7.706179073938738,7.715188668300158,530.5487800143096,auto,1835.112548828125,1290.89599609375,1839.892578125,1288.697265625,2212.033203125,1294.683837890625,2213.7333984375,1311.2548828125
3645,60.75,9.064943589102388,7.678215922543275,7.6958732624657715,531.1757281557177,auto,1827.40380859375,1290.15185546875,1836.782958984375,1290.14111328125,2208.087890625,1292.303466796875,2214.821044921875,1318.7685546875
3646,60.766666666666666,9.05157980249352,7.656440623850773,7.666482493571183,531.7822317262976,auto,1823.08984375,1289.5181884765625,1828.429931640625,1289.3062744140625,2207.349365234375,1290.8878173828125,2201.8818359375,1318.4488525390625
3647,60.78333333333333,9.016774555968826,7.625239261133593,7.636121452811255,532.6039651917583,auto,1815.86279296875,1287.4462890625,1821.65869140625,1285.77490234375,2198.803955078125,1293.91259765625,2198.1591796875,1307.754638671875
3648,60.8,8.998742159283411,7.622955101018605,7.622333981822176,532.6039651917583,auto,1819.250244140625,1289.3626708984375,1818.91943359375,1285.9417724609375,2201.84521484375,1292.4261474609375,2198.26708984375,1306.5584716796875
3649,60.81666666666667,8.981169528320521,7.599515300199848,7.598708074439766,532.6039651917583,auto,1812.12548828125,1290.682373046875,1811.695556640625,1285.95458984375,2201.70068359375,1288.374267578125,2193.3740234375,1302.63330078125
3650,60.833333333333336,8.93572408813633,7.5666645698361785,7.57202734874162,534.6003275402829,auto,1815.100341796875,1288.802001953125,1817.96728515625,1282.817138671875,2202.04931640625,1289.296630859375,2197.623046875,1296.805419921875
3651,60.85,8.908878313656727,7.534763680971048,7.529387585286968,535.2288306123115,auto,1808.5343017578125,1288.15869140625,1805.6566162109375,1277.8974609375,2201.5048828125,1286.10791015625,2183.3408203125,1295.716552734375
3652,60.86666666666667,8.881522577845862,7.526297037518308,7.521202232983474,535.8361542792171,auto,1814.821044921875,1289.6754150390625,1812.091064453125,1279.3695068359375,2191.24658203125,1290.0672607421875,2184.99755859375,1289.3778076171875
3653,60.88333333333333,8.841917218594833,8.349602955848368,7.491537164932354,536.5674300550969,auto,2269.83984375,1299.1038818359375,1809.429931640625,1281.9876708984375,2212.767578125,1286.4908447265625,2168.060302734375,1284.0101318359375
3654,60.9,8.822884364158126,8.40362362379948,7.458645918840199,537.0548745743888,auto,2310.833984375,1311.97705078125,1803.3291015625,1278.3564453125,2229.0185546875,1291.17333984375,2175.771240234375,1285.956298828125
3655,60.916666666666664,8.79768248874495,8.368988291174501,7.448866744730362,537.0548745743888,auto,2299.767578125,1308.8292236328125,1805.6119384765625,1275.7716064453125,2222.3271484375,1284.3067626953125,2159.10546875,1288.0516357421875
3656,60.93333333333333,8.822328625949252,7.453575404335684,7.438996197712561,537.0548745743888,auto,1815.904296875,1272.4600830078125,1808.074462890625,1266.9332275390625,2210.42236328125,1293.6134033203125,2193.515380859375,1289.7772216796875
3657,60.95,8.802808463422457,7.520172161900904,7.459622836149703,537.0548745743888,auto,1858.15380859375,1265.310791015625,1825.635498046875,1264.500732421875,2218.91015625,1284.270751953125,2190.31298828125,1285.02734375
3658,60.96666666666667,8.790808382139245,7.507477237384758,7.4814414137145855,537.0548745743888,auto,1856.78076171875,1271.61083984375,1842.798095703125,1267.285888671875,2227.471923828125,1281.740966796875,2191.763671875,1282.020751953125
3659,60.983333333333334,8.778188465234113,7.445377754339277,7.427090898774177,537.0548745743888,auto,1826.20751953125,1270.1474609375,1816.386474609375,1264.09423828125,2213.1552734375,1277.933349609375,2185.4443359375,1278.154052734375
3660,61.0,8.776801051726153,7.43832840267875,7.423973764297087,537.0548745743888,auto,1824.166748046875,1273.6046142578125,1816.45751953125,1267.3824462890625,2211.67138671875,1278.2620849609375,2184.7646484375,1280.4483642578125
3661,61.016666666666666,8.683432336576356,7.413424440483014,7.402101364894334,539.8527035235749,auto,1833.3828125,1279.6986083984375,1827.27001953125,1274.6824951171875,2200.900634765625,1273.3944091796875,2173.894775390625,1261.9886474609375
3662,61.03333333333333,8.686406557700924,7.3959590833522135,7.410597159151698,540.2654948612209,auto,1831.815673828125,1285.400390625,1839.72412109375,1277.54931640625,2197.225830078125,1272.9423828125,2178.38818359375,1277.62353515625
3663,61.05,8.675282984317379,7.364975616617752,7.401882963428165,540.5546910648043,auto,1826.707275390625,1304.7379150390625,1846.65771484375,1300.0440673828125,2188.191650390625,1269.7598876953125,2182.62158203125,1280.5421142578125
3664,61.06666666666667,8.66002065803165,7.398806334985216,7.443780121019218,540.5546910648043,auto,1857.24462890625,1308.8505859375,1881.555419921875,1301.308837890625,2194.948486328125,1277.826171875,2190.734375,1285.3388671875
3665,61.083333333333336,8.64233117360552,7.38359075430193,7.461869540044032,540.5546910648043,auto,1862.58203125,1315.78125,1904.89599609375,1340.6357421875,2174.70556640625,1242.95947265625,2185.57763671875,1271.43798828125
3666,61.1,8.6240811935984,7.377495308402627,7.490808455319073,540.5546910648043,auto,1871.152099609375,1322.2247314453125,1932.404052734375,1345.6651611328125,2199.091064453125,1234.5533447265625,2216.091796875,1266.5750732421875
3667,61.11666666666667,8.612471957769602,7.385836428667946,7.467722955657049,541.2197237467706,auto,1890.12060546875,1335.9710693359375,1934.439208984375,1358.1807861328125,2215.74658203125,1241.0460205078125,2219.069091796875,1256.5413818359375
3668,61.13333333333333,8.597786225119476,7.407721120884507,7.497590528481494,541.6876960183976,auto,1912.3564453125,1353.2972412109375,1961.03759765625,1368.1470947265625,2176.08447265625,1226.6885986328125,2207.592529296875,1248.0003662109375
3669,61.15,8.5746714374184,7.448389013171748,7.516247857024833,541.6876960183976,auto,1941.90673828125,1357.965576171875,1978.6650390625,1363.103759765625,2177.81884765625,1215.669189453125,2215.8515625,1234.485107421875
3670,61.166666666666664,8.537700706916963,7.492465246170522,7.500775639240444,542.2250762042491,auto,1979.2470703125,1374.5479736328125,1983.753173828125,1379.4871826171875,2178.514892578125,1212.8868408203125,2233.0048828125,1224.4627685546875
3671,61.18333333333333,8.509053106598726,7.508074755134493,7.498049333229804,542.2250762042491,auto,1998.244384765625,1385.739990234375,1992.808349609375,1396.720703125,2157.43603515625,1162.231201171875,2226.853271484375,1191.814697265625
3672,61.2,8.486547011480344,7.525327702073499,,542.2250762042491,auto,2020.802734375,1387.4058837890625,,,2163.357177734375,1120.9754638671875,2224.47119140625,1160.2760009765625
3673,61.21666666666667,8.450240765069955,7.537913285163406,7.535424264580943,542.2250762042491,auto,2041.31298828125,1389.608154296875,2039.96337890625,1385.739013671875,2175.6728515625,1137.031005859375,2218.54736328125,1176.772216796875
3674,61.233333333333334,8.434529723157116,7.5587862982172815,7.567566309316781,542.2250762042491,auto,2067.150146484375,1380.5509033203125,2071.91064453125,1376.7003173828125,2202.203369140625,1193.9354248046875,2219.57177734375,1194.8741455078125
3675,61.25,25478.277747690205,23000.30211122547,23034.559781593707,0.1787350631021653,auto,2091.098876953125,1373.288330078125,2097.221923828125,1368.40966796875,2205.069091796875,1109.58984375,2267.85791015625,1165.702880859375
3676,61.266666666666666,25452.540784967787,23071.961836219823,23597.732388351415,0.1787350631021653,auto,2114.50732421875,1362.8126220703125,2208.480712890625,1105.1016845703125,2236.02197265625,1212.6822509765625,2278.44140625,1207.0262451171875
3677,61.28333333333333,8.28177042325804,7.531182245954368,,547.5271638372373,auto,2123.032470703125,1353.3214111328125,,,2246.531494140625,1214.9395751953125,2337.46484375,1215.4327392578125
3678,61.3,8.244093033178116,7.510579137170339,,547.5271638372373,auto,2120.38134765625,1345.927734375,,,2275.91259765625,1234.08740234375,2405.79345703125,1212.462158203125
3679,61.31666666666667,8.223108013761841,7.506493830442223,,547.5271638372373,auto,2126.63427734375,1327.781005859375,,,2263.460693359375,1238.624267578125,2387.978759765625,1215.88818359375
3680,61.333333333333336,8.184159148879994,7.495663888310324,7.486223360691065,547.5271638372373,auto,2127.030029296875,1313.53662109375,2121.861328125,1317.23291015625,2259.598876953125,1245.4599609375,2281.558349609375,1260.8916015625
3681,61.35,8.157184174439474,7.475357746813014,8.411479787775562,547.5271638372373,auto,2121.681640625,1292.687255859375,2634.23388671875,1242.449462890625,2286.917724609375,1264.67724609375,2332.496337890625,1279.947265625
3682,61.36666666666667,8.084763421818572,7.431420942419354,7.398742782773082,549.7134245417672,auto,2117.848876953125,1271.270263671875,2099.88525390625,1284.54345703125,2258.720703125,1222.4306640625,2252.262451171875,1286.689208984375
3683,61.38333333333333,8.059726443383282,7.501328927991033,7.347705673982423,550.0087937224944,auto,2161.87646484375,1253.3331298828125,2077.38232421875,1272.0074462890625,2209.403564453125,1199.3909912109375,2198.13916015625,1267.6766357421875
3684,61.4,8.05789620569532,7.406737056802053,7.339339668706916,549.9752376001102,auto,2112.87841796875,1246.7955322265625,2075.8115234375,1253.9664306640625,2208.953125,1239.2376708984375,2230.138916015625,1264.2425537109375
3685,61.416666666666664,8.05235352096872,7.347592116553609,7.28231493484834,550.088134734855,auto,2084.319091796875,1222.66748046875,2048.410888671875,1230.6640625,2205.15673828125,1232.718505859375,2208.82080078125,1282.081787109375
3686,61.43333333333333,8.010298238694853,7.299833008769724,7.238079074838479,550.192681454574,auto,2062.107177734375,1224.0823974609375,2028.130615234375,1212.3182373046875,2145.394775390625,1218.9610595703125,2166.924560546875,1223.9827880859375
3687,61.45,7.995414571711035,7.240445545751668,8.165540555326674,550.4285778200008,auto,2035.443603515625,1220.5845947265625,2544.64208984375,1240.6160888671875,2133.26708984375,1230.4383544921875,2168.713134765625,1225.2716064453125
3688,61.46666666666667,7.969840846937105,7.219173463545035,8.146909154833649,550.9963234982407,auto,2033.385009765625,1215.2642822265625,2544.563720703125,1240.2181396484375,2124.677978515625,1210.9163818359375,2163.28662109375,1217.2239990234375
3689,61.483333333333334,7.939921237280619,7.171136778836755,7.13873513976912,551.5113914321988,auto,2017.006591796875,1207.338623046875,1999.13671875,1190.783935546875,2103.80029296875,1212.504150390625,2151.749267578125,1208.901123046875
3690,61.5,7.924957598776286,7.130321467022761,7.108985462375407,551.8908848679491,auto,2003.447509765625,1197.3004150390625,1991.67236328125,1185.8829345703125,2108.22412109375,1200.0145263671875,2138.2431640625,1218.2205810546875
3691,61.516666666666666,7.913743551487691,7.100500735981562,7.065034544253548,551.9258222412536,auto,1992.150146484375,1195.6851806640625,1972.57568359375,1187.8343505859375,2130.029296875,1188.1990966796875,2143.0625,1230.5931396484375
3692,61.53333333333333,7.879626457877913,7.140776975745269,,552.1971506199036,auto,2018.00927734375,1234.491455078125,,,2072.383056640625,1181.449462890625,2113.048583984375,1221.1005859375
3693,61.55,7.869273385939848,7.142326690678804,7.980274485940536,552.2496153972314,auto,2019.5439453125,1237.6614990234375,2482.300048828125,1213.3883056640625,2018.2060546875,1192.2305908203125,2090.440673828125,1218.6165771484375
3694,61.56666666666667,7.890770558295863,6.966848316500265,7.973558892393977,552.5435792208056,auto,1924.49267578125,1202.6376953125,2480.744140625,1221.062255859375,2098.708984375,1209.59326171875,2111.27294921875,1264.09423828125
3695,61.583333333333336,7.859658475059585,6.910402968173094,8.016990236950996,553.1139431345619,auto,1899.95361328125,1207.8865966796875,2512.022216796875,1229.1700439453125,1989.3583984375,1188.1846923828125,2058.27587890625,1219.3775634765625
3696,61.6,7.838848793068496,6.90518572831989,6.94889783005722,553.6827504700221,auto,1910.046875,1231.1309814453125,1934.24951171875,1234.8194580078125,1951.407958984375,1203.8902587890625,2007.81640625,1214.8773193359375
3697,61.61666666666667,7.784007231914731,6.8003850409425715,6.838882066629853,554.7937736734305,auto,1873.29248046875,1232.7757568359375,1894.650390625,1236.9793701171875,1961.41064453125,1206.0902099609375,2009.575439453125,1220.8897705078125
3698,61.63333333333333,7.774447469289056,6.758763023917741,6.7753068312888995,555.6979218113154,auto,1872.58642578125,1234.173583984375,1881.779541015625,1245.701416015625,2074.523681640625,1207.89501953125,2101.97216796875,1242.43505859375
3699,61.65,7.799643429583095,6.706865483299364,6.749262284742009,555.6979218113154,auto,1862.74560546875,1238.9376220703125,1886.305419921875,1257.2520751953125,2137.4169921875,1208.9317626953125,2159.625244140625,1265.3560791015625
3700,61.666666666666664,7.805460298331611,6.674318696761684,6.700236713233078,555.6979218113154,auto,1863.427001953125,1269.348388671875,1877.82958984375,1271.290283203125,2110.0546875,1216.178955078125,2114.604248046875,1246.53466796875
3701,61.68333333333333,7.768392332339953,6.603615005715066,6.617956581417641,559.5891826279108,auto,1865.203125,1244.174072265625,1873.228515625,1278.775634765625,2218.719482421875,1208.93994140625,2182.28564453125,1250.995361328125
3702,61.7,7.735648690319511,6.579280128924395,6.590133686668213,559.6523180115702,auto,1862.835693359375,1280.3580322265625,1868.909912109375,1297.8497314453125,2167.237060546875,1184.3685302734375,2167.391357421875,1239.9842529296875
3703,61.71666666666667,7.75697522109953,6.564694001311754,6.564138412124328,559.829390653055,auto,1862.52587890625,1292.7823486328125,1862.21484375,1308.1068115234375,2189.5966796875,1195.4884033203125,2181.095947265625,1268.8592529296875
3704,61.733333333333334,7.743393594836897,6.552462753321384,6.558630054960768,559.829390653055,auto,1860.28173828125,1295.5911865234375,1863.734375,1312.9822998046875,2178.6884765625,1195.0628662109375,2182.336181640625,1258.8575439453125
3705,61.75,7.76211725572193,6.542611729652028,6.5462431198904065,559.829390653055,auto,1861.284912109375,1308.5831298828125,1863.31787109375,1323.8653564453125,2215.20703125,1221.2169189453125,2191.75439453125,1276.0472412109375
3706,61.766666666666666,7.768710176713644,6.533206411933617,6.52523368061229,559.401885972187,auto,1859.85693359375,1316.75537109375,1855.39697265625,1320.046630859375,2228.036865234375,1228.50537109375,2202.18603515625,1280.335693359375
3707,61.78333333333333,7.768592569209592,6.507554269386125,6.504484459925498,559.2519330662165,auto,1852.76171875,1313.39892578125,1851.045166015625,1318.52490234375,2272.3046875,1246.0927734375,2228.691162109375,1291.927734375
3708,61.8,7.774287345150131,6.493711314608473,6.477874206017376,559.2519330662165,auto,1855.83544921875,1311.195068359375,1846.978515625,1320.6904296875,2262.5390625,1247.141845703125,2228.9072265625,1297.877197265625
3709,61.81666666666667,7.788312777225072,6.498412942579312,6.488540833486224,559.2519330662165,auto,1868.620849609375,1333.2353515625,1863.10009765625,1327.37255859375,2232.03271484375,1272.405517578125,2201.87841796875,1304.475341796875
3710,61.833333333333336,7.777803088962865,6.481872554261101,6.474930995638602,559.2519330662165,auto,1868.248291015625,1331.22607421875,1864.3662109375,1344.203125,2251.016845703125,1258.911376953125,2238.93212890625,1335.121337890625
3711,61.85,7.76450581988285,6.4667884919327445,6.4680003507300565,559.2519330662165,auto,1866.2490234375,1332.0987548828125,1866.9267578125,1345.2584228515625,2227.48388671875,1266.7188720703125,2220.419921875,1333.4805908203125
3712,61.86666666666667,7.765116987864204,6.466234948361062,6.466925131631433,559.2519330662165,auto,1869.59765625,1342.0975341796875,1869.983642578125,1361.4661865234375,2236.990234375,1275.1746826171875,2239.0029296875,1338.7962646484375
3713,61.88333333333333,7.768436284825789,6.466210501641807,6.464058317250328,559.2519330662165,auto,1870.7275390625,1355.63330078125,1869.52392578125,1361.201904296875,2240.73291015625,1287.830078125,2233.578857421875,1344.16015625
3714,61.9,7.790460494314634,6.46781679375844,6.476470632793334,557.8042783134827,auto,1864.2236328125,1355.7666015625,1869.05078125,1361.44384765625,2230.999755859375,1286.384521484375,2236.26611328125,1343.0068359375
3715,61.916666666666664,7.79353682615249,6.472911456764584,6.475359763390802,557.4244986863492,auto,1868.85107421875,1366.154296875,1870.2158203125,1362.1884765625,2233.346923828125,1295.5693359375,2240.198974609375,1357.70556640625
3716,61.93333333333333,7.767653826700853,6.442519263352311,6.459923124169217,557.7516019072589,auto,1860.904052734375,1366.36083984375,1870.611083984375,1381.438720703125,2217.763427734375,1289.99560546875,2237.93359375,1374.276611328125
3717,61.95,7.755143956939307,6.425546709059006,6.425035828095348,558.1657377845878,auto,1864.864501953125,1370.06396484375,1864.579345703125,1376.904296875,2237.263671875,1314.005615234375,2251.764892578125,1387.05419921875
3718,61.96666666666667,7.733151283445273,6.401883227404889,6.413135944991108,558.8276813972901,auto,1867.050537109375,1370.0321044921875,1873.3388671875,1378.7376708984375,2232.91259765625,1306.0609130859375,2226.3095703125,1381.8890380859375
3719,61.983333333333334,7.704388881737498,6.363083334690196,6.385798059596328,559.310750900613,auto,1859.793212890625,1373.3184814453125,1872.497802734375,1382.8453369140625,2249.82470703125,1323.1949462890625,2248.16259765625,1376.5526123046875
3720,62.0,7.67092248378591,6.351433512327643,6.393273971245922,560.3386010784764,auto,1871.639404296875,1379.685302734375,1895.084228515625,1388.843994140625,2241.095458984375,1328.219482421875,2255.994384765625,1375.993896484375
3721,62.016666666666666,7.648123849799963,6.292650249136296,6.371919958289579,561.1097149384129,auto,1854.430419921875,1376.4759521484375,1898.909423828125,1403.8675537109375,2240.451171875,1340.4144287109375,2256.361572265625,1383.2523193359375
3722,62.03333333333333,7.614001910770031,6.269283177513151,6.325162953084598,562.6791176406548,auto,1864.3548583984375,1384.8253173828125,1895.7972412109375,1403.6724853515625,2247.970703125,1340.4058837890625,2252.27783203125,1375.8385009765625
3723,62.05,7.5925584377368285,6.233485654623122,6.375966045740075,562.6836513449974,auto,1856.2720947265625,1386.071044921875,1936.4434814453125,1419.952880859375,2263.271484375,1352.286865234375,2272.91748046875,1415.572021484375
3724,62.06666666666667,7.548263534055478,6.199264290239184,6.262973247425588,563.8587280183345,auto,1857.35498046875,1393.98095703125,1893.27783203125,1411.46240234375,2267.835693359375,1335.421875,2263.85888671875,1402.76416015625
3725,62.083333333333336,7.4964008909670055,6.202800531408992,6.242746183789104,564.304312563256,auto,1874.015869140625,1398.4189453125,1896.55712890625,1400.8232421875,2271.82275390625,1334.339599609375,2257.559326171875,1379.317138671875
3726,62.1,7.45779474635307,6.163194937043354,6.225483377890299,565.0376220923764,auto,1868.5025634765625,1394.626953125,1903.6978759765625,1406.962890625,2258.48095703125,1342.14111328125,2248.953125,1387.554443359375
3727,62.11666666666667,7.423266799201518,6.141707712313436,6.181627935218398,564.9695642029307,auto,1864.9580078125,1394.548828125,1887.511962890625,1399.0126953125,2243.25439453125,1345.128173828125,2231.5322265625,1384.63427734375
3728,62.13333333333333,7.416978172762598,6.119491356042002,6.147971939941972,564.7950693662443,auto,1858.185791015625,1395.9031982421875,1874.271484375,1396.4080810546875,2233.1435546875,1349.8924560546875,2221.5703125,1380.8326416015625
3729,62.15,7.4268104246614035,6.128896375157719,6.179310680844338,564.0663167220356,auto,1863.8905029296875,1400.1873779296875,1892.3272705078125,1401.6282958984375,2246.7216796875,1352.5931396484375,2236.501953125,1388.8626708984375
3730,62.166666666666664,7.422793804251845,6.112165907503798,6.148515208920621,563.4148533772617,auto,1855.57275390625,1403.62939453125,1876.052490234375,1402.441162109375,2238.3291015625,1358.359619140625,2229.71826171875,1414.952880859375
3731,62.18333333333333,7.4164384721992755,6.089418182318395,6.139635986946106,563.4148533772617,auto,1850.3370361328125,1401.0906982421875,1878.6304931640625,1401.5408935546875,2227.36669921875,1365.1912841796875,2221.1435546875,1385.1444091796875
3732,62.2,7.4227756046850635,6.080917251339135,6.122953484052308,563.4148533772617,auto,1855.97705078125,1401.1153564453125,1879.660888671875,1411.0435791015625,2236.887939453125,1362.7467041015625,2221.62548828125,1402.7471923828125
3733,62.21666666666667,7.40846944522537,6.060624301054207,6.105717627663735,563.4148533772617,auto,1855.60400390625,1403.29541015625,1881.01025390625,1417.97412109375,2233.6962890625,1371.53466796875,2220.494384765625,1401.80517578125
3734,62.233333333333334,7.393242041028093,6.050082851980272,6.084928089199469,563.4148533772617,auto,1861.2440185546875,1408.676025390625,1880.8765869140625,1422.36376953125,2228.30224609375,1361.751953125,2215.6328125,1399.97802734375
3735,62.25,7.374374073489892,6.035989020799701,6.18730585222434,563.4148533772617,auto,1862.9339599609375,1406.1240234375,1948.1881103515625,1433.523193359375,2226.921875,1368.129150390625,2244.60986328125,1372.425537109375
3736,62.266666666666666,7.3437428718008135,6.001838379690832,6.114232499246662,565.0369982742174,auto,1860.7744140625,1415.0487060546875,1924.28125,1427.7435302734375,2222.5478515625,1377.3631591796875,2252.8173828125,1392.6605224609375
3737,62.28333333333333,7.333713592445218,5.989897249291471,6.0942516057066385,564.5998792503344,auto,1858.281494140625,1413.509521484375,1917.199951171875,1426.533447265625,2213.1630859375,1380.278564453125,2232.985107421875,1394.010986328125
3738,62.3,7.3000271638798715,5.951636266073238,6.0242439354863855,565.0821353531855,auto,1847.04833984375,1411.5653076171875,1888.07763671875,1426.8421630859375,2215.439453125,1383.5662841796875,2238.299072265625,1392.1229248046875
3739,62.31666666666667,7.28356909239237,5.923919901687297,5.9732725496543635,565.495319012537,auto,1843.124755859375,1408.6556396484375,1871.033447265625,1419.2987060546875,2226.556884765625,1377.8577880859375,2236.02685546875,1383.4847412109375
3740,62.333333333333336,7.24682373784876,5.891692401121727,5.930050188199736,566.5203966487021,auto,1843.2904052734375,1408.830078125,1865.0208740234375,1419.531494140625,2215.87646484375,1382.304443359375,2228.19091796875,1396.834716796875
3741,62.35,7.178202643304879,5.859742749485637,5.893759246410703,568.4282406443745,auto,1851.5501708984375,1410.817626953125,1870.8861083984375,1418.94189453125,2219.73486328125,1383.81005859375,2227.6474609375,1394.5576171875
3742,62.36666666666667,7.1456369485568265,5.834886174399998,5.861949047525239,570.7196138607508,auto,1868.9287109375,1418.0284423828125,1884.3740234375,1417.6549072265625,2236.345947265625,1395.2950439453125,2239.359619140625,1396.1021728515625
3743,62.38333333333333,7.06650833614676,5.780973154655798,5.795735074162811,573.887405596231,auto,1878.24755859375,1417.048583984375,1886.71923828125,1413.775634765625,2233.48583984375,1394.84814453125,2228.0078125,1399.901123046875
3744,62.4,7.00148751590367,5.682057962753929,5.7514421638369555,577.358673692365,auto,1863.216064453125,1401.8282470703125,1903.275390625,1423.4825439453125,2239.126953125,1386.7042236328125,2251.37890625,1402.0133056640625
3745,62.416666666666664,6.946035122327423,5.626921501599102,5.722900021954574,580.8184325361055,auto,1872.8345947265625,1408.48681640625,1928.5806884765625,1423.55078125,2244.61962890625,1388.714111328125,2259.04052734375,1406.660400390625
3746,62.43333333333333,6.878191767043157,5.569986997374831,5.743592100438858,584.4703826373309,auto,1881.39306640625,1404.7952880859375,1982.860107421875,1442.2850341796875,2254.154541015625,1388.8553466796875,2285.708740234375,1409.1927490234375
3747,62.45,6.822067036711168,5.5271494646291055,5.643257551442128,587.9426183988114,auto,1894.6627197265625,1410.8883056640625,1962.9276123046875,1422.8809814453125,2260.35693359375,1393.1646728515625,2283.50537109375,1397.8822021484375
3748,62.46666666666667,6.760055760226462,5.453095818042728,5.619169964192146,591.5841113732513,auto,1889.8232421875,1405.4395751953125,1988.070068359375,1438.3048095703125,2267.326171875,1394.2252197265625,2291.18359375,1415.0899658203125
3749,62.483333333333334,6.725259937214263,5.4192139954498595,5.468524110011255,593.6797008664589,auto,1896.626953125,1404.181640625,1925.9013671875,1416.94580078125,2280.42626953125,1390.292236328125,2283.53955078125,1415.4658203125
3750,62.5,6.688337062923384,5.393939354348547,5.481224144927609,595.2195443969275,auto,1902.54931640625,1406.2119140625,1954.502685546875,1429.987060546875,2275.4794921875,1388.872314453125,2292.6884765625,1418.66748046875
3751,62.516666666666666,6.669607466008748,5.395491479734084,5.436983246738051,595.9037043152666,auto,1916.7496337890625,1404.489013671875,1941.4744873046875,1412.74853515625,2280.6669921875,1384.11572265625,2291.15234375,1409.23681640625
3752,62.53333333333333,6.6430709854512875,5.381710409600469,5.423151810678782,596.0034677236324,auto,1916.224609375,1405.2281494140625,1940.923828125,1414.5662841796875,2280.9697265625,1384.9754638671875,2278.638427734375,1415.6566162109375
3753,62.55,6.660906857279037,5.358575423741951,5.4141955660138406,594.960665746529,auto,1900.1640625,1396.6053466796875,1933.255859375,1409.8311767578125,2277.20458984375,1384.1903076171875,2284.552734375,1419.9818115234375
3754,62.56666666666667,6.652574199167392,5.362416462629836,5.4011897524072285,593.3240920541828,auto,1895.518310546875,1388.5625,1918.5234375,1395.103759765625,2278.97216796875,1381.939453125,2280.21923828125,1402.62548828125
3755,62.583333333333336,6.647090147586536,5.37357353661344,5.4320858043456095,591.7061781125449,auto,1895.452392578125,1389.130615234375,1930.074462890625,1407.779541015625,2264.38330078125,1376.886962890625,2268.769775390625,1410.300048828125
3756,62.6,6.645477072270338,5.407572904932166,5.422952674802805,590.3910267431335,auto,1912.152587890625,1390.3837890625,1921.232666015625,1393.462646484375,2268.75341796875,1372.805908203125,2258.04443359375,1395.501708984375
3757,62.61666666666667,6.6339173606934745,5.388379309180108,5.4248097536127196,589.4955790952517,auto,1900.760986328125,1385.98974609375,1922.236572265625,1389.245361328125,2262.499755859375,1371.89453125,2265.836181640625,1385.446533203125
3758,62.63333333333333,6.627384200474799,5.343858896498209,5.414598810126555,589.2790185468374,auto,1879.6455078125,1377.0687255859375,1921.3310546875,1388.6861572265625,2259.536376953125,1373.6041259765625,2270.09912109375,1387.3204345703125
3759,62.65,6.605334739790722,5.387890560350003,5.401808000107663,589.0800657938884,auto,1910.827880859375,1379.34912109375,1919.0263671875,1381.279052734375,2263.08251953125,1367.57958984375,2254.1728515625,1393.67236328125
3760,62.666666666666664,6.606625582846312,5.3598551961107255,5.411721580700585,588.0965416705229,auto,1893.77880859375,1363.28662109375,1924.28125,1380.7412109375,2258.58251953125,1363.24951171875,2253.60107421875,1392.174072265625
3761,62.68333333333333,6.593804477984493,5.373238752477718,5.405891685939359,586.9540483059576,auto,1899.583984375,1369.477783203125,1918.749755859375,1376.032958984375,2260.771484375,1355.67626953125,2251.82666015625,1390.3154296875
3762,62.7,6.604533725374499,5.361845539002391,5.402853637088795,585.1788166800036,auto,1884.80517578125,1361.9141845703125,1908.80224609375,1370.0313720703125,2254.48681640625,1357.2457275390625,2251.30517578125,1384.8829345703125
3763,62.71666666666667,6.630702859754132,5.352965755849773,5.396400877896817,583.6987706927687,auto,1874.1864013671875,1360.270751953125,1899.5394287109375,1365.26513671875,2249.33349609375,1365.047119140625,2254.09521484375,1393.377685546875
3764,62.733333333333334,6.612843778641487,5.381763725484328,5.417976255115058,582.2559526360008,auto,1886.1962890625,1356.704345703125,1907.28125,1361.982666015625,2250.138671875,1357.994140625,2243.91015625,1392.325927734375
3765,62.75,6.607664694432132,5.328141878404763,5.378794630063755,581.9437210380438,auto,1858.389892578125,1349.302001953125,1887.86669921875,1348.53271484375,2227.184326171875,1367.2529296875,2232.38330078125,1388.588134765625
3766,62.766666666666666,6.593900822890281,5.361233832447544,5.377109275258071,581.1230620529427,auto,1878.6689453125,1355.3533935546875,1887.89453125,1350.1226806640625,2236.05224609375,1363.7999267578125,2229.152099609375,1387.7733154296875
3767,62.78333333333333,6.592718134431064,5.335781005994133,5.366212830149326,580.6235440781144,auto,1866.19287109375,1355.0927734375,1883.862060546875,1351.00244140625,2225.798828125,1365.0400390625,2231.781005859375,1376.76513671875
3768,62.8,6.944727487405396,5.634293126403099,5.636991157426839,549.9887531660524,auto,1872.2760009765625,1355.3416748046875,1873.7598876953125,1355.4503173828125,2233.1328125,1367.1680908203125,2222.5791015625,1386.5587158203125
3769,62.81666666666667,6.561677835115577,5.295180295549462,5.316379633000762,580.2321481806711,auto,1852.137451171875,1350.158203125,1864.43798828125,1344.09033203125,2222.90869140625,1364.538330078125,2223.1396484375,1373.62451171875
3770,62.833333333333336,6.915792289067713,5.553961318464098,5.574652398234139,550.6033639431113,auto,1847.17138671875,1344.3670654296875,1858.56396484375,1340.9007568359375,2221.300537109375,1368.7196044921875,2231.714599609375,1368.2772216796875
3771,62.85,6.528340897734778,5.2407902782202305,5.278967816207607,581.2686574324769,auto,1844.5870361328125,1346.83984375,1866.7784423828125,1340.1240234375,2225.3408203125,1367.8037109375,2234.5224609375,1361.1298828125
3772,62.86666666666667,6.506060930638345,5.206728970735953,5.211952157292257,582.4483378740127,auto,1842.206298828125,1346.6280517578125,1845.24853515625,1338.2867431640625,2234.73486328125,1366.1964111328125,2243.138671875,1367.7122802734375
3773,62.88333333333333,6.4833712595367965,5.168432543311458,5.183349519804153,583.863134765625,auto,1839.255859375,1350.86865234375,1847.965087890625,1340.161865234375,2234.67578125,1367.665771484375,2240.92919921875,1365.269775390625
3774,62.9,6.820196094691958,5.476626536088848,5.467369256524953,553.2491479704934,auto,1862.671142578125,1356.505615234375,1857.549560546875,1348.287841796875,2242.720703125,1365.72021484375,2237.18359375,1367.339111328125
3775,62.916666666666664,6.787075051339921,5.449377375867576,5.442206100236172,553.5593340068956,auto,1860.5048828125,1354.186767578125,1856.53515625,1340.834228515625,2241.93017578125,1355.20263671875,2231.48974609375,1357.401123046875
3776,62.93333333333333,6.760166213867372,5.459087776680934,5.434753208736796,554.2848050955105,auto,1879.83203125,1349.7064208984375,1866.34375,1336.9197998046875,2245.46728515625,1357.3372802734375,2224.041259765625,1364.0074462890625
3777,62.95,6.745325259752673,5.430821663202194,5.397928054460032,554.5592525621516,auto,1876.0299072265625,1346.3631591796875,1857.7884521484375,1334.1544189453125,2262.52099609375,1349.0567626953125,2241.36279296875,1360.4967041015625
3778,62.96666666666667,6.724271217787145,5.409527503746976,5.395999875503328,554.9984346683576,auto,1877.3192138671875,1343.65185546875,1869.8116455078125,1329.4736328125,2271.77294921875,1351.947021484375,2252.2109375,1365.40966796875
3779,62.983333333333334,6.718633170399299,5.386232574680978,5.377489146011539,555.2719250423185,auto,1875.1552734375,1345.17724609375,1870.30029296875,1324.832763671875,2257.999755859375,1350.29443359375,2240.001953125,1345.525390625
3780,63.0,6.70252380664068,5.372497501133126,5.3683089615245585,555.5407168922372,auto,1879.1162109375,1338.43310546875,1876.789306640625,1310.557861328125,2273.2958984375,1350.6396484375,2248.50927734375,1348.99365234375
3781,63.016666666666666,6.6845034623875605,5.365668828713062,5.329279956769188,555.7440863189339,auto,1885.0654296875,1329.9154052734375,1864.842529296875,1312.5277099609375,2296.4462890625,1362.2777099609375,2264.7158203125,1354.8712158203125
3782,63.03333333333333,6.684012973243802,5.373584459635476,5.3536512131535545,555.797944500574,auto,1897.66650390625,1338.7681884765625,1886.587646484375,1310.1551513671875,2274.9228515625,1344.5821533203125,2264.235595703125,1329.9107666015625
3783,63.05,6.6423785500631105,5.374245789491482,5.364641476417643,556.4923302071352,auto,1911.293701171875,1336.0980224609375,1905.94921875,1310.4891357421875,2280.4052734375,1342.1063232421875,2260.484619140625,1328.5716552734375
3784,63.06666666666667,6.630098736017516,5.342970767116303,5.302902141388254,557.4116004992025,auto,1909.5399169921875,1324.2227783203125,1887.2052001953125,1292.2572021484375,2308.98876953125,1343.4432373046875,2269.5791015625,1326.6370849609375
3785,63.083333333333336,6.605954121084525,5.339314629510362,5.328407441686409,557.8182583657051,auto,1920.4453125,1328.1885986328125,1914.361083984375,1314.5120849609375,2287.434326171875,1332.3990478515625,2265.763427734375,1331.2125244140625
3786,63.1,6.597074046437775,5.339200078205849,5.321461890859647,558.0848746994163,auto,1931.99951171875,1326.04443359375,1922.10009765625,1306.804931640625,2308.6396484375,1329.326171875,2275.97314453125,1333.72802734375
3787,63.11666666666667,6.5934780109589886,5.33453756950262,5.33035417252593,557.799345066275,auto,1935.763671875,1325.1114501953125,1933.43017578125,1313.1666259765625,2298.029296875,1325.2498779296875,2287.3876953125,1316.0133056640625
3788,63.13333333333333,6.598361907494705,5.3524984854665885,5.334485619156778,557.0969071096458,auto,1947.933349609375,1324.6217041015625,1937.8984375,1328.0130615234375,2318.74267578125,1329.0677490234375,2296.97998046875,1342.5057373046875
3789,63.15,6.592676320275292,5.356418154212683,5.361776061966137,556.5937062751061,auto,1952.906494140625,1341.34228515625,1955.888671875,1326.825927734375,2309.77734375,1324.562744140625,2300.2470703125,1327.6298828125
3790,63.166666666666664,6.5834406177050875,5.333818765179214,5.365659985472631,556.1960494699283,auto,1943.96533203125,1344.6795654296875,1961.67529296875,1350.8846435546875,2289.208984375,1317.5081787109375,2288.917236328125,1320.3004150390625
3791,63.18333333333333,6.578192684274757,5.338266100041262,5.404754758739499,555.6046245068833,auto,1949.091064453125,1361.086669921875,1986.032470703125,1372.763916015625,2262.628173828125,1302.182373046875,2274.427001953125,1314.754150390625
3792,63.2,6.588028845562446,5.365346564334004,5.438177440042838,554.9699206431146,auto,1966.4482421875,1358.535400390625,2006.8671875,1394.12255859375,2279.960205078125,1298.563720703125,2298.8662109375,1318.794677734375
3793,63.21666666666667,6.592062667669602,5.39150577806051,5.464919845795258,554.4189239664582,auto,1982.388671875,1365.2904052734375,2023.0908203125,1397.2840576171875,2277.908203125,1284.4222412109375,2299.50439453125,1307.0155029296875
3794,63.233333333333334,6.57936775795874,5.423392861552957,5.450533161194192,553.9250341734701,auto,2002.676513671875,1389.533935546875,2017.710205078125,1403.817626953125,2271.87060546875,1287.921875,2284.30712890625,1293.434326171875
3795,63.25,6.567609958525025,5.469896485500575,5.4970592632229724,553.9250341734701,auto,2034.948974609375,1383.7919921875,2049.9951171875,1412.48193359375,2258.2294921875,1268.42529296875,2277.353515625,1275.263671875
3796,63.266666666666666,6.54853047508663,5.461107115020119,5.509467164023584,553.9250341734701,auto,2037.64892578125,1402.3382568359375,2064.436767578125,1439.7554931640625,2247.033447265625,1254.8951416015625,2267.12158203125,1291.6292724609375
3797,63.28333333333333,6.518771699363537,5.482011289752721,5.520696948923371,553.9250341734701,auto,2055.71240234375,1418.7589111328125,2077.141357421875,1450.6085205078125,2236.445556640625,1241.2808837890625,2259.052734375,1253.5782470703125
3798,63.3,6.5010915866640575,5.50516900230834,5.534501575982762,553.9250341734701,auto,2074.33349609375,1427.418212890625,2090.58154296875,1447.00390625,2245.54833984375,1236.333740234375,2284.455810546875,1265.745849609375
3799,63.31666666666667,6.483038381891983,5.536389294053556,5.574863835559972,553.9250341734701,auto,2096.62744140625,1436.0828857421875,2117.939453125,1434.2982177734375,2249.38720703125,1214.8758544921875,2287.432373046875,1245.0784912109375
3800,63.333333333333336,6.457100659592834,5.569674043292027,5.583512607846503,553.9250341734701,auto,2118.43212890625,1431.3504638671875,2126.09765625,1429.4271240234375,2257.6513671875,1202.8150634765625,2289.98779296875,1226.7459716796875
3801,63.35,6.425741973387139,5.58874691553008,5.605166051951123,553.9250341734701,auto,2133.367431640625,1423.4671630859375,2142.46240234375,1422.2293701171875,2268.392578125,1199.8536376953125,2332.340576171875,1233.4989013671875
3802,63.36666666666667,6.644145026529577,5.819853272477737,5.8136473170837055,533.5647916611636,auto,2148.18701171875,1413.0318603515625,2144.875732421875,1422.0355224609375,2285.7021484375,1234.1768798828125,2338.59814453125,1269.8314208984375
3803,63.38333333333333,6.639824439058643,5.834649018511544,5.834237140646763,533.4750451247459,auto,2162.458984375,1390.5247802734375,2162.2392578125,1406.6778564453125,2297.985595703125,1241.9512939453125,2370.033203125,1238.7530517578125
3804,63.4,6.619986805283621,5.864365134451382,5.81178046624881,533.0178055921263,auto,2185.240234375,1381.990478515625,2157.211669921875,1394.189208984375,2307.23876953125,1246.461669921875,2353.314453125,1264.516357421875
3805,63.416666666666664,6.600640937929777,5.838485292740226,5.823942625338642,533.1160696596345,auto,2183.6826171875,1371.542236328125,2175.9296875,1370.822998046875,2317.9736328125,1265.947509765625,2389.93701171875,1272.142333984375
3806,63.43333333333333,6.551727465353893,5.846876517746307,5.813435029728941,532.8219655102391,auto,2201.43994140625,1356.41943359375,2183.62158203125,1342.453369140625,2322.930419921875,1246.528076171875,2371.10498046875,1277.633056640625
3807,63.45,6.509958534535767,5.833175143984215,5.810635522573109,532.3741468362472,auto,2208.697998046875,1338.020263671875,2196.698486328125,1324.303955078125,2350.271484375,1258.5419921875,2384.601318359375,1298.308349609375
3808,63.46666666666667,6.484912700840849,5.807367922630438,5.767499717632032,532.2590983115163,auto,2212.37060546875,1305.052490234375,2191.150390625,1323.5517578125,2371.22705078125,1245.6083984375,2343.732666015625,1300.548583984375
3809,63.483333333333334,6.451852904696731,5.797788793276767,5.726566181912204,532.4655086045286,auto,2224.7333984375,1311.6978759765625,2186.809814453125,1307.0531005859375,2363.21240234375,1253.0081787109375,2353.13134765625,1279.1185302734375
3810,63.5,6.403202266124131,5.759171823547602,5.713298468888837,532.525059900594,auto,2218.03759765625,1289.9031982421875,2193.60888671875,1296.2257080078125,2332.73388671875,1266.7435302734375,2340.22900390625,1302.7449951171875
3811,63.516666666666666,6.381375671712708,5.719258522997699,5.6399980897729085,532.9296429052113,auto,2211.13818359375,1280.5791015625,2168.89794921875,1280.669921875,2307.18896484375,1260.65478515625,2308.649658203125,1296.96875
3812,63.53333333333333,6.38092721105334,5.680836549319976,5.587451241634762,533.3089742995533,auto,2202.63525390625,1258.9090576171875,2152.832275390625,1260.8939208984375,2327.969482421875,1249.2696533203125,2306.89013671875,1295.3553466796875
3813,63.55,6.340664083365061,5.6285951078920275,5.564194900736631,534.1582560556556,auto,2189.642578125,1255.6317138671875,2155.24267578125,1248.9056396484375,2283.01220703125,1260.8653564453125,2319.952880859375,1278.3980712890625
3814,63.56666666666667,6.3173830949887195,5.868211477528156,,534.4813695010877,auto,2331.926025390625,1280.7528076171875,,,2229.294921875,1262.6617431640625,2295.788818359375,1252.2618408203125
3815,63.583333333333336,6.29178844765464,5.493706180412553,,535.3748085432519,auto,2150.726806640625,1230.347900390625,,,2264.851806640625,1238.0703125,2301.049560546875,1271.70458984375
3816,63.6,6.275771401593545,5.467362614173406,6.440405051152502,536.1164556394438,auto,2154.598876953125,1238.9056396484375,2676.2626953125,1263.0428466796875,2287.45751953125,1244.5150146484375,2350.93115234375,1257.4534912109375
3817,63.61666666666667,6.22476682975329,5.396624795340098,6.419760973156766,536.7629964927362,auto,2133.48388671875,1229.4942626953125,2682.665771484375,1268.1871337890625,2247.515380859375,1245.0272216796875,2317.3388671875,1250.9202880859375
3818,63.63333333333333,6.225908323759114,5.367994899016055,5.370762093164252,537.2128538914201,auto,2131.117919921875,1224.609375,2132.6044921875,1232.486083984375,2264.4091796875,1220.6572265625,2299.115966796875,1243.372802734375
3819,63.65,6.205795999366623,5.341473136819797,5.359885509375396,537.729663917694,auto,2128.22802734375,1227.725830078125,2138.12890625,1237.364501953125,2293.03662109375,1231.196044921875,2311.306640625,1262.813720703125
3820,63.666666666666664,6.219936204831161,5.969704866032184,5.3099148514145025,537.9870689607699,auto,2473.37890625,1281.7425537109375,2118.42041015625,1224.2247314453125,2351.35107421875,1250.6317138671875,2302.897216796875,1310.1153564453125
3821,63.68333333333333,6.225867996477686,5.922427995913903,5.2658195160633,538.133125417289,auto,2453.708740234375,1283.813232421875,2100.3662109375,1228.692626953125,2365.791748046875,1246.603271484375,2306.428955078125,1316.91259765625
3822,63.7,6.21306549499891,5.228679458544925,5.209267022382801,538.3750801659634,auto,2085.031005859375,1219.3514404296875,2074.579833984375,1227.1624755859375,2327.80859375,1253.2349853515625,2306.72265625,1310.7818603515625
3823,63.71666666666667,6.145214538067878,5.125763121392765,6.375762466709183,538.8397353406224,auto,2034.67919921875,1224.904296875,2708.228515625,1242.061767578125,2276.130126953125,1253.35986328125,2348.404296875,1257.2255859375
3824,63.733333333333334,6.14561715307851,5.0769358917735525,5.1438260348077804,538.7835188539409,auto,2010.212158203125,1235.705078125,2046.25146484375,1211.850341796875,2209.013671875,1250.524169921875,2267.66064453125,1254.508544921875
3825,63.75,6.132855326579091,5.0454512422007864,5.066984960390901,538.910011994705,auto,1995.987060546875,1227.6436767578125,2007.591796875,1243.8468017578125,2267.7099609375,1224.7052001953125,2261.97119140625,1283.2623291015625
3826,63.766666666666666,6.124380568495934,5.013006797020284,5.071605893353454,539.0883113797003,auto,1981.871337890625,1235.79638671875,2013.46142578125,1256.002197265625,2246.3251953125,1225.96728515625,2274.77197265625,1293.27685546875
3827,63.78333333333333,6.156269188393927,4.984814025320955,5.034655806818625,539.441367103959,auto,1972.068603515625,1246.9617919921875,1998.955322265625,1255.7081298828125,2252.47021484375,1220.8355712890625,2268.78515625,1276.3148193359375
3828,63.8,6.171860043648013,4.960063705320685,4.974339620836894,539.5717599077374,auto,1965.14892578125,1261.775146484375,1972.851806640625,1267.380615234375,2289.448974609375,1233.027099609375,2287.1416015625,1271.853759765625
3829,63.81666666666667,6.142208639167061,4.9415116254779665,4.9539472321351505,540.1654572573365,auto,1964.425048828125,1275.9208984375,1971.14208984375,1281.540283203125,2276.40673828125,1226.831298828125,2271.82861328125,1259.005126953125
3830,63.833333333333336,6.150287544681715,4.907853138034037,4.921000483128356,540.337524822342,auto,1953.666015625,1279.175537109375,1960.77001953125,1290.017333984375,2276.37890625,1225.314697265625,2265.134765625,1278.695556640625
3831,63.85,6.15657174645692,,,540.4895597550537,auto,,,,,2304.33837890625,1255.829833984375,2285.75927734375,1284.696044921875
3832,63.86666666666667,6.127037228049938,4.9081319431874855,4.9224235168257335,540.4668015758649,auto,1961.22216796875,1305.7034912109375,1968.9462890625,1318.4627685546875,2254.3583984375,1227.2235107421875,2248.5517578125,1261.3609619140625
3833,63.88333333333333,6.159769450675006,4.88595883790078,4.890121522400701,540.3992829129454,auto,1950.633544921875,1311.504150390625,1952.883056640625,1324.239013671875,2301.685791015625,1245.344482421875,2291.533447265625,1290.323974609375
3834,63.9,6.159783044748778,4.863052483829257,4.880954352399239,540.7900469107318,auto,1942.740966796875,1313.041015625,1952.422119140625,1333.57177734375,2302.541748046875,1257.28662109375,2294.381591796875,1302.017578125
3835,63.916666666666664,6.147941537198801,4.845873780036761,4.8499244432460475,541.0596431715892,auto,1940.503662109375,1321.8043212890625,1942.6953125,1330.5250244140625,2307.074951171875,1259.0284423828125,2285.5849609375,1300.7972412109375
3836,63.93333333333333,6.132657191356071,4.840460217303959,4.837135086171161,541.4201415975465,auto,1948.378662109375,1329.3968505859375,1946.578369140625,1341.3917236328125,2304.6982421875,1259.0399169921875,2283.98779296875,1310.0269775390625
3837,63.95,6.137684011337899,4.832494415490973,4.82975848462616,542.013022083883,auto,1959.5703125,1338.246337890625,1958.08740234375,1346.871337890625,2297.371337890625,1265.087890625,2284.8369140625,1313.25244140625
3838,63.96666666666667,6.130211561125066,4.818525107705081,4.806406061293534,542.1476473379704,auto,1965.872314453125,1343.630859375,1959.302001953125,1362.2158203125,2305.8623046875,1265.801025390625,2292.8974609375,1330.31689453125
3839,63.983333333333334,6.1173305024524955,4.800817405945448,4.789254999698857,542.3185865268065,auto,1970.030517578125,1356.8087158203125,1963.760009765625,1366.8416748046875,2301.737548828125,1270.1177978515625,2291.455078125,1322.0892333984375
3840,64.0,6.123180308580011,4.791180225135038,4.784195583991812,542.345105470962,auto,1973.59619140625,1363.8173828125,1969.80810546875,1373.401123046875,2321.1728515625,1289.749267578125,2303.541015625,1342.274169921875
3841,64.01666666666667,6.111787559765421,4.787103592274362,4.782239641866909,542.3450553860139,auto,1977.564208984375,1368.1033935546875,1974.92626953125,1375.8665771484375,2323.62060546875,1297.3970947265625,2312.2900390625,1351.5963134765625
3842,64.03333333333333,6.117146038236486,4.7758714751814315,4.76725986862972,542.2823078316535,auto,1974.650390625,1377.9332275390625,1969.980712890625,1377.5250244140625,2325.276123046875,1298.7010498046875,2304.563232421875,1346.4605712890625
3843,64.05,6.107646457170059,4.765006156145898,4.759000527198581,542.4598370259653,auto,1971.671630859375,1383.8800048828125,1968.413818359375,1383.1380615234375,2325.07568359375,1321.2718505859375,2319.6416015625,1369.0150146484375
3844,64.06666666666666,6.090084867222336,4.755053761522035,4.759792868633852,542.2591551775721,auto,1968.067138671875,1388.668701171875,1970.636962890625,1394.823974609375,2327.693359375,1319.75244140625,2318.2705078125,1402.60791015625
3845,64.08333333333333,6.07470769667253,4.75332092538925,4.743078799096843,542.2419894994639,auto,1971.488525390625,1399.5625,1965.934814453125,1396.6220703125,2320.856689453125,1322.947509765625,2304.32080078125,1390.121826171875
3846,64.1,6.073068456985122,4.735176324785256,4.737559719375566,542.0806914442428,auto,1966.754638671875,1412.0240478515625,1968.046630859375,1409.0384521484375,2330.36083984375,1331.2208251953125,2311.82080078125,1385.0140380859375
3847,64.11666666666666,6.061301604584653,4.71501261224317,4.7307783853321155,542.1932470358003,auto,1964.05126953125,1415.7935791015625,1972.599365234375,1427.7833251953125,2335.376708984375,1352.8668212890625,2333.150146484375,1394.9302978515625
3848,64.13333333333334,6.035041290115314,4.700482462000053,4.705559345485337,542.7288417662265,auto,1970.696533203125,1431.115966796875,1973.45166015625,1433.170654296875,2338.662109375,1347.4453125,2322.599853515625,1382.864990234375
3849,64.15,6.008759765606471,4.666707593672207,4.690721069544819,543.5587269516097,auto,1971.515869140625,1433.854248046875,1984.568603515625,1442.6162109375,2348.11669921875,1366.376220703125,2332.986083984375,1397.37841796875
3850,64.16666666666667,5.9607466775315405,4.626068280464502,4.679352586698856,544.282379446214,auto,1970.55810546875,1442.723388671875,1999.559814453125,1452.13037109375,2343.369140625,1333.331298828125,2321.029296875,1348.92578125
3851,64.18333333333334,5.940899483739881,4.595391556555289,4.592693375129399,545.3434423483982,auto,1977.236083984375,1452.847412109375,1975.7646484375,1456.774658203125,2354.426513671875,1369.917236328125,2331.90869140625,1399.896484375
3852,64.2,5.88526379983381,4.558176180615875,4.581049857426928,546.276902980758,auto,1975.042724609375,1454.143798828125,1987.5380859375,1459.901123046875,2341.492919921875,1372.977783203125,2338.23291015625,1407.555908203125
3853,64.21666666666667,5.851397713356491,4.52371818143404,4.5656205724879975,546.6340431028144,auto,1968.2451171875,1460.4976806640625,1991.150390625,1468.7283935546875,2352.4423828125,1365.9508056640625,2340.251220703125,1407.1007080078125
3854,64.23333333333333,5.856463190561545,4.504473271023946,4.54647426481214,547.1120079385912,auto,1965.31005859375,1466.6915283203125,1988.289306640625,1471.0843505859375,2360.565185546875,1382.5245361328125,2357.3359375,1414.1971435546875
3855,64.25,5.830976427127423,4.493828007003694,4.539439354333601,547.0815150342667,auto,1963.470703125,1470.6004638671875,1988.423828125,1484.8319091796875,2341.085693359375,1394.9481201171875,2322.37158203125,1417.3590087890625
3856,64.26666666666667,5.787746797941393,4.455534905177446,4.498210707766693,547.0134564530047,auto,1944.26220703125,1471.505859375,1967.6064453125,1477.732421875,2331.04833984375,1398.04052734375,2311.084228515625,1420.533203125
3857,64.28333333333333,5.7427448457438,4.452106075098319,4.486444619350725,546.6806239335561,auto,1942.432861328125,1476.3785400390625,1961.205078125,1486.0345458984375,2310.14013671875,1393.6346435546875,2285.18115234375,1420.3167724609375
3858,64.3,5.757237387027675,4.445579055894592,4.477721579021178,546.5464781129483,auto,1940.11767578125,1476.626708984375,1957.68505859375,1481.528076171875,2300.240478515625,1401.243896484375,2294.501220703125,1417.975341796875
3859,64.31666666666666,5.766713610194457,4.426911113186014,4.446544482034782,546.3558864121404,auto,1930.990966796875,1472.2882080078125,1941.7177734375,1468.6226806640625,2298.350341796875,1405.8868408203125,2301.6240234375,1403.3582763671875
3860,64.33333333333333,5.76970701919661,4.407026379615412,4.458526287675553,546.2170324707288,auto,1922.6806640625,1472.824951171875,1950.810791015625,1485.9482421875,2284.25732421875,1420.052734375,2293.10888671875,1432.21728515625
3861,64.35,5.749364911802005,4.3697541305217475,4.406397954731882,546.0877137917666,auto,1906.611572265625,1465.2779541015625,1926.622314453125,1475.3358154296875,2277.114501953125,1409.6197509765625,2284.74267578125,1431.2703857421875
3862,64.36666666666666,5.728230456068849,4.366131907249661,4.408382430779249,546.2499343224143,auto,1910.953857421875,1467.8427734375,1934.033203125,1480.200927734375,2278.76416015625,1409.92822265625,2272.947509765625,1447.11328125
3863,64.38333333333334,5.7223176697126155,4.3510032668680045,4.385386044422106,546.3394555367704,auto,1908.7967529296875,1466.5634765625,1927.5814208984375,1468.667724609375,2276.27587890625,1401.1337890625,2277.60498046875,1423.9150390625
3864,64.4,5.700395012267828,4.319192947897931,4.400813557398673,546.380963563119,auto,1897.33740234375,1456.8411865234375,1941.933349609375,1470.8865966796875,2268.309814453125,1407.4320068359375,2273.783935546875,1424.8333740234375
3865,64.41666666666667,5.672835343525379,4.312398834402853,4.32616825761497,546.4581883051155,auto,1900.578369140625,1460.251708984375,1908.102783203125,1467.081787109375,2262.3544921875,1415.2783203125,2258.867431640625,1415.286376953125
3866,64.43333333333334,5.662223825285487,4.263643650322847,4.324664945660417,547.0202267559687,auto,1883.9482421875,1452.9510498046875,1917.328125,1459.5667724609375,2256.4765625,1405.0120849609375,2264.146240234375,1418.1766357421875
3867,64.45,5.636239207838305,4.225187791135972,4.350314384259712,547.0202267559687,auto,1873.12646484375,1446.629638671875,1941.5732421875,1466.160888671875,2257.74609375,1403.606201171875,2276.0361328125,1412.730712890625
3868,64.46666666666667,5.56304690716906,4.212621427566602,4.238425578466109,548.5752130830629,auto,1886.1900634765625,1444.3453369140625,1900.3455810546875,1452.6041259765625,2260.29541015625,1404.8267822265625,2261.6416015625,1400.9488525390625
3869,64.48333333333333,5.546531289296295,4.19796476242503,4.229421429158598,548.5752130830629,auto,1891.209716796875,1442.0400390625,1908.46630859375,1446.86181640625,2261.95751953125,1403.3095703125,2261.1494140625,1396.318603515625
3870,64.5,5.52283669250068,4.163737886470632,4.218927174361116,550.1131238139252,auto,1891.341796875,1438.5859375,1921.7021484375,1447.421142578125,2265.096923828125,1400.8056640625,2277.490966796875,1398.37841796875
3871,64.51666666666667,5.488813278906423,4.1407784966111585,4.186496511714736,550.6272292736712,auto,1889.7353515625,1434.10302734375,1914.908935546875,1440.539306640625,2261.656005859375,1401.060546875,2274.25048828125,1387.32666015625
3872,64.53333333333333,5.482054925569265,4.150512394147568,4.189082302453814,550.7640763158084,auto,1901.63427734375,1433.1348876953125,1922.877197265625,1440.0098876953125,2255.7734375,1399.5010986328125,2275.744140625,1388.4534912109375
3873,64.55,5.475699895855407,4.119297768374858,4.167211496395708,550.7640763158084,auto,1886.9423828125,1426.9656982421875,1913.33154296875,1431.9478759765625,2255.580322265625,1398.7938232421875,2280.215576171875,1378.2567138671875
3874,64.56666666666666,5.446329742488052,4.105003439690537,4.1408135101703625,550.7640763158084,auto,1882.24560546875,1421.90185546875,1901.968505859375,1423.779296875,2247.208740234375,1393.8349609375,2261.14111328125,1385.685302734375
3875,64.58333333333333,5.448138309518536,4.095331152287309,4.1345163280049055,550.7640763158084,auto,1879.92236328125,1415.7066650390625,1901.504150390625,1423.3831787109375,2257.005859375,1393.1905517578125,2274.54638671875,1395.6021728515625
3876,64.6,5.4299132288384255,4.066153824081292,4.1094415213349516,550.7640763158084,auto,1867.890380859375,1409.212158203125,1891.731689453125,1415.710693359375,2250.375732421875,1395.316162109375,2262.490478515625,1384.739013671875
3877,64.61666666666666,5.426963846143389,4.0851513551565874,4.117483867498005,549.7003502758342,auto,1877.4052734375,1407.64404296875,1895.178466796875,1411.491943359375,2245.8671875,1384.28125,2265.201171875,1380.46923828125
3878,64.63333333333334,5.410177356817214,4.071502672664189,4.096896923383913,549.7003502758342,auto,1874.130126953125,1403.6002197265625,1888.08935546875,1406.3721923828125,2245.588623046875,1385.4097900390625,2255.708984375,1385.6365966796875
3879,64.65,5.380483666740889,4.061865852752046,4.086310100808296,549.7003502758342,auto,1874.1552734375,1401.1151123046875,1887.59228515625,1404.1617431640625,2241.70458984375,1378.7498779296875,2256.16748046875,1383.2042236328125
3880,64.66666666666667,5.359407731073509,4.039345593259692,4.0741470466045016,549.7003502758342,auto,1868.361328125,1389.7373046875,1887.49169921875,1388.7724609375,2247.27734375,1379.10498046875,2248.803466796875,1373.03369140625
3881,64.68333333333334,5.330285641477732,4.014429230742818,4.039756861359915,549.7003502758342,auto,1861.67333984375,1385.3681640625,1875.595947265625,1386.46044921875,2234.98681640625,1372.87255859375,2241.536376953125,1382.4521484375
3882,64.7,5.301044985531493,3.997432617993733,4.030033744638882,549.6793473023076,auto,1860.43115234375,1378.09765625,1878.351318359375,1380.625,2228.9912109375,1372.0810546875,2240.331298828125,1379.1279296875
3883,64.71666666666667,5.305019240688888,3.9606723775914223,4.005908007478053,550.0603016054026,auto,1851.528076171875,1369.6617431640625,1876.410400390625,1376.0274658203125,2230.00537109375,1369.2034912109375,2250.187255859375,1379.6441650390625
3884,64.73333333333333,5.272138505827634,3.9442219657880746,3.9693940332884172,550.5563886612098,auto,1854.906982421875,1367.6114501953125,1868.765625,1369.5601806640625,2231.54931640625,1368.4986572265625,2242.25390625,1378.3511962890625
3885,64.75,5.241308072613728,3.9352077029605055,3.961138269801613,550.9002690737091,auto,1862.468994140625,1368.4080810546875,1876.754150390625,1368.3197021484375,2227.521484375,1364.4842529296875,2231.03955078125,1378.5718994140625
3886,64.76666666666667,5.223338890640537,3.898516080045319,3.9227004926874316,551.8105831733847,auto,1856.94873046875,1361.734375,1870.2939453125,1361.875,2230.01611328125,1366.3837890625,2234.919189453125,1379.7197265625
3887,64.78333333333333,5.197468798510545,3.8771707763989336,3.9028475241887146,551.8105831733847,auto,1858.445556640625,1358.7508544921875,1872.6142578125,1355.0145263671875,2235.3662109375,1364.3831787109375,2238.7001953125,1370.8697509765625
3888,64.8,5.174790436518496,3.867105809818943,3.896366728089383,551.8105831733847,auto,1868.40576171875,1355.9254150390625,1884.55224609375,1356.5853271484375,2232.097900390625,1365.7208251953125,2236.06884765625,1382.0831298828125
3889,64.81666666666666,5.1572180021195875,3.847005077405997,3.8831277287938955,551.8105831733847,auto,1874.0107421875,1354.4019775390625,1893.943603515625,1354.3443603515625,2239.1884765625,1363.6480712890625,2241.902587890625,1384.3287353515625
3890,64.83333333333333,5.114243793632137,3.820962435407167,3.845009693025332,551.8105831733847,auto,1877.353759765625,1353.92041015625,1890.623291015625,1351.64404296875,2239.2509765625,1362.56494140625,2221.24169921875,1387.291015625
3891,64.85,5.093846408175458,3.806826176793722,3.8428722868295457,551.8105831733847,auto,1885.80859375,1354.2216796875,1905.69921875,1346.8115234375,2239.9794921875,1368.01171875,2244.11474609375,1376.9326171875
3892,64.86666666666666,5.060155825067053,3.8062107489281995,3.8278586784983935,551.8105831733847,auto,1899.059814453125,1353.75830078125,1911.00537109375,1352.81494140625,2241.13232421875,1359.779296875,2228.75537109375,1384.179931640625
3893,64.88333333333334,5.062646958493957,3.7970594117819285,3.8121203607181213,551.8105831733847,auto,1902.635498046875,1351.8438720703125,1910.9462890625,1347.5648193359375,2252.2236328125,1363.5687255859375,2241.978271484375,1383.8031005859375
3894,64.9,5.049147143435188,3.7935159453728935,3.824247077012945,551.8105831733847,auto,1906.12939453125,1352.1014404296875,1923.087158203125,1345.4344482421875,2244.085205078125,1364.0831298828125,2233.16552734375,1384.8822021484375
3895,64.91666666666667,5.0316558959617455,3.7727829725431024,3.790295014487917,551.8105831733847,auto,1899.340576171875,1348.115966796875,1909.00390625,1338.8681640625,2235.81689453125,1362.576904296875,2229.36279296875,1374.398193359375
3896,64.93333333333334,4.949749666011969,3.7110819987171824,3.7348615567506576,559.3367728397748,auto,1897.167724609375,1342.60302734375,1910.468505859375,1331.537109375,2244.327392578125,1355.9658203125,2221.7744140625,1382.21240234375
3897,64.95,4.9255343398926295,3.6933138209542875,3.714660137713762,558.8754151383072,auto,1890.34228515625,1340.4912109375,1902.272216796875,1328.9072265625,2224.786376953125,1355.53369140625,2218.62939453125,1365.9658203125
3898,64.96666666666667,4.91093192093246,3.636604373661043,3.6669529918600796,559.1396649313074,auto,1865.472900390625,1334.650390625,1882.442138671875,1324.934814453125,2212.769287109375,1351.721923828125,2207.900146484375,1366.981689453125
3899,64.98333333333333,4.920180187318005,3.640245987091938,3.65869367054347,558.6030174303075,auto,1870.02490234375,1333.284912109375,1880.329833984375,1321.558837890625,2230.494873046875,1354.439208984375,2227.3466796875,1360.5087890625
3900,65.0,4.89273928439161,3.606728190837592,3.645626734668583,558.004600392186,auto,1853.39990234375,1330.87548828125,1875.10546875,1322.1962890625,2214.5146484375,1343.22021484375,2217.355224609375,1362.0703125
3901,65.01666666666667,4.9224419149002125,3.61388495656396,3.6485200010012835,557.3321175083705,auto,1858.69921875,1329.77978515625,1878.00244140625,1323.888427734375,2227.889404296875,1344.767822265625,2224.328369140625,1356.602294921875
3902,65.03333333333333,4.914006867347605,3.602397172803984,3.606531675621695,556.719372070558,auto,1852.801513671875,1328.16845703125,1855.103271484375,1328.852783203125,2227.12353515625,1343.69482421875,2224.371337890625,1360.18896484375
3903,65.05,4.880108154173119,3.5942667440555365,3.5936392012540788,556.719372070558,auto,1849.147216796875,1325.4034423828125,1848.7978515625,1322.1907958984375,2219.440673828125,1335.9898681640625,2213.287353515625,1344.9029541015625
3904,65.06666666666666,4.890127350808274,3.5909558089395293,3.5998142048790456,556.719372070558,auto,1847.72607421875,1329.7757568359375,1852.65771484375,1317.8245849609375,2216.71044921875,1333.9078369140625,2206.836669921875,1344.8968505859375
3905,65.08333333333333,4.902778636566039,3.600672162503468,3.6226443875705514,554.0108716952869,auto,1845.618896484375,1326.35205078125,1857.791748046875,1312.585205078125,2216.729248046875,1328.553955078125,2213.488525390625,1347.498046875
3906,65.1,4.889072216263963,3.5805507867200133,3.5711414215047634,554.0108716952869,auto,1838.06494140625,1327.109130859375,1832.85205078125,1315.814453125,2220.40625,1328.39013671875,2211.504638671875,1337.41796875
3907,65.11666666666666,4.878371663334181,3.5714128793996953,3.563717312485406,554.0108716952869,auto,1836.9306640625,1325.411865234375,1832.667236328125,1307.600830078125,2220.087158203125,1330.6396484375,2205.7041015625,1340.705322265625
3908,65.13333333333334,4.87875513054075,3.5849623394634484,3.589271581691974,552.1607756230328,auto,1838.618408203125,1316.673828125,1840.997802734375,1304.38525390625,2202.734375,1323.38818359375,2191.722900390625,1335.15478515625
3909,65.15,4.870579632298434,3.62417908551086,3.635555341141002,550.5487743397127,auto,1852.795654296875,1318.0052490234375,1859.058837890625,1302.8226318359375,2208.26904296875,1322.2972412109375,2197.59619140625,1336.6776123046875
3910,65.16666666666667,4.8750480520324775,3.599250788866258,3.593686826934731,550.5487743397127,auto,1831.611328125,1316.974609375,1828.548095703125,1288.72998046875,2199.076416015625,1321.64990234375,2173.08447265625,1323.34716796875
3911,65.18333333333334,4.908081334116268,3.643093036927599,3.6243775562917877,546.6835456484303,auto,1835.45166015625,1316.918701171875,1825.22021484375,1299.98583984375,2184.16015625,1318.511962890625,2159.7138671875,1321.9609375
3912,65.2,4.892436527130853,3.63652552885223,3.6241618935922637,545.6597310396112,auto,1827.699951171875,1303.2100830078125,1820.95361328125,1290.7884521484375,2168.196044921875,1311.6446533203125,2150.986328125,1320.9949951171875
3913,65.21666666666667,4.89460755125541,3.6200554450086044,3.5962145687356113,545.097643221749,auto,1821.24462890625,1311.460693359375,1808.2490234375,1289.194580078125,2181.4521484375,1310.63818359375,2142.234375,1315.17822265625
3914,65.23333333333333,4.89063235077706,3.5922394086211358,3.5751793747856135,545.4085020995599,auto,1816.845458984375,1318.7733154296875,1807.540771484375,1297.2581787109375,2189.099853515625,1311.8211669921875,2152.648681640625,1315.9720458984375
3915,65.25,4.877625749069802,3.7264204873932147,3.715290611488766,546.5257406368411,auto,1907.836669921875,1315.19970703125,1901.75390625,1302.148681640625,2172.12939453125,1304.7724609375,2146.07373046875,1330.370361328125
3916,65.26666666666667,4.841274696203862,3.574664523352089,3.5649730397734016,547.8342019328113,auto,1845.107666015625,1329.0550537109375,1839.79833984375,1308.9176025390625,2204.432861328125,1313.5726318359375,2173.679443359375,1312.6190185546875
3917,65.28333333333333,4.78707025172785,3.624864346882663,3.596433672066115,549.0156958801691,auto,1892.9306640625,1324.4794921875,1877.32177734375,1315.463623046875,2247.70703125,1323.643310546875,2195.51904296875,1334.463623046875
3918,65.3,4.788132320131237,3.524478645193879,3.5260027296732517,550.0868997727605,auto,1856.880615234375,1351.4571533203125,1857.718994140625,1342.9381103515625,2218.97509765625,1322.5133056640625,2203.871337890625,1328.7056884765625
3919,65.31666666666666,4.761165875179776,3.530649963662118,3.5221749200852415,551.2508528860765,auto,1877.677001953125,1346.662353515625,1873.005126953125,1344.884521484375,2228.224365234375,1310.931396484375,2203.927978515625,1320.934326171875
3920,65.33333333333333,4.751236984493246,3.5289324316137796,3.544915994713835,551.2865549653022,auto,1887.159912109375,1350.198486328125,1895.971435546875,1354.7568359375,2234.333984375,1324.49755859375,2219.077392578125,1334.68017578125
3921,65.35,9.485615364984247,7.0034801932489,7.120225372061928,275.9770850342768,auto,1883.987548828125,1351.5074462890625,1916.20654296875,1376.9591064453125,2228.853515625,1324.5953369140625,2234.59814453125,1331.1353759765625
3922,65.36666666666666,4.709553378424554,3.549236299353386,3.561653454394581,551.3690957519221,auto,1916.237060546875,1368.4833984375,1923.08349609375,1403.13427734375,2233.432373046875,1310.069580078125,2219.101318359375,1326.525390625
3923,65.38333333333334,4.734642255848247,3.527132574048293,3.5661950554525963,550.8690122410953,auto,1909.8203125,1388.5872802734375,1931.338623046875,1440.7115478515625,2245.23974609375,1318.3228759765625,2245.755859375,1332.8939208984375
3924,65.4,4.70998516265103,3.554353473245473,3.6130393519161403,550.3554932588657,auto,1930.99169921875,1403.51806640625,1963.289794921875,1436.31298828125,2202.72509765625,1301.7109375,2231.107666015625,1324.824462890625
3925,65.41666666666667,4.690959249834462,3.582692535962661,3.6131674954397606,550.1202582639381,auto,1954.320068359375,1415.964599609375,1971.0849609375,1456.509033203125,2185.83251953125,1272.4462890625,2192.794677734375,1304.545654296875
3926,65.43333333333334,4.669178629625109,3.609964130473548,3.6268625148647446,550.1201986485678,auto,1980.3046875,1433.3931884765625,1989.600830078125,1458.4354248046875,2200.40478515625,1265.5059814453125,2194.11328125,1299.0145263671875
3927,65.45,4.635099303941652,3.628371967671156,3.6000950419287396,550.757554432051,auto,2005.537353515625,1461.957763671875,1989.963623046875,1469.9033203125,2210.96435546875,1250.954345703125,2201.8681640625,1307.89013671875
3928,65.46666666666667,4.6152563028600575,3.6568679778923534,3.6391353126768924,551.1682266523142,auto,2034.766845703125,1459.110107421875,2024.9931640625,1471.5830078125,2221.359619140625,1260.910400390625,2222.341064453125,1300.018798828125
3929,65.48333333333333,4.596311988565611,3.670619823595751,3.6728304017189486,551.547248412299,auto,2055.43701171875,1467.570068359375,2056.65625,1464.633056640625,2220.81640625,1273.251708984375,2245.74560546875,1297.667724609375
3930,65.5,4.585347556001858,3.6938091978024676,3.686849205843936,551.7374033626211,auto,2079.10498046875,1465.577880859375,2075.264892578125,1466.88427734375,2224.400634765625,1252.03515625,2267.03076171875,1285.26953125
3931,65.51666666666667,4.545966089939897,3.7089827704113687,3.7144183762674956,552.0735998187063,auto,2097.923583984375,1459.66259765625,2100.924560546875,1464.246337890625,2235.8466796875,1252.69189453125,2265.201171875,1289.97216796875
3932,65.53333333333333,4.54285482077951,3.736466866678772,3.7339914042065656,550.9150498390046,auto,2114.748779296875,1451.2152099609375,2113.385009765625,1456.9998779296875,2242.575439453125,1258.5755615234375,2272.685546875,1300.0242919921875
3933,65.55,4.547133326154289,3.7661400854116467,4.7133126369158544,549.8818636428637,auto,2131.5458984375,1436.3060302734375,2652.37890625,1296.9429931640625,2245.143310546875,1276.5338134765625,2353.031005859375,1294.9573974609375
3934,65.56666666666666,4.525802051863785,3.7949472693556747,3.7470624898442733,548.9760613806484,auto,2147.7783203125,1421.9793701171875,2121.49072265625,1439.0604248046875,2262.8916015625,1288.4613037109375,2326.29052734375,1303.3087158203125
3935,65.58333333333333,4.502190533775863,3.815102868451239,3.756193925267009,548.9760613806484,auto,2162.805419921875,1413.03271484375,2130.4658203125,1420.55029296875,2269.65576171875,1288.46923828125,2323.679443359375,1297.781494140625
3936,65.6,4.481159061183784,3.799840776249682,3.7392634553032287,547.9946026536614,auto,2157.641357421875,1399.77392578125,2124.4453125,1401.19091796875,2287.111328125,1301.35009765625,2347.51513671875,1309.819091796875
3937,65.61666666666666,4.439159598723773,3.7892334740188995,3.739953244317167,548.6549466291228,auto,2164.414794921875,1392.483642578125,2137.376953125,1387.799072265625,2260.710205078125,1293.805419921875,2278.10302734375,1327.844482421875
3938,65.63333333333334,4.4046202889321675,3.7648726566103194,3.6985244059831803,550.0042720664592,auto,2169.135986328125,1376.784423828125,2132.644287109375,1374.89990234375,2284.379638671875,1291.836669921875,2275.0615234375,1334.4384765625
3939,65.65,4.336412624070519,3.7026268930119715,3.672153206107323,551.4571208008862,auto,2154.494384765625,1367.772216796875,2137.689453125,1361.6337890625,2301.61865234375,1310.10595703125,2306.576171875,1352.121826171875
3940,65.66666666666667,4.298995049928264,3.676581994482435,3.6213463581670764,552.4714716242858,auto,2157.134521484375,1353.8486328125,2126.618408203125,1350.271484375,2278.092529296875,1305.90771484375,2273.779052734375,1337.301513671875
3941,65.68333333333334,4.271869338630175,3.635137039040969,3.568763887626762,553.4633603974394,auto,2148.592041015625,1328.3831787109375,2111.85693359375,1331.6771240234375,2270.423095703125,1290.7716064453125,2261.35498046875,1324.6451416015625
3942,65.7,4.238885668889697,3.591678559349125,3.556654993282278,554.8091946801641,auto,2140.923583984375,1314.9033203125,2121.4921875,1326.0703125,2238.684326171875,1293.108154296875,2263.2353515625,1340.02685546875
3943,65.71666666666667,4.20784603036275,3.552881186831849,3.4852776966908414,555.9582311280221,auto,2135.866943359375,1304.471923828125,2098.2822265625,1293.325439453125,2224.143310546875,1281.869140625,2261.35595703125,1309.26806640625
3944,65.73333333333333,4.167910819822407,3.4730029770486306,4.2263370220232686,557.3054357542803,auto,2108.72412109375,1283.441650390625,2528.561279296875,1306.047607421875,2194.630859375,1303.72607421875,2231.728515625,1304.007568359375
3945,65.75,4.132875518436997,3.418427291514374,3.396583588318288,558.9246596789409,auto,2096.67724609375,1275.9847412109375,2084.46826171875,1275.9989013671875,2189.44189453125,1301.0765380859375,2225.74560546875,1286.4029541015625
3946,65.76666666666667,4.098405924433866,3.395588021743594,3.38514067141648,559.5860407856168,auto,2095.712890625,1276.1353759765625,2089.86669921875,1286.1043701171875,2248.150390625,1272.5201416015625,2250.2021484375,1313.0059814453125
3947,65.78333333333333,4.101736505166557,3.3570607098166283,3.3593271708882506,559.3840906861758,auto,2080.440185546875,1266.672119140625,2081.7080078125,1275.574951171875,2230.41259765625,1259.326416015625,2234.763671875,1301.53125
3948,65.8,4.095594703282509,3.3373812885716814,3.335164078153591,558.926569345355,auto,2073.21435546875,1268.6273193359375,2071.97509765625,1253.6822509765625,2173.76025390625,1254.8243408203125,2222.36181640625,1259.2762451171875
3949,65.81666666666666,4.105982502824487,3.315925218162826,4.201386330963871,557.7387305795946,auto,2060.3544921875,1269.4500732421875,2554.21044921875,1288.8375244140625,2190.902587890625,1257.7835693359375,2218.933837890625,1271.4234619140625
3950,65.83333333333333,4.11146816002539,3.3134159392957314,3.3220140344633866,556.3380228238864,auto,2057.01318359375,1264.333251953125,2061.796630859375,1271.75146484375,2237.09619140625,1255.48583984375,2237.44091796875,1291.705322265625
3951,65.85,4.113504697576971,3.2801185903270844,4.267814070616371,554.7475328113215,auto,2034.68115234375,1263.047119140625,2582.602783203125,1267.134765625,2183.492919921875,1259.462890625,2210.9462890625,1298.701416015625
3952,65.86666666666666,4.15104942387723,3.217652491485972,3.2360592630127725,552.6557118973036,auto,1993.15283203125,1255.14013671875,2003.325439453125,1267.146484375,2252.19775390625,1276.132568359375,2223.55712890625,1341.405029296875
3953,65.88333333333334,4.158960222044822,3.1912310212132384,3.180833347545844,550.5194024024782,auto,1971.246337890625,1255.048095703125,1965.522216796875,1263.17626953125,2221.6865234375,1247.013671875,2189.5947265625,1305.7021484375
3954,65.9,4.130365873213729,3.146816155277198,,548.9091439970755,auto,1944.12060546875,1262.3946533203125,,,2106.86474609375,1234.3712158203125,2164.53857421875,1270.3831787109375
3955,65.91666666666667,4.0942655159312356,3.1598370333890555,4.23525750239349,548.6958379152157,auto,1957.282958984375,1272.50537109375,2547.36181640625,1238.00390625,1991.599853515625,1239.505615234375,2064.91943359375,1240.741943359375
3956,65.93333333333334,4.0752815880526505,3.096300086571196,,550.4814659080309,auto,1941.0888671875,1283.2509765625,,,1974.541015625,1244.571533203125,2046.868896484375,1256.58447265625
3957,65.95,4.066734704930342,3.014031305148402,2.982542100848007,553.0556770183789,auto,1920.79638671875,1277.873779296875,1903.381103515625,1307.036865234375,2149.66796875,1230.04638671875,2163.29052734375,1276.9248046875
3958,65.96666666666667,4.037739593051401,2.9481513665657784,2.9291039664085834,556.4602521224624,auto,1914.6875,1287.514404296875,1904.08837890625,1302.44140625,2189.787353515625,1238.983642578125,2198.182373046875,1284.165771484375
3959,65.98333333333333,4.0008565942758985,2.9149880634947425,2.9134068607150727,560.3242920620011,auto,1926.5615234375,1308.561767578125,1925.675537109375,1346.4072265625,2205.6611328125,1227.21728515625,2213.740478515625,1321.866943359375
3960,66.0,3.9733255201999707,2.8533754128523197,2.8636002037856367,564.0778537785603,auto,1922.260986328125,1310.857177734375,1928.028564453125,1341.217529296875,2220.037109375,1228.82421875,2229.01708984375,1319.86083984375
3961,66.01666666666667,3.945030881682272,2.801321364878355,2.800926708797933,567.2710094461104,auto,1919.206787109375,1323.47265625,1918.98291015625,1313.46435546875,2228.37890625,1242.18701171875,2242.838623046875,1310.553955078125
3962,66.03333333333333,3.9122972154617655,2.7590107676687596,2.7763134522623085,570.5654749555854,auto,1920.974609375,1334.715576171875,1930.846923828125,1355.646728515625,2235.747802734375,1241.675048828125,2245.9033203125,1313.688232421875
3963,66.05,3.893070237350275,2.7105297350787954,2.8189461796679365,573.1998254036022,auto,1915.16796875,1341.427978515625,1977.312255859375,1407.932373046875,2247.236083984375,1251.31005859375,2271.926025390625,1315.965576171875
3964,66.06666666666666,3.888563576437748,2.6919425160524497,2.74594498752967,573.6861277371015,auto,1917.51513671875,1359.9482421875,1948.49560546875,1424.777099609375,2261.45556640625,1266.44189453125,2281.754638671875,1357.365478515625
3965,66.08333333333333,3.901808193700033,2.6904305882662585,2.6879639060447635,572.7700895410752,auto,1924.1591796875,1366.009033203125,1922.746337890625,1425.273681640625,2279.175048828125,1282.827880859375,2295.8564453125,1374.24072265625
3966,66.1,3.914306978458515,2.6865681541882807,2.6843398414894644,571.2614838241295,auto,1928.64013671875,1376.923583984375,1927.3671875,1468.8427734375,2281.787353515625,1289.5029296875,2310.92041015625,1413.1455078125
3967,66.11666666666666,3.9071677449269218,2.682713267240961,2.6384709605269467,571.2614838241295,auto,1938.516357421875,1392.3441162109375,1913.242431640625,1467.6890869140625,2279.53369140625,1293.8560791015625,2294.80078125,1418.4078369140625
3968,66.13333333333334,3.9097999232759837,2.673237596132761,2.6628781216756625,571.2614838241295,auto,1944.599609375,1396.5477294921875,1938.681640625,1467.5574951171875,2304.51220703125,1305.1534423828125,2314.486572265625,1421.8841552734375
3969,66.15,3.907246808572737,2.6725332886284168,2.653284496155327,571.2614838241295,auto,1953.65576171875,1410.5595703125,1942.65966796875,1473.4072265625,2289.6123046875,1300.460205078125,2317.67626953125,1430.899169921875
3970,66.16666666666667,3.907883377764315,2.6731057521612254,2.6462745423689182,571.2614838241295,auto,1962.619140625,1416.69970703125,1947.29150390625,1473.244873046875,2312.30126953125,1310.210205078125,2327.37548828125,1442.85009765625
3971,66.18333333333334,3.9039348965551923,2.6577554384834183,2.632852954277946,571.2614838241295,auto,1961.105712890625,1425.15771484375,1946.8798828125,1475.845703125,2315.201171875,1315.7607421875,2320.714111328125,1433.5537109375
3972,66.2,3.9078820956511393,2.6513363251853317,2.617860777547129,571.2614838241295,auto,1964.183837890625,1436.3623046875,1945.060546875,1476.3271484375,2306.94677734375,1314.25439453125,2322.467041015625,1443.75390625
3973,66.21666666666667,3.891645628083613,2.6315274629401286,2.605165079198953,571.2614838241295,auto,1960.14306640625,1448.66552734375,1945.083251953125,1473.9453125,2291.684326171875,1322.68359375,2324.84521484375,1452.259765625
3974,66.23333333333333,3.8816006987255425,2.6108392847421418,2.613829172667136,571.2614838241295,auto,1957.06298828125,1451.034423828125,1958.77099609375,1479.2578125,2301.22021484375,1315.812744140625,2334.661865234375,1449.976806640625
3975,66.25,3.8653229898508745,2.5952325484292578,2.6077352887445384,571.2614838241295,auto,1957.4462890625,1460.6968994140625,1964.588623046875,1484.0235595703125,2308.72216796875,1330.9366455078125,2323.025146484375,1453.9449462890625
3976,66.26666666666667,3.8560998950382244,2.58325675662906,2.620951311356391,571.2614838241295,auto,1960.873779296875,1470.343017578125,1982.4072265625,1486.381591796875,2315.29931640625,1341.012451171875,2334.583984375,1434.313720703125
3977,66.28333333333333,3.8458500412576218,2.5502113579611985,2.7371725201640764,571.2614838241295,auto,1951.8515625,1480.9619140625,2058.6552734375,1500.20556640625,2321.960693359375,1363.8720703125,2350.7275390625,1453.34228515625
3978,66.3,3.8183850401856168,2.534014849587638,2.854855979048287,571.2614838241295,auto,1952.288818359375,1486.137451171875,2135.572998046875,1505.13818359375,2321.853759765625,1357.13623046875,2337.16162109375,1434.0078125
3979,66.31666666666666,3.794163358076273,2.5041307146392136,2.5716690177499446,571.2614838241295,auto,1943.053955078125,1492.2349853515625,1981.635986328125,1499.5084228515625,2331.478515625,1362.5264892578125,2326.471435546875,1433.5093994140625
3980,66.33333333333333,3.7879365617544942,2.487205538610977,2.5331765612564663,571.2614838241295,auto,1939.9423828125,1493.6395263671875,1966.203857421875,1502.2469482421875,2325.38671875,1375.1810302734375,2311.26708984375,1429.0770263671875
3981,66.35,3.7665222801281817,2.4743044884692105,2.5074966890956536,571.2614838241295,auto,1937.8056640625,1500.9930419921875,1956.76708984375,1506.7637939453125,2329.71630859375,1382.3643798828125,2314.89453125,1431.6029052734375
3982,66.36666666666666,3.749221872310616,2.4408665494841526,2.480909080806669,571.2614838241295,auto,1925.5869140625,1511.4046630859375,1948.461669921875,1516.2662353515625,2332.558837890625,1392.7696533203125,2324.373046875,1443.7735595703125
3983,66.38333333333334,3.731678717731845,2.4263679863258583,2.4367796000520885,571.2614838241295,auto,1925.326171875,1519.3585205078125,1931.27392578125,1522.7564697265625,2321.852294921875,1404.6046142578125,2324.39794921875,1454.9071044921875
3984,66.4,3.7030828928391517,2.42553162116445,2.4300835503081193,571.2614838241295,auto,1933.18408203125,1524.8026123046875,1935.784423828125,1529.1031494140625,2318.291015625,1409.7445068359375,2312.730712890625,1464.9285888671875
3985,66.41666666666667,3.6515904498038734,2.3900538401173566,2.4099795883470487,571.2614838241295,auto,1922.3326416015625,1531.3402099609375,1933.7154541015625,1532.3367919921875,2298.69677734375,1423.3031005859375,2307.080078125,1442.0994873046875
3986,66.43333333333334,3.6423609444253464,2.375439032031161,2.4039775892020208,571.2614838241295,auto,1922.25634765625,1540.8258056640625,1938.559326171875,1541.2618408203125,2292.47900390625,1433.3482666015625,2298.92724609375,1482.9947509765625
3987,66.45,3.6213639906376214,2.335064860767279,2.3799371124214646,571.2614838241295,auto,1904.186767578125,1544.240234375,1929.820556640625,1546.5,2283.251953125,1432.05810546875,2290.717041015625,1449.5712890625
3988,66.46666666666667,3.6067278139985026,2.322563829936232,2.347552643095513,571.2614838241295,auto,1898.406494140625,1553.190673828125,1912.681640625,1555.042724609375,2270.286376953125,1439.845703125,2266.411376953125,1481.23388671875
3989,66.48333333333333,3.6024831646458666,2.296295895198976,2.30528179907418,571.2614838241295,auto,1881.825439453125,1544.2333984375,1886.958740234375,1544.7626953125,2251.821533203125,1446.83154296875,2245.69677734375,1476.885009765625
3990,66.5,3.597685283458053,2.318905961046863,2.2970557609409203,571.2614838241295,auto,1890.482666015625,1552.1380615234375,1878.00048828125,1552.2518310546875,2243.382080078125,1452.4422607421875,2230.59619140625,1483.7371826171875
3991,66.51666666666667,3.57762363123177,2.2687172134254205,2.2790305318082047,571.2614838241295,auto,1857.272216796875,1551.5838623046875,1863.163818359375,1556.6429443359375,2225.4716796875,1457.8438720703125,2225.91796875,1476.7113037109375
3992,66.53333333333333,3.576817609415512,2.263687483438391,2.2602253504937977,571.2614838241295,auto,1849.859375,1553.4039306640625,1847.881591796875,1554.2589111328125,2209.660888671875,1462.1759033203125,2204.8291015625,1454.3797607421875
3993,66.55,3.55581146715003,2.2633596898365513,2.2667914794359945,571.2614838241295,auto,1849.672119140625,1559.9775390625,1851.632568359375,1557.623291015625,2199.15185546875,1468.568359375,2197.99462890625,1465.680419921875
3994,66.56666666666666,3.546891378417829,2.2423385895840235,2.2329885655670108,571.2614838241295,auto,1839.75927734375,1557.117919921875,1834.41796875,1557.621826171875,2192.25537109375,1474.166015625,2182.09619140625,1483.757080078125
3995,66.58333333333333,3.5162963117136545,2.2123273117457067,2.2144346784349787,571.2614838241295,auto,1828.0927734375,1561.7362060546875,1829.296630859375,1559.1195068359375,2178.86572265625,1480.9163818359375,2172.800048828125,1472.6134033203125
3996,66.6,3.4967710101657405,2.2081984799499135,2.186675646074752,571.2614838241295,auto,1834.8880615234375,1560.48974609375,1822.5928955078125,1561.487548828125,2169.26904296875,1484.8193359375,2155.5,1483.177734375
3997,66.61666666666666,3.4657603251072127,2.172811301567214,2.1638886486086624,571.2614838241295,auto,1828.387939453125,1557.8316650390625,1823.290771484375,1556.9779052734375,2179.989990234375,1481.5657958984375,2171.8037109375,1480.0865478515625
3998,66.63333333333334,3.4399498910880397,2.1427931857919624,2.139784493540396,571.2614838241295,auto,1825.984375,1556.998046875,1824.265625,1558.552001953125,2181.750244140625,1483.443115234375,2177.7763671875,1478.0234375
3999,66.65,3.4241816085150574,2.1221968923715444,2.125305589450791,571.2614838241295,auto,1827.226318359375,1555.4573974609375,1829.002197265625,1559.3382568359375,2177.498046875,1486.4500732421875,2184.802734375,1471.4632568359375
4000,66.66666666666667,3.409162934778616,2.092927958061775,2.1127844721799964,571.2614838241295,auto,1822.085693359375,1553.813720703125,1833.428955078125,1557.550048828125,2182.120849609375,1485.702392578125,2191.727294921875,1475.56201171875
4001,66.68333333333334,3.391208649241605,2.074121067263134,2.097629467075906,571.2614838241295,auto,1819.5986328125,1552.411376953125,1833.028076171875,1555.089111328125,2184.343505859375,1493.96435546875,2197.138671875,1485.908447265625
4002,66.7,3.373254363704594,2.0394014424737508,2.0618418420114284,571.2614838241295,auto,1808.021240234375,1546.4376220703125,1820.840576171875,1549.3702392578125,2171.863037109375,1496.3587646484375,2185.906982421875,1483.8294677734375
4003,66.71666666666667,3.359250268860939,2.0253003343998253,2.0492314041894155,571.2614838241295,auto,1799.9658203125,1540.5042724609375,1813.63671875,1547.4229736328125,2179.776611328125,1488.9102783203125,2187.67626953125,1484.6636962890625
4004,66.73333333333333,3.3364936147400006,2.021603147373078,2.0526922550208337,571.2614838241295,auto,1797.853759765625,1535.9384765625,1815.61376953125,1544.001953125,2164.9052734375,1494.931640625,2176.694091796875,1483.13525390625
4005,66.75,3.3364936147400006,2.0171289997620483,2.0721051579803724,571.2614838241295,auto,1795.2978515625,1529.929443359375,1826.70361328125,1544.819580078125,2159.9033203125,1499.834716796875,2181.48388671875,1483.28515625
4006,66.76666666666667,3.3291432599055275,1.9911974060478017,2.0264089349254735,571.2614838241295,auto,1788.68310546875,1523.4395751953125,1808.798095703125,1533.2752685546875,2176.6533203125,1490.3485107421875,2199.464111328125,1481.6326904296875
4007,66.78333333333333,3.314790857649227,1.9943779014648697,2.0344191506742106,571.2614838241295,auto,1798.698974609375,1531.8720703125,1821.572998046875,1537.45849609375,2179.158447265625,1497.331787109375,2191.236328125,1495.2373046875
4008,66.8,3.3200423932155974,1.9749662806185062,2.0195393725317694,571.2614838241295,auto,1787.60986328125,1527.0135498046875,1813.07275390625,1530.4891357421875,2163.553955078125,1501.6204833984375,2176.944580078125,1491.1961669921875
4009,66.81666666666666,3.311289833938313,1.977743765127445,2.0321271596876835,571.2614838241295,auto,1789.196533203125,1523.2940673828125,1820.263671875,1530.5455322265625,2165.87109375,1504.0089111328125,2182.621826171875,1504.6573486328125
4010,66.83333333333333,3.3182918813601407,1.9939569409722855,2.041726768402838,571.2614838241295,auto,1798.45849609375,1526.66650390625,1825.74755859375,1529.8984375,2161.254638671875,1506.724853515625,2180.14404296875,1498.090576171875
4011,66.85,3.2937847153837447,1.990727725254553,2.046918472021024,571.2614838241295,auto,1796.61376953125,1523.9410400390625,1828.71337890625,1535.2091064453125,2145.84130859375,1507.6719970703125,2176.78125,1493.9298095703125
4012,66.86666666666666,3.27452908497372,1.9901841092681904,2.036212827006572,571.2614838241295,auto,1796.30322265625,1525.244140625,1822.59765625,1530.796875,2150.600341796875,1499.343994140625,2165.614013671875,1500.6328125
4013,66.88333333333334,3.264949990069372,1.9544969164024513,2.023812655745322,571.2614838241295,auto,1782.388671875,1516.2452392578125,1821.986083984375,1529.9398193359375,2151.81982421875,1498.3939208984375,2180.5400390625,1495.6651611328125
4014,66.9,3.251664092289461,1.9439707672325535,2.013900638786433,571.2614838241295,auto,1780.965087890625,1513.7138671875,1820.913330078125,1532.12841796875,2149.16748046875,1501.05517578125,2176.134033203125,1502.532470703125
4015,66.91666666666667,3.223896298822536,1.932955705571776,1.9882220487387954,571.2614838241295,auto,1779.535400390625,1511.3741455078125,1811.10693359375,1521.2152099609375,2149.85888671875,1505.5377197265625,2165.586669921875,1503.7899169921875
4016,66.93333333333334,3.2103988523686873,1.9170545105996124,1.9699955278375445,571.2614838241295,auto,1776.162109375,1509.8863525390625,1806.4052734375,1518.3524169921875,2149.1455078125,1503.3267822265625,2168.41943359375,1501.1236572265625
4017,66.95,3.1892696272383683,1.9012144296888087,1.956814549652486,571.2614838241295,auto,1775.18359375,1508.194091796875,1806.94580078125,1520.427001953125,2143.31982421875,1496.507568359375,2168.832275390625,1501.504638671875
4018,66.96666666666667,3.184943991070154,1.8843999427647136,1.9333813671460034,571.2614838241295,auto,1773.04931640625,1510.1390380859375,1801.030517578125,1508.5531005859375,2150.69189453125,1506.5701904296875,2166.50927734375,1500.0765380859375
4019,66.98333333333333,3.16112510618341,1.8660199956534753,1.9017999280389004,571.2614838241295,auto,1771.15625,1505.16259765625,1791.595947265625,1502.513427734375,2150.2412109375,1500.68212890625,2161.621337890625,1508.44287109375
4020,67.0,3.1174460745244477,1.8462827180605643,1.8945487232899902,571.2614838241295,auto,1770.833251953125,1504.809814453125,1798.40576171875,1500.023193359375,2140.49951171875,1496.554931640625,2156.54931640625,1494.917724609375
4021,67.01666666666667,3.114972237152545,1.8198032346493707,1.8728224607910011,571.2614838241295,auto,1765.119873046875,1497.4326171875,1795.40771484375,1495.8232421875,2144.94775390625,1500.232421875,2168.71484375,1495.387451171875
4022,67.03333333333333,3.0897417456597043,1.8095467566173618,1.8467387229799423,571.2614838241295,auto,1768.673828125,1495.7818603515625,1789.920166015625,1492.7215576171875,2145.72900390625,1497.1058349609375,2158.832763671875,1494.8465576171875
4023,67.05,3.1002448167924452,1.8283083460838057,1.8475272225828032,571.2614838241295,auto,1779.3916015625,1488.350830078125,1790.37060546875,1492.472900390625,2145.009033203125,1492.5869140625,2153.165283203125,1497.057861328125
4024,67.06666666666666,3.0949932812260745,1.8277967829268278,1.8573866729015018,571.2614838241295,auto,1779.099365234375,1482.914306640625,1796.0029296875,1484.639892578125,2141.339599609375,1490.113525390625,2167.6865234375,1483.652099609375
4025,67.08333333333333,3.1002448167924452,1.824136349811108,1.8465870062541887,571.2614838241295,auto,1777.00830078125,1478.7764892578125,1789.83349609375,1476.0870361328125,2141.53076171875,1492.1898193359375,2157.871337890625,1497.6773681640625
4026,67.1,3.108997376069729,1.8272702617828036,1.8612436967041135,571.2614838241295,auto,1778.798583984375,1475.6424560546875,1798.206298828125,1478.4212646484375,2143.18017578125,1487.1514892578125,2168.510498046875,1488.5843505859375
4027,67.11666666666666,3.110747887925186,1.8357193876085804,1.8821797501160078,571.2614838241295,auto,1783.625244140625,1470.3685302734375,1810.166259765625,1478.0230712890625,2141.625,1483.1666259765625,2183.5537109375,1479.0880126953125
4028,67.13333333333334,3.131754030190668,1.8262129457841707,1.87500290793127,571.2614838241295,auto,1778.194580078125,1465.827880859375,1806.06640625,1468.842041015625,2140.17724609375,1485.85546875,2173.5302734375,1486.570068359375
4029,67.15,3.110747887925186,1.825605224139039,1.85939788110262,571.2614838241295,auto,1777.847412109375,1460.7869873046875,1797.15185546875,1463.1551513671875,2134.482177734375,1483.0130615234375,2164.79150390625,1478.5950927734375
4030,67.16666666666667,3.1054963523588155,1.827415140571622,1.8701351515753977,571.2614838241295,auto,1778.88134765625,1457.5621337890625,1803.28564453125,1458.8345947265625,2138.947021484375,1478.4649658203125,2161.87451171875,1477.5533447265625
4031,67.18333333333334,3.1054963523588155,1.8221277058363408,1.8751973617628699,571.2614838241295,auto,1775.86083984375,1450.4207763671875,1806.177490234375,1454.9754638671875,2139.671142578125,1475.6556396484375,2167.808837890625,1476.7591552734375
4032,67.2,3.091492257515161,1.820273342813678,1.8649631070259007,571.2614838241295,auto,1774.801513671875,1446.88232421875,1800.3310546875,1445.966796875,2128.670166015625,1471.122314453125,2156.0380859375,1471.594482421875
4033,67.21666666666667,3.0827396982378765,1.8182929053287689,1.8646049700789105,571.2614838241295,auto,1773.670166015625,1439.9464111328125,1800.12646484375,1448.7340087890625,2129.50927734375,1467.5208740234375,2158.37744140625,1467.7152099609375
4034,67.23333333333333,3.068735603394222,1.8076513659730864,1.8540903599275909,571.2614838241295,auto,1767.591064453125,1438.30908203125,1794.119873046875,1435.7939453125,2121.28125,1462.6962890625,2158.24560546875,1462.138671875
4035,67.25,3.0337253662850854,1.8185083003422333,1.846487001426509,571.2614838241295,auto,1773.793212890625,1450.199462890625,1789.7763671875,1442.52001953125,2128.2783203125,1454.29833984375,2144.736572265625,1457.4755859375
4036,67.26666666666667,3.028473830718715,1.803902039677207,1.8315221764434335,571.2614838241295,auto,1765.44921875,1439.1812744140625,1781.2275390625,1437.0230712890625,2120.74267578125,1446.1402587890625,2137.098388671875,1451.3848876953125
4037,67.28333333333333,3.005717176597776,1.8046572043375078,1.8317448367648919,571.2614838241295,auto,1765.880615234375,1447.1654052734375,1781.354736328125,1433.4515380859375,2114.135009765625,1448.7520751953125,2121.029541015625,1451.9696044921875
4038,67.3,3.0127192240196035,1.7982893755664369,1.8204472828344715,571.2614838241295,auto,1762.242919921875,1443.792724609375,1774.90087890625,1431.46484375,2114.25244140625,1447.40625,2123.858642578125,1449.830078125
4039,67.31666666666666,3.003966664742319,1.776509157471317,1.8044648873612001,571.2614838241295,auto,1749.80078125,1434.6444091796875,1765.770751953125,1422.3587646484375,2107.728515625,1440.7371826171875,2112.13330078125,1447.7276611328125
4040,67.33333333333333,2.996964617320492,1.7963764627087646,1.8240812189445665,571.2614838241295,auto,1761.150146484375,1444.10595703125,1776.976806640625,1420.9189453125,2117.424072265625,1441.361328125,2112.25732421875,1439.3984375
4041,67.35,2.9995185867658556,1.7776887015926697,1.8037439123855763,571.2614838241295,auto,1755.015625,1439.9732666015625,1769.89990234375,1418.5997314453125,2106.08154296875,1440.9722900390625,2109.912841796875,1443.1968994140625
4042,67.36666666666666,2.9787440796140596,1.7617860108218015,1.7871154387146764,571.2614838241295,auto,1749.7987060546875,1442.1285400390625,1764.2684326171875,1418.3673095703125,2108.125,1445.4232177734375,2105.666015625,1443.8663330078125
4043,67.38333333333334,2.9632529471724895,1.7453386356369245,1.772454474554167,571.2614838241295,auto,1745.25244140625,1442.4388427734375,1760.74267578125,1417.5238037109375,2100.048095703125,1442.9466552734375,2104.01708984375,1438.5028076171875
4044,67.4,2.9507737122654243,1.714880755042516,1.7427137225958562,571.2614838241295,auto,1733.98193359375,1431.4305419921875,1749.8818359375,1404.9171142578125,2098.81103515625,1446.5394287109375,2087.83935546875,1439.6817626953125
4045,67.41666666666667,2.939633003513459,1.7159137108908165,1.7442193508348147,571.2614838241295,auto,1741.936279296875,1437.320068359375,1758.106201171875,1414.955078125,2100.0927734375,1447.290771484375,2100.4619140625,1443.22509765625
4046,67.43333333333334,2.9144277269130674,1.7080092694790485,1.7195179447123485,571.2614838241295,auto,1750.819580078125,1430.8741455078125,1757.39404296875,1411.8800048828125,2109.64208984375,1442.8599853515625,2085.44775390625,1447.3162841796875
4047,67.45,2.894702843080852,1.662664772805263,1.699344321268749,571.2614838241295,auto,1741.18408203125,1427.775146484375,1762.1376953125,1411.788330078125,2095.65576171875,1442.681396484375,2086.40966796875,1448.631103515625
4048,67.46666666666667,2.8717805826747593,1.6377231841479416,1.6751254170712853,571.2614838241295,auto,1746.030517578125,1430.5997314453125,1767.39697265625,1423.2222900390625,2106.4365234375,1443.4400634765625,2095.126220703125,1451.7569580078125
4049,67.48333333333333,2.8430426569051277,1.612773048069451,1.6437407823366037,571.2614838241295,auto,1749.1943359375,1416.64111328125,1766.885009765625,1420.96435546875,2106.77099609375,1446.564208984375,2091.12255859375,1457.37744140625
4050,67.5,2.8402087594164716,1.5758597276369868,1.6076334837203974,571.2614838241295,auto,1739.72607421875,1424.9632568359375,1757.877197265625,1395.7860107421875,2123.80908203125,1440.9598388671875,2107.091552734375,1440.1483154296875
4051,67.51666666666667,2.829201604120276,1.5529233639859652,1.5903418370095304,571.2614838241295,auto,1735.911376953125,1419.3521728515625,1757.287109375,1407.8243408203125,2122.3955078125,1442.5848388671875,2104.0859375,1455.3160400390625
4052,67.53333333333333,2.8025133499470236,1.5700350874812201,1.593015256665734,571.2614838241295,auto,1749.9326171875,1421.616455078125,1763.060302734375,1405.707763671875,2131.905517578125,1440.269775390625,2095.686279296875,1439.0322265625
4053,67.55,2.782031164599215,1.5475412665612347,1.5837301930496073,571.2614838241295,auto,1739.783447265625,1415.5904541015625,1760.456787109375,1396.1229248046875,2123.622802734375,1429.9981689453125,2110.999267578125,1450.7056884765625
4054,67.56666666666666,2.776677914720931,1.526644531286719,1.56091199749625,571.2614838241295,auto,1730.904052734375,1423.1802978515625,1750.479736328125,1416.8365478515625,2115.2080078125,1435.7149658203125,2096.234619140625,1437.5133056640625
4055,67.58333333333333,2.7668391918985678,1.538044867956699,1.548145782923428,571.2614838241295,auto,1741.037109375,1434.53564453125,1746.807373046875,1384.75,2112.3310546875,1441.2392578125,2089.2568359375,1426.4482421875
4056,67.6,2.7676915834746683,1.5126425732983566,1.548123345942859,571.2614838241295,auto,1732.038818359375,1428.2811279296875,1752.3076171875,1412.3797607421875,2116.615478515625,1434.3563232421875,2100.1064453125,1448.4813232421875
4057,67.61666666666666,2.7464567976929097,1.54589845221251,1.5763088946194295,571.2614838241295,auto,1756.167236328125,1432.4940185546875,1773.53955078125,1428.1370849609375,2109.92333984375,1432.5086669921875,2099.9951171875,1446.9188232421875
4058,67.63333333333334,2.7408578094560103,1.5095565268852087,1.5370279385230907,571.2614838241295,auto,1739.60498046875,1440.0382080078125,1755.29833984375,1383.8157958984375,2102.16845703125,1432.4962158203125,2092.274658203125,1413.1436767578125
4059,67.65,2.727125522605537,1.491223590590401,1.52540002676448,571.2614838241295,auto,1732.976806640625,1437.4141845703125,1752.50048828125,1393.6077880859375,2102.9716796875,1437.0548095703125,2093.488037109375,1423.8006591796875
4060,67.66666666666667,2.7174438586471585,1.4845219850226719,1.5139046000339922,571.2614838241295,auto,1733.67919921875,1433.8702392578125,1750.46435546875,1389.9681396484375,2099.807373046875,1432.2718505859375,2093.39794921875,1414.0233154296875
4061,67.68333333333334,2.699163061621483,1.4668839540689222,1.5037041076106417,571.2614838241295,auto,1729.04638671875,1439.0838623046875,1750.080322265625,1402.5482177734375,2090.1455078125,1434.3507080078125,2098.615478515625,1432.9764404296875
4062,67.7,2.6571435117825253,1.4640030457638356,1.48176202272713,571.2614838241295,auto,1736.40478515625,1430.5008544921875,1746.5498046875,1441.2308349609375,2103.256591796875,1433.1966552734375,2100.18017578125,1450.5340576171875
4063,67.71666666666667,2.662647623644446,1.4681699135838318,1.4919402918554403,571.2614838241295,auto,1745.640869140625,1440.34423828125,1759.219970703125,1411.644287109375,2105.774169921875,1436.396484375,2112.07421875,1430.87060546875
4064,67.73333333333333,2.626869187057726,1.3811488323455035,1.4674123983827094,571.2614838241295,auto,1705.367919921875,1416.5040283203125,1754.64697265625,1438.6915283203125,2108.28466796875,1438.0677490234375,2119.44921875,1450.8201904296875
4065,67.75,2.614177548734605,1.4073415497764699,1.4370357182894085,571.2614838241295,auto,1730.5810546875,1442.1253662109375,1747.544189453125,1445.4468994140625,2116.87451171875,1427.8485107421875,2111.7294921875,1439.8983154296875
4066,67.76666666666667,2.568779416992983,,,571.2614838241295,auto,,,,,2108.154541015625,1442.1365966796875,2099.96826171875,1444.7747802734375
4067,67.78333333333333,2.5988765964140503,1.3949484301376844,1.4211266169526633,571.2614838241295,auto,1739.2421875,1455.460205078125,1754.19677734375,1464.19482421875,2107.316650390625,1445.41162109375,2118.92041015625,1471.103759765625
4068,67.8,2.5975487545354117,1.3829209264394127,1.4330378757230338,571.2614838241295,auto,1738.1298828125,1459.8558349609375,1766.759765625,1466.5223388671875,2109.60693359375,1448.4818115234375,2120.023681640625,1478.6180419921875
4069,67.81666666666666,2.5494214312144563,,,571.2614838241295,auto,,,,,2086.82861328125,1457.099365234375,2110.56787109375,1479.03515625
4070,67.83333333333333,2.570611984091664,1.340201770177754,1.3940317192172853,571.2614838241295,auto,1720.114013671875,1467.20703125,1750.864990234375,1417.526611328125,2106.13232421875,1461.59521484375,2100.71142578125,1443.51611328125
4071,67.85,2.565239502515749,1.3458836683999948,1.3671509343821966,571.2614838241295,auto,1725.428955078125,1465.6397705078125,1737.578125,1461.6439208984375,2103.046630859375,1468.8116455078125,2094.6064453125,1480.2130126953125
4072,67.86666666666666,2.5396857048171824,1.3271148136255568,1.3567923146672154,571.2614838241295,auto,1716.304931640625,1479.84765625,1733.258544921875,1481.91552734375,2111.79443359375,1469.963623046875,2096.64501953125,1493.359375
4073,67.88333333333334,2.4722756130239896,,,571.2614838241295,auto,,,,,2081.10107421875,1484.567626953125,2082.315673828125,1504.21630859375
4074,67.9,2.5358981288115703,1.3134977032753388,1.3641334810239316,571.2614838241295,auto,1703.689697265625,1491.5909423828125,1732.615966796875,1493.1090087890625,2073.12841796875,1488.1510009765625,2084.37890625,1499.9359130859375
4075,67.91666666666667,2.523784937216077,1.2826981395196906,1.3539644003733782,571.2614838241295,auto,1680.014892578125,1491.060546875,1720.7265625,1503.41357421875,2074.133544921875,1493.71484375,2100.3076171875,1498.00927734375
4076,67.93333333333334,2.502659558425284,1.2663798303944689,1.3289875536037337,571.2614838241295,auto,1662.760986328125,1498.02099609375,1698.5263671875,1490.4833984375,2056.060546875,1498.7705078125,2056.08740234375,1501.939697265625
4077,67.95,2.488939237964448,1.2712595531399782,1.3096208067185087,571.2614838241295,auto,1662.386474609375,1513.846923828125,1684.30078125,1507.62646484375,2058.5263671875,1505.065185546875,2058.3681640625,1506.296875
4078,67.96666666666667,2.478450911133224,1.2617426407246362,1.297180248892234,571.2614838241295,auto,1658.94140625,1519.24169921875,1679.185546875,1520.73583984375,2039.42919921875,1513.5830078125,2030.1279296875,1535.24169921875
4079,67.98333333333333,2.4366995366334505,1.2306084454302129,1.2887757833420665,571.2614838241295,auto,1650.006591796875,1512.9046630859375,1683.2353515625,1534.8939208984375,2037.52587890625,1512.8331298828125,2040.2001953125,1532.7752685546875
4080,68.0,2.4356950009605374,1.2343682423170248,1.291256458650904,571.2614838241295,auto,1660.728271484375,1532.5911865234375,1693.226318359375,1537.9993896484375,2042.021484375,1532.2825927734375,2041.51953125,1553.6839599609375
4081,68.01666666666667,2.4180642353147817,1.2279397268556522,1.2743509416913568,571.2614838241295,auto,1668.127685546875,1537.8095703125,1694.640625,1547.2041015625,2051.47900390625,1525.83642578125,2024.79150390625,1540.39306640625
4082,68.03333333333333,2.4100659859556814,1.2018012855491105,1.2790528780765462,571.2614838241295,auto,1665.764892578125,1545.1573486328125,1709.895751953125,1551.8643798828125,2026.963623046875,1532.7125244140625,2042.927001953125,1536.5323486328125
4083,68.05,13679.750148057938,6769.3914794921875,7048.9788818359375,0.1,auto,1664.964111328125,1551.3046875,1692.9228515625,1547.45458984375,2042.86328125,1543.0458984375,2026.159423828125,1553.14208984375
4084,68.06666666666666,13513.439112901688,6627.9461669921875,6952.1844482421875,0.1,auto,1661.45068359375,1557.98974609375,1693.87451171875,1552.2666015625,2027.412353515625,1542.55859375,2020.60986328125,1548.45849609375
4085,68.08333333333333,13465.167628526688,6541.9451904296875,7074.6868896484375,0.1,auto,1659.677734375,1568.6572265625,1712.951904296875,1556.709716796875,2040.4873046875,1551.66650390625,2047.1181640625,1555.961181640625
4086,68.1,13383.044825792313,6530.1763916015625,6852.3541259765625,0.1,auto,1665.713134765625,1575.8746337890625,1697.930908203125,1584.3282470703125,2033.943359375,1560.9376220703125,2024.509033203125,1576.3565673828125
4087,68.11666666666666,13323.031398057938,6546.3446044921875,6959.0594482421875,0.1,auto,1674.331298828125,1576.9876708984375,1715.602783203125,1596.4891357421875,2032.51416015625,1558.8912353515625,2036.989990234375,1572.4012451171875
4088,68.13333333333334,13208.534327745438,6594.696044921875,6808.028564453125,0.1,auto,1684.6162109375,1591.5875244140625,1705.949462890625,1596.2303466796875,2043.87353515625,1566.2352294921875,2009.586181640625,1578.2371826171875
4089,68.15,13137.261134386063,6485.1708984375,6857.82958984375,0.1,auto,1680.791015625,1588.80615234375,1718.056884765625,1555.79296875,2031.55419921875,1577.2119140625,2013.224853515625,1575.11572265625
4090,68.16666666666667,13015.242091417313,6417.0751953125,6735.0439453125,0.1,auto,1685.183349609375,1602.009033203125,1716.980224609375,1599.567626953125,2042.522216796875,1578.033935546875,2026.424072265625,1579.030029296875
4091,68.18333333333334,13008.732081651688,6471.878662109375,6734.888916015625,0.1,auto,1704.314697265625,1606.9178466796875,1730.61572265625,1611.8385009765625,2046.29638671875,1589.1363525390625,2031.627197265625,1599.0130615234375
4092,68.2,12913.789454698563,6534.90478515625,6786.76513671875,0.1,auto,1730.111572265625,1616.724853515625,1755.297607421875,1616.151611328125,2064.716796875,1587.976806640625,2047.086181640625,1590.184814453125
4093,68.21666666666667,12763.221827745438,6608.607177734375,6882.030029296875,0.1,auto,1759.53857421875,1623.9921875,1786.880859375,1614.794189453125,2079.29150390625,1591.972412109375,2051.986572265625,1593.95654296875
4094,68.23333333333333,12676.876612901688,6510.274658203125,6856.871337890625,0.1,auto,1772.33984375,1632.1890869140625,1806.99951171875,1625.9923095703125,2102.455810546875,1599.5333251953125,2087.35107421875,1598.6180419921875
4095,68.25,12573.529444932938,6569.627685546875,6776.163330078125,0.1,auto,1800.60986328125,1632.3304443359375,1821.263427734375,1625.3521728515625,2103.13427734375,1603.8572998046875,2075.605224609375,1604.7901611328125
4096,68.26666666666667,12471.456691026688,6496.912841796875,6681.649169921875,0.1,auto,1817.545654296875,1640.543212890625,1836.019287109375,1638.134521484375,2117.1494140625,1609.517333984375,2105.474609375,1609.253662109375
4097,68.28333333333333,12418.514796495438,6449.405517578125,6712.391357421875,0.1,auto,1836.089111328125,1653.7052001953125,1862.3876953125,1642.8802490234375,2134.7236328125,1621.9027099609375,2120.06396484375,1621.0367431640625
4098,68.3,12215.353175401688,6364.019775390625,6592.686767578125,0.1,auto,1851.86669921875,1659.18994140625,1874.7333984375,1648.101318359375,2145.27880859375,1623.26708984375,2137.5302734375,1627.02783203125
4099,68.31666666666666,12182.191554307938,6377.283935546875,6616.536865234375,0.1,auto,1877.50927734375,1673.72607421875,1901.4345703125,1652.24853515625,2163.9912109375,1631.53515625,2147.88525390625,1630.208251953125
4100,68.33333333333333,12352.191554307938,6613.250732421875,6959.066162109375,0.1,auto,1901.10595703125,1692.2025146484375,1935.6875,1663.8443603515625,2192.278076171875,1642.2188720703125,2193.626220703125,1624.3861083984375
4101,68.35,12236.052638292313,6447.68310546875,6772.00439453125,0.1,auto,1914.1630859375,1699.9205322265625,1946.59521484375,1662.7069091796875,2200.856201171875,1656.9376220703125,2181.005859375,1637.4442138671875
4102,68.36666666666666,12089.913722276688,6533.304443359375,6828.070068359375,0.1,auto,1952.339111328125,1713.450439453125,1981.815673828125,1685.497314453125,2221.50732421875,1659.8076171875,2207.743896484375,1647.230224609375
4103,68.38333333333334,12309.913722276688,6627.388916015625,7002.855224609375,0.1,auto,1961.74755859375,1724.5380859375,1999.294189453125,1693.61083984375,2240.38623046875,1680.4970703125,2246.080322265625,1662.364501953125
4104,68.4,12439.913722276688,6859.752197265625,7149.854736328125,0.1,auto,1984.98388671875,1737.361328125,2013.994140625,1694.24462890625,2255.2890625,1694.13720703125,2260.07958984375,1669.488037109375
4105,68.41666666666667,12609.913722276688,7019.315185546875,7196.759033203125,0.1,auto,2000.940185546875,1750.78564453125,2018.6845703125,1705.556640625,2278.4560546875,1708.2197265625,2290.6240234375,1699.3359375
4106,68.43333333333334,-1010.0862777233124,-447.9638671875,-2049.49462890625,0.1,auto,1254.2122802734375,890.265625,1094.0592041015625,866.8404541015625,1246.9306640625,736.4874267578125,1155.7381591796875,717.705322265625
4108,68.46666666666667,979.9137222766876,1485.030517578125,33.76220703125,0.1,auto,1447.51171875,1240.406494140625,1302.3848876953125,1219.4482421875,1441.7501220703125,1077.9591064453125,1358.44921875,1064.4794921875
4109,68.48333333333333,1059.9137222766876,1537.947998046875,221.3671875,0.1,auto,1452.803466796875,1141.0179443359375,1321.1453857421875,1133.5667724609375,1439.75244140625,991.868896484375,1360.1849365234375,979.94580078125
4110,68.5,1599.9137222766876,1881.7236328125,870.203857421875,0.1,auto,1487.1810302734375,1197.246337890625,1386.029052734375,1200.2099609375,1508.71728515625,1036.5692138671875,1420.265380859375,1019.4971923828125
4111,68.51666666666667,1779.9137222766876,2043.524169921875,1036.86279296875,0.1,auto,1503.361083984375,1221.1983642578125,1402.6949462890625,1220.7772216796875,1520.505859375,1057.8504638671875,1429.277099609375,1041.035888671875
4112,68.53333333333333,1909.9137222766876,2215.89111328125,1183.902587890625,0.1,auto,1520.5977783203125,1232.318115234375,1417.39892578125,1236.279541015625,1539.3995361328125,1074.1937255859375,1444.939208984375,1052.354736328125
4113,68.55,2019.9137222766876,2310.557861328125,1319.79736328125,0.1,auto,1530.064453125,1234.5941162109375,1430.9884033203125,1240.2349853515625,1549.8814697265625,1074.20556640625,1457.7117919921875,1054.737060546875
4114,68.56666666666666,2279.9137222766876,2541.102294921875,1563.98681640625,0.1,auto,1553.118896484375,1267.4884033203125,1455.4073486328125,1274.4359130859375,1574.851318359375,1107.775146484375,1482.6510009765625,1092.26416015625
4115,68.58333333333333,2519.9137222766876,2692.57080078125,1798.890380859375,0.1,auto,1568.2657470703125,1283.1434326171875,1478.897705078125,1287.7440185546875,1597.6270751953125,1123.321533203125,1503.955322265625,1106.4891357421875
4116,68.6,2549.9137222766876,2841.917724609375,1828.187255859375,0.1,auto,1583.200439453125,1283.193359375,1481.827392578125,1285.424072265625,1602.811767578125,1120.2081298828125,1506.20458984375,1099.4813232421875
4117,68.61666666666666,2729.9137222766876,2944.703369140625,2015.595703125,0.1,auto,1593.47900390625,1292.1478271484375,1500.5682373046875,1296.9161376953125,1620.1817626953125,1129.892822265625,1521.401123046875,1111.76123046875
4118,68.63333333333334,2929.9137222766876,3069.871826171875,2220.015869140625,0.1,auto,1605.995849609375,1298.9189453125,1521.01025390625,1309.602294921875,1638.497314453125,1139.222412109375,1539.983642578125,1123.231201171875
4119,68.65,3129.9137222766876,3184.43603515625,2424.627685546875,0.1,auto,1617.4522705078125,1310.30126953125,1541.471435546875,1321.3980712890625,1658.5289306640625,1154.0694580078125,1557.686767578125,1135.7935791015625
4120,68.66666666666667,3329.9137222766876,3445.159912109375,2626.788330078125,0.1,auto,1643.524658203125,1317.3870849609375,1561.6875,1332.027587890625,1677.311279296875,1162.5316162109375,1576.631591796875,1148.4786376953125
4121,68.68333333333334,3529.9137222766876,3521.788330078125,2847.04833984375,0.1,auto,1651.1875,1332.0870361328125,1583.7135009765625,1344.9642333984375,1696.4862060546875,1172.7861328125,1595.245361328125,1160.696533203125
4122,68.7,3739.9137222766876,3694.775390625,3076.761474609375,0.1,auto,1668.4862060546875,1344.23193359375,1606.684814453125,1356.6417236328125,1716.5052490234375,1185.212646484375,1615.702392578125,1171.491943359375
4123,68.71666666666667,3959.9137222766876,3916.08154296875,3263.558349609375,0.1,auto,1690.6168212890625,1354.0997314453125,1625.364501953125,1368.8258056640625,1738.005126953125,1198.082275390625,1635.8004150390625,1185.3843994140625
4124,68.73333333333333,4179.913722276688,4182.703857421875,3474.122314453125,0.1,auto,1717.279052734375,1364.6737060546875,1646.4208984375,1379.1015625,1758.362548828125,1210.343017578125,1656.8778076171875,1198.4954833984375
4125,68.75,4399.913722276688,4483.695068359375,3719.918212890625,0.1,auto,1747.378173828125,1380.8397216796875,1671.00048828125,1393.3524169921875,1782.295166015625,1222.767578125,1679.1978759765625,1209.9437255859375
4126,68.76666666666667,4609.913722276688,4605.699462890625,3905.20751953125,0.1,auto,1759.57861328125,1391.668212890625,1689.5294189453125,1407.748046875,1801.318603515625,1233.1947021484375,1697.760009765625,1223.5462646484375
4127,68.78333333333333,4789.913722276688,4865.594482421875,4080.594482421875,0.1,auto,1785.568115234375,1403.4644775390625,1707.068115234375,1420.374755859375,1817.01611328125,1244.421875,1714.502685546875,1237.7059326171875
4128,68.8,4919.913722276688,4790.455322265625,4220.8251953125,0.1,auto,1778.05419921875,1424.6109619140625,1721.0911865234375,1440.44677734375,1831.707763671875,1261.385498046875,1728.54833984375,1253.04443359375
4129,68.81666666666666,5049.913722276688,4499.879150390625,4327.972412109375,0.1,auto,1748.99658203125,1459.765869140625,1731.805908203125,1458.956787109375,1843.22509765625,1277.416259765625,1738.5263671875,1270.24853515625
4130,68.83333333333333,5139.913722276688,4764.849853515625,4403.824462890625,0.1,auto,1775.49365234375,1462.852783203125,1739.39111328125,1469.979736328125,1853.9033203125,1293.4703369140625,1748.16650390625,1282.9136962890625
4131,68.85,5159.913722276688,4742.999267578125,4442.156982421875,0.1,auto,1773.30859375,1478.697509765625,1743.224365234375,1485.891845703125,1855.01513671875,1305.2962646484375,1748.908447265625,1301.44580078125
4132,68.86666666666666,5159.913722276688,4757.381591796875,4433.822021484375,0.1,auto,1774.746826171875,1492.212646484375,1742.390869140625,1499.02978515625,1854.521484375,1323.6922607421875,1749.23583984375,1317.490966796875
4133,68.88333333333334,5169.913722276688,4828.507080078125,4450.718994140625,0.1,auto,1781.859375,1504.060302734375,1744.08056640625,1515.591552734375,1853.83984375,1337.329833984375,1749.02099609375,1334.246826171875
4134,68.9,5179.913722276688,4816.256103515625,4449.224853515625,0.1,auto,1780.63427734375,1520.6611328125,1743.93115234375,1531.375244140625,1855.34130859375,1355.4200439453125,1749.8408203125,1350.53271484375
4135,68.91666666666667,5189.913722276688,4895.013427734375,4457.874755859375,0.1,auto,1788.510009765625,1538.6104736328125,1744.796142578125,1548.712646484375,1855.01220703125,1372.7376708984375,1749.255859375,1368.562255859375
4136,68.93333333333334,5189.913722276688,4746.014404296875,4472.213134765625,0.1,auto,1773.610107421875,1548.0645751953125,1746.22998046875,1561.5865478515625,1855.494140625,1386.7369384765625,1750.12548828125,1383.3297119140625
4137,68.95,5209.913722276688,4732.777099609375,4530.396728515625,0.1,auto,1772.286376953125,1566.0650634765625,1752.04833984375,1579.3038330078125,1855.611083984375,1402.627197265625,1751.539306640625,1398.3282470703125
4138,68.96666666666667,5219.913722276688,4831.295166015625,4478.927001953125,0.1,auto,1782.13818359375,1573.429443359375,1746.9013671875,1590.0208740234375,1857.45849609375,1416.4271240234375,1752.26171875,1413.569580078125
4139,68.98333333333333,5239.913722276688,4919.124755859375,4528.350830078125,0.1,auto,1790.921142578125,1592.4569091796875,1751.84375,1609.197998046875,1858.53369140625,1431.9893798828125,1751.6513671875,1429.661376953125
4140,69.0,5259.913722276688,5508.665771484375,4602.679443359375,0.1,auto,1849.875244140625,1610.612060546875,1759.276611328125,1625.1845703125,1859.483642578125,1443.0953369140625,1752.765380859375,1444.7379150390625
4141,69.01666666666667,5279.913722276688,5176.624755859375,4626.175537109375,0.1,auto,1816.671142578125,1623.6785888671875,1761.626220703125,1640.67333984375,1861.6328125,1458.7540283203125,1754.276611328125,1457.4100341796875
4142,69.03333333333333,5299.913722276688,5493.411865234375,4635.223388671875,0.1,auto,1848.349853515625,1642.22119140625,1762.531005859375,1654.921875,1862.73388671875,1474.7498779296875,1754.889404296875,1473.7586669921875
4143,69.05,5319.913722276688,5322.982177734375,4661.422119140625,0.1,auto,1831.306884765625,1649.843994140625,1765.15087890625,1666.087890625,1863.837890625,1488.0458984375,1756.915771484375,1486.924560546875
4144,69.06666666666666,5339.913722276688,5317.938232421875,4671.646728515625,0.1,auto,1830.802490234375,1663.32470703125,1766.17333984375,1679.6962890625,1866.385986328125,1502.501953125,1756.39892578125,1503.646728515625
4145,69.08333333333333,5359.913722276688,5256.868896484375,4680.050048828125,0.1,auto,1824.695556640625,1672.837890625,1767.013671875,1689.568115234375,1866.94287109375,1514.88916015625,1756.673583984375,1515.033447265625
4146,69.1,5379.913722276688,5568.607177734375,4693.834228515625,0.1,auto,1855.869384765625,1681.82373046875,1768.39208984375,1700.00927734375,1869.721435546875,1529.71484375,1758.076171875,1529.9649658203125
4147,69.11666666666666,5399.913722276688,5380.294189453125,4712.149658203125,0.1,auto,1837.0380859375,1694.299560546875,1770.2236328125,1711.049072265625,1870.046142578125,1538.391357421875,1759.00830078125,1541.908447265625
4148,69.13333333333334,5409.913722276688,5478.477783203125,4741.744384765625,0.1,auto,1846.8564453125,1704.927490234375,1773.18310546875,1723.061767578125,1870.9375,1545.976318359375,1759.510009765625,1553.360595703125
4149,69.15,5429.913722276688,5568.577880859375,4727.237548828125,0.1,auto,1855.866455078125,1718.849853515625,1771.732421875,1734.603759765625,1872.7509765625,1562.4287109375,1760.383544921875,1565.8140869140625
4150,69.16666666666667,5459.913722276688,5688.143310546875,4747.843017578125,0.1,auto,1867.822998046875,1723.637451171875,1773.79296875,1745.247314453125,1875.5048828125,1571.11376953125,1763.9375,1576.1171875
4151,69.18333333333334,5489.913722276688,5636.380615234375,4801.441650390625,0.1,auto,1862.646728515625,1727.876953125,1779.15283203125,1754.074462890625,1877.92138671875,1577.08837890625,1766.82470703125,1584.159912109375
4152,69.2,5539.913722276688,5674.935302734375,4905.093994140625,0.1,auto,1866.502197265625,1734.6953125,1789.51806640625,1761.603515625,1882.0830078125,1585.915283203125,1769.566162109375,1592.443115234375
4153,69.21666666666667,5589.913722276688,5710.513916015625,4917.557373046875,0.1,auto,1870.06005859375,1740.2685546875,1790.764404296875,1765.945068359375,1885.87890625,1592.8214111328125,1774.509521484375,1600.14111328125
4154,69.23333333333333,5669.913722276688,5631.651611328125,4956.473388671875,0.1,auto,1862.173828125,1754.414794921875,1794.656005859375,1778.624755859375,1894.751708984375,1599.44580078125,1780.69482421875,1607.703857421875
4155,69.25,5819.913722276688,5959.027099609375,5134.083251953125,0.1,auto,1894.911376953125,1751.471435546875,1812.4169921875,1774.1513671875,1909.6064453125,1599.130859375,1793.63671875,1607.794677734375
4156,69.26666666666667,5999.913722276688,6060.577392578125,5335.115966796875,0.1,auto,1905.06640625,1748.10595703125,1832.520263671875,1769.48193359375,1927.197021484375,1595.055419921875,1811.225830078125,1602.34814453125
4157,69.28333333333333,6169.913722276688,6246.932373046875,5505.411376953125,0.1,auto,1923.701904296875,1740.068603515625,1849.5498046875,1764.074951171875,1940.451171875,1589.3780517578125,1830.04345703125,1599.100341796875
4158,69.3,6349.913722276688,6336.334228515625,5650.582275390625,0.1,auto,1932.64208984375,1740.328857421875,1864.06689453125,1762.972412109375,1958.038818359375,1586.1922607421875,1847.58984375,1596.9593505859375
4159,69.31666666666666,6529.913722276688,6545.113525390625,5866.544189453125,0.1,auto,1953.52001953125,1731.44287109375,1885.6630859375,1757.011962890625,1976.78662109375,1582.38818359375,1864.7470703125,1592.0379638671875
4160,69.33333333333333,6699.913722276688,6750.831298828125,5998.665771484375,0.1,auto,1974.091796875,1713.106689453125,1898.875244140625,1752.866455078125,1994.26318359375,1577.0025634765625,1883.7421875,1585.7542724609375
4161,69.35,6869.913722276688,7008.333740234375,6192.579345703125,0.1,auto,1999.842041015625,1703.382568359375,1918.2666015625,1741.416259765625,2012.46630859375,1568.87548828125,1901.098388671875,1578.6876220703125
4162,69.36666666666666,7049.913722276688,7165.262451171875,6362.994384765625,0.1,auto,2015.534912109375,1714.9052734375,1935.30810546875,1738.86083984375,2030.185302734375,1564.0733642578125,1918.35009765625,1573.2191162109375
4163,69.38333333333334,7219.913722276688,7287.696533203125,6513.109130859375,0.1,auto,2027.7783203125,1704.21728515625,1950.319580078125,1734.75537109375,2047.981201171875,1559.125,1934.04833984375,1569.54345703125
4164,69.4,7389.913722276688,7421.300048828125,6680.714111328125,0.1,auto,2041.138671875,1705.8818359375,1967.080078125,1726.42138671875,2065.6572265625,1552.32861328125,1953.206298828125,1562.307861328125
4165,69.41666666666667,7569.913722276688,7761.151123046875,6850.982666015625,0.1,auto,2075.123779296875,1702.1171875,1984.10693359375,1722.8037109375,2083.912353515625,1544.782470703125,1969.23876953125,1554.241455078125
4166,69.43333333333334,7739.913722276688,7954.613037109375,7008.697509765625,0.1,auto,2094.469970703125,1695.30712890625,1999.87841796875,1713.28466796875,2101.92626953125,1539.173583984375,1987.835205078125,1546.190185546875
4167,69.45,16369.913722276688,14543.909912109375,13684.779052734375,0.1,auto,2753.399658203125,2085.701904296875,2667.486572265625,2035.072998046875,2863.013427734375,2023.681396484375,2739.253662109375,2035.796630859375
4168,69.46666666666667,8109.913722276688,8177.535400390625,7410.394287109375,0.1,auto,2116.76220703125,1672.11279296875,2040.048095703125,1693.860107421875,2133.18408203125,1519.20361328125,2024.511474609375,1530.06640625
4169,69.48333333333333,8289.913722276688,7904.097900390625,7590.426025390625,0.1,auto,2089.41845703125,1657.99609375,2058.05126953125,1691.091552734375,2152.29052734375,1512.0150146484375,2042.71044921875,1523.3846435546875
4170,69.5,8479.913722276688,8514.202880859375,7815.164794921875,0.1,auto,2150.428955078125,1657.66162109375,2080.525146484375,1677.718017578125,2170.4658203125,1503.489013671875,2061.89208984375,1514.00830078125
4171,69.51666666666667,8679.913722276688,8730.040283203125,7995.308837890625,0.1,auto,2172.0126953125,1649.787841796875,2098.53955078125,1669.97509765625,2191.548583984375,1496.6990966796875,2081.425537109375,1505.6297607421875
4172,69.53333333333333,8879.913722276688,8906.287841796875,8196.236572265625,0.1,auto,2189.637451171875,1638.89111328125,2118.63232421875,1660.221923828125,2210.05615234375,1487.798095703125,2102.3056640625,1495.689453125
4173,69.55,9059.913722276688,9084.957275390625,8385.015869140625,0.1,auto,2207.50439453125,1631.5567626953125,2137.51025390625,1651.9290771484375,2230.84716796875,1479.6474609375,2120.694580078125,1487.1405029296875
4174,69.56666666666666,9259.913722276688,9295.614013671875,8582.503662109375,0.1,auto,2228.570068359375,1618.4326171875,2157.259033203125,1640.135009765625,2248.98779296875,1469.890380859375,2139.5986328125,1476.421630859375
4175,69.58333333333333,9409.913722276688,9387.940673828125,8738.939208984375,0.1,auto,2237.802734375,1608.942626953125,2172.902587890625,1630.8125,2264.973388671875,1460.93359375,2156.18701171875,1467.132080078125
4176,69.6,9579.913722276688,9605.008544921875,8910.594482421875,0.1,auto,2259.509521484375,1601.1241455078125,2190.068115234375,1620.789794921875,2280.985595703125,1447.8232421875,2173.10595703125,1453.1578369140625
4177,69.61666666666666,9729.913722276688,9874.849853515625,9087.794189453125,0.1,auto,2286.49365234375,1588.53173828125,2207.7880859375,1606.364013671875,2296.4501953125,1435.7125244140625,2188.349609375,1441.262939453125
4178,69.63333333333334,9859.913722276688,9965.413818359375,9220.013427734375,0.1,auto,2295.550048828125,1576.7998046875,2221.010009765625,1594.4388427734375,2309.811767578125,1425.6614990234375,2201.85107421875,1431.266357421875
4179,69.65,9979.913722276688,10072.557373046875,9357.225341796875,0.1,auto,2306.264404296875,1564.147216796875,2234.731201171875,1584.886962890625,2320.36865234375,1416.8966064453125,2214.017578125,1420.8096923828125
4180,69.66666666666667,10079.913722276688,10164.522705078125,9461.842041015625,0.1,auto,2315.4609375,1555.8250732421875,2245.19287109375,1574.9642333984375,2330.84375,1406.276123046875,2223.778076171875,1411.63916015625
4181,69.68333333333334,10169.913722276688,10321.588134765625,9552.337646484375,0.1,auto,2331.16748046875,1548.21875,2254.242431640625,1566.9384765625,2339.67724609375,1398.6143798828125,2231.050537109375,1404.921875
4182,69.7,10249.913722276688,10432.320556640625,9635.775146484375,0.1,auto,2342.24072265625,1541.8857421875,2262.586181640625,1558.625,2349.172607421875,1390.8238525390625,2241.58203125,1394.8470458984375
4183,69.71666666666667,10329.913722276688,10447.540283203125,9683.255615234375,0.1,auto,2343.7626953125,1530.9466552734375,2267.334228515625,1549.1844482421875,2357.228759765625,1382.431640625,2249.71923828125,1386.9906005859375
4184,69.73333333333333,10399.913722276688,10573.741455078125,9783.038330078125,0.1,auto,2356.3828125,1524.2337646484375,2277.3125,1542.6412353515625,2364.064208984375,1376.2913818359375,2257.021484375,1380.6387939453125
4185,69.75,10459.913722276688,10665.196533203125,9844.871826171875,0.1,auto,2365.5283203125,1518.443359375,2283.495849609375,1535.918701171875,2370.7841796875,1368.4986572265625,2264.7509765625,1373.7567138671875
4186,69.76666666666667,10529.913722276688,10729.034423828125,9907.027587890625,0.1,auto,2371.912109375,1512.1153564453125,2289.71142578125,1529.823974609375,2377.300537109375,1362.6549072265625,2270.43603515625,1368.7027587890625
4187,69.78333333333333,10589.913722276688,10796.182861328125,9953.585205078125,0.1,auto,2378.626953125,1503.68359375,2294.3671875,1523.56982421875,2384.5537109375,1357.03076171875,2278.161865234375,1362.2021484375
4188,69.8,10659.913722276688,10813.282470703125,10057.471923828125,0.1,auto,2380.3369140625,1499.8587646484375,2304.755859375,1517.476806640625,2391.86767578125,1353.8673095703125,2285.112548828125,1356.6710205078125
4189,69.81666666666666,10729.913722276688,10883.052978515625,10124.359130859375,0.1,auto,2387.31396484375,1493.9530029296875,2311.444580078125,1511.099609375,2399.6513671875,1347.4791259765625,2292.31689453125,1350.752685546875
4190,69.83333333333333,10819.913722276688,11074.954833984375,10164.278564453125,0.1,auto,2406.504150390625,1485.5948486328125,2315.4365234375,1504.458251953125,2406.759765625,1339.80029296875,2300.95654296875,1342.8125
4191,69.85,10889.913722276688,11031.212158203125,10281.522216796875,0.1,auto,2402.1298828125,1478.843505859375,2327.160888671875,1497.739990234375,2415.295654296875,1334.933349609375,2308.82373046875,1336.7603759765625
4192,69.86666666666666,10969.913722276688,11178.404541015625,10372.952880859375,0.1,auto,2416.84912109375,1471.95947265625,2336.303955078125,1491.010009765625,2424.1484375,1328.8731689453125,2316.788818359375,1331.3359375
4193,69.88333333333334,11049.913722276688,11221.251220703125,10446.400146484375,0.1,auto,2421.1337890625,1468.642578125,2343.648681640625,1485.327880859375,2431.37451171875,1320.900146484375,2325.48193359375,1324.655517578125
4194,69.9,11129.913722276688,11250.123291015625,10489.197998046875,0.1,auto,2424.02099609375,1460.3294677734375,2347.928466796875,1477.4952392578125,2439.472412109375,1313.953857421875,2333.26953125,1317.66357421875
4195,69.91666666666667,11209.913722276688,11397.813720703125,10594.869384765625,0.1,auto,2438.7900390625,1454.137451171875,2358.49560546875,1472.4267578125,2447.124755859375,1308.0369873046875,2341.216796875,1312.803955078125
4196,69.93333333333334,11289.913722276688,11475.853271484375,10677.193603515625,0.1,auto,2446.593994140625,1448.710205078125,2366.72802734375,1466.49560546875,2456.71142578125,1302.5213623046875,2349.6181640625,1306.408935546875
4197,69.95,11369.913722276688,11559.940185546875,10766.463623046875,0.1,auto,2455.002685546875,1442.865234375,2375.655029296875,1460.527587890625,2464.46240234375,1296.92724609375,2357.927734375,1300.473388671875
4198,69.96666666666667,11449.913722276688,11579.156494140625,10843.326416015625,0.1,auto,2456.92431640625,1433.256591796875,2383.34130859375,1452.5635986328125,2472.17431640625,1289.3331298828125,2366.197021484375,1293.393798828125
4199,69.98333333333333,11529.913722276688,11649.871826171875,10919.964599609375,0.1,auto,2463.995849609375,1426.3409423828125,2391.005126953125,1444.5316162109375,2480.375244140625,1282.8121337890625,2374.689208984375,1286.7003173828125
4200,70.0,11609.913722276688,11684.200439453125,11016.158447265625,0.1,auto,2467.4287109375,1422.4388427734375,2400.62451171875,1438.441650390625,2489.141357421875,1274.378662109375,2381.440673828125,1279.62939453125
4201,70.01666666666667,11679.913722276688,11787.894287109375,11077.686767578125,0.1,auto,2477.798095703125,1413.220458984375,2406.77734375,1430.6240234375,2495.79248046875,1266.1905517578125,2387.92333984375,1272.7559814453125
4202,70.03333333333333,11749.913722276688,11820.408935546875,11146.519775390625,0.1,auto,2481.049560546875,1408.466064453125,2413.66064453125,1423.3427734375,2501.828125,1259.99951171875,2394.2275390625,1266.3238525390625
4203,70.05,11809.913722276688,11871.746826171875,11188.524169921875,0.1,auto,2486.183349609375,1398.00146484375,2417.861083984375,1415.2042236328125,2508.61279296875,1252.072265625,2400.490966796875,1257.664306640625
4204,70.06666666666666,11869.913722276688,12017.332763671875,11277.469482421875,0.1,auto,2500.741943359375,1389.7598876953125,2426.755615234375,1407.4136962890625,2515.151611328125,1242.3052978515625,2406.720947265625,1248.9580078125
4205,70.08333333333333,11939.913722276688,11985.809326171875,11346.260986328125,0.1,auto,2497.589599609375,1381.819580078125,2433.634765625,1397.2041015625,2520.52294921875,1233.4947509765625,2412.65234375,1240.52294921875
4206,70.1,12009.913722276688,12066.300048828125,11409.659423828125,0.1,auto,2505.638671875,1372.3377685546875,2439.974609375,1390.046142578125,2528.423583984375,1224.8519287109375,2420.63720703125,1232.833251953125
4207,70.11666666666666,12149.913722276688,12193.009033203125,11570.753173828125,0.1,auto,2518.3095703125,1376.3897705078125,2456.083984375,1393.1138916015625,2542.5498046875,1226.8575439453125,2433.888671875,1234.3094482421875
4208,70.13333333333334,12279.913722276688,12420.216064453125,11673.370361328125,0.1,auto,2541.0302734375,1375.8717041015625,2466.345703125,1394.478515625,2555.2685546875,1227.202392578125,2447.0263671875,1235.43994140625
4209,70.15,12409.913722276688,12432.156982421875,11834.715576171875,0.1,auto,2542.224365234375,1376.261962890625,2482.480224609375,1394.6480712890625,2567.938232421875,1227.861083984375,2460.464599609375,1235.497802734375
4210,70.16666666666667,12539.913722276688,12620.753173828125,11958.262939453125,0.1,auto,2561.083984375,1376.42236328125,2494.8349609375,1396.0135498046875,2580.89013671875,1228.5213623046875,2472.7294921875,1236.8095703125
4211,70.18333333333334,12669.913722276688,12767.000732421875,12084.234619140625,0.1,auto,2575.708740234375,1377.1796875,2507.43212890625,1395.3095703125,2592.35009765625,1228.097900390625,2484.691650390625,1237.1285400390625
4212,70.2,12799.913722276688,12866.334228515625,12224.989013671875,0.1,auto,2585.64208984375,1379.52490234375,2521.507568359375,1396.665771484375,2605.55224609375,1230.2745361328125,2496.973388671875,1237.8477783203125
4213,70.21666666666667,12929.913722276688,13050.543212890625,12355.792236328125,0.1,auto,2604.06298828125,1379.85791015625,2534.587890625,1396.9075927734375,2618.156005859375,1230.138671875,2509.48046875,1237.53564453125
4214,70.23333333333333,13059.913722276688,13157.725830078125,12453.914794921875,0.1,auto,2614.78125,1377.6005859375,2544.400146484375,1396.682373046875,2629.83984375,1229.8812255859375,2521.438232421875,1239.126953125
4215,70.25,13199.913722276688,13247.247314453125,12645.711669921875,0.1,auto,2623.7333984375,1380.326416015625,2563.579833984375,1399.13525390625,2641.8056640625,1227.87841796875,2535.44482421875,1238.512939453125
4216,70.26666666666667,13339.913722276688,13377.816162109375,12745.533447265625,0.1,auto,2636.790283203125,1379.2227783203125,2573.56201171875,1398.5389404296875,2655.9580078125,1228.499267578125,2549.52978515625,1238.36767578125
4217,70.28333333333333,13489.913722276688,13293.831787109375,12906.324462890625,0.1,auto,2628.391845703125,1381.54541015625,2589.64111328125,1400.18212890625,2667.8408203125,1229.8126220703125,2562.478515625,1240.2481689453125
4218,70.3,13629.913722276688,13650.184326171875,13026.903076171875,0.1,auto,2664.027099609375,1383.5458984375,2601.698974609375,1402.3572998046875,2682.2099609375,1228.761962890625,2575.554931640625,1240.9449462890625
4219,70.31666666666666,13769.913722276688,13778.065185546875,13160.159912109375,0.1,auto,2676.815185546875,1383.16748046875,2615.024658203125,1404.5374755859375,2694.182861328125,1229.24072265625,2587.972900390625,1241.2711181640625
4220,70.33333333333333,13899.913722276688,13887.916259765625,13286.490478515625,0.1,auto,2687.80029296875,1382.481689453125,2627.65771484375,1402.7608642578125,2706.029052734375,1229.541748046875,2601.153076171875,1242.130126953125
4221,70.35,14039.913722276688,14011.783447265625,13407.325439453125,0.1,auto,2700.18701171875,1383.587890625,2639.7412109375,1403.21533203125,2719.4658203125,1230.3275146484375,2614.362548828125,1242.9139404296875
4222,70.36666666666666,14179.913722276688,14172.716064453125,13558.170166015625,0.1,auto,2716.2802734375,1381.7437744140625,2654.82568359375,1404.4456787109375,2731.88037109375,1230.321533203125,2627.889892578125,1241.583984375
4223,70.38333333333334,14319.913722276688,14088.585205078125,13736.187744140625,0.1,auto,2707.8671875,1384.675537109375,2672.62744140625,1404.642822265625,2744.174560546875,1231.182861328125,2641.19775390625,1243.303955078125
4224,70.4,14469.913722276688,14283.880615234375,13854.493408203125,0.1,auto,2727.396728515625,1382.7469482421875,2684.4580078125,1404.007080078125,2757.63818359375,1229.3851318359375,2655.77880859375,1243.181884765625
4225,70.41666666666667,14619.913722276688,14575.015869140625,14014.715576171875,0.1,auto,2756.51025390625,1385.33154296875,2700.480224609375,1405.820556640625,2773.33349609375,1230.2685546875,2671.01953125,1243.141845703125
4226,70.43333333333334,14779.913722276688,14725.794677734375,14142.823486328125,0.1,auto,2771.588134765625,1384.095458984375,2713.291015625,1403.510009765625,2787.94873046875,1228.7998046875,2685.72216796875,1242.9619140625
4227,70.45,14939.913722276688,14839.964599609375,14332.835693359375,0.1,auto,2783.005126953125,1386.113525390625,2732.292236328125,1405.8433837890625,2802.62646484375,1229.064697265625,2701.460693359375,1242.88525390625
4228,70.46666666666667,15099.913722276688,15000.181884765625,14492.855224609375,0.1,auto,2799.02685546875,1381.5428466796875,2748.294189453125,1402.3360595703125,2818.56787109375,1228.7684326171875,2717.439453125,1243.625732421875
4229,70.48333333333333,15249.913722276688,15237.633056640625,14631.082763671875,0.1,auto,2822.77197265625,1381.82861328125,2762.116943359375,1405.0843505859375,2834.604736328125,1227.9036865234375,2732.2861328125,1242.44140625
4230,70.5,15399.913722276688,15195.926513671875,14782.066650390625,0.1,auto,2818.601318359375,1384.660888671875,2777.21533203125,1406.999267578125,2849.075439453125,1228.9718017578125,2746.18994140625,1244.247802734375
4231,70.51666666666667,15519.913722276688,15281.727294921875,14903.170166015625,0.1,auto,2827.181396484375,1380.614501953125,2789.32568359375,1403.23974609375,2859.12353515625,1228.2913818359375,2757.563232421875,1244.294677734375
4232,70.53333333333333,15609.913722276688,15407.154541015625,14967.899169921875,0.1,auto,2839.72412109375,1382.6474609375,2795.798583984375,1404.866943359375,2868.56396484375,1228.927734375,2767.44384765625,1244.157470703125
4233,70.55,15679.913722276688,15402.762451171875,15062.542724609375,0.1,auto,2839.284912109375,1384.579345703125,2805.262939453125,1407.7843017578125,2875.146240234375,1229.9202880859375,2773.31201171875,1247.0494384765625
4234,70.56666666666666,15699.913722276688,15454.124755859375,15075.189208984375,0.1,auto,2844.421142578125,1385.326904296875,2806.527587890625,1407.492431640625,2877.853271484375,1231.44189453125,2776.242431640625,1247.49609375
4235,70.58333333333333,15689.913722276688,15421.180419921875,15059.217529296875,0.1,auto,2841.126708984375,1386.642578125,2804.930419921875,1407.7791748046875,2876.12158203125,1232.0413818359375,2775.627685546875,1247.9522705078125
4236,70.6,15669.913722276688,15391.409912109375,15026.920166015625,0.1,auto,2838.149658203125,1386.714111328125,2801.70068359375,1409.2716064453125,2874.1767578125,1233.923095703125,2773.7314453125,1249.442626953125
4237,70.61666666666666,15649.913722276688,15520.267333984375,14999.454345703125,0.1,auto,2851.035400390625,1394.4302978515625,2798.9541015625,1415.7635498046875,2872.7548828125,1237.47216796875,2770.589599609375,1252.87158203125
4238,70.63333333333334,15619.913722276688,15399.600830078125,14988.343505859375,0.1,auto,2838.96875,1394.046142578125,2797.843017578125,1415.710693359375,2868.9970703125,1238.3671875,2769.124267578125,1254.063720703125
4239,70.65,15599.913722276688,15248.365478515625,14953.714599609375,0.1,auto,2823.84521484375,1395.3829345703125,2794.380126953125,1417.2408447265625,2867.6201171875,1242.2401123046875,2766.236572265625,1256.91796875
4240,70.66666666666667,15559.913722276688,15260.023193359375,14922.838134765625,0.1,auto,2825.010986328125,1398.8199462890625,2791.29248046875,1419.605224609375,2863.3515625,1243.2877197265625,2763.496826171875,1258.71044921875
4241,70.68333333333334,15519.913722276688,15244.259033203125,14881.177978515625,0.1,auto,2823.4345703125,1399.9078369140625,2787.12646484375,1421.7982177734375,2860.16455078125,1246.0899658203125,2760.136962890625,1260.3592529296875
4242,70.7,15489.913722276688,15221.671142578125,14855.133056640625,0.1,auto,2821.17578125,1402.2806396484375,2784.52197265625,1423.5472412109375,2856.908203125,1247.7769775390625,2755.7265625,1263.835205078125
4243,70.71666666666667,15449.913722276688,15166.082763671875,14811.578369140625,0.1,auto,2815.616943359375,1403.323486328125,2780.16650390625,1424.669921875,2854.1826171875,1250.052001953125,2752.33740234375,1263.746826171875
4244,70.73333333333333,15419.913722276688,15074.290771484375,14757.259521484375,0.1,auto,2806.437744140625,1405.6527099609375,2774.734619140625,1426.402099609375,2851.0986328125,1251.969970703125,2748.77734375,1266.607177734375
4245,70.75,15369.913722276688,15083.577880859375,14727.137451171875,0.1,auto,2807.366455078125,1408.083984375,2771.722412109375,1429.4205322265625,2847.20849609375,1254.8248291015625,2746.56884765625,1269.21240234375
4246,70.76666666666667,15349.913722276688,15131.844482421875,14681.158447265625,0.1,auto,2812.193115234375,1410.3997802734375,2767.12451171875,1433.1669921875,2844.74951171875,1256.0115966796875,2742.368408203125,1271.49169921875
4247,70.78333333333333,15319.913722276688,15294.102783203125,14659.349365234375,0.1,auto,2828.4189453125,1414.568115234375,2764.943603515625,1436.73046875,2842.39599609375,1258.12060546875,2740.77197265625,1272.7353515625
4248,70.8,15289.913722276688,15164.898681640625,14630.299072265625,0.1,auto,2815.49853515625,1412.3988037109375,2762.03857421875,1435.504150390625,2839.055908203125,1259.459228515625,2736.504150390625,1275.769775390625
4249,70.81666666666666,15259.913722276688,15009.844970703125,14627.760009765625,0.1,auto,2799.9931640625,1412.5758056640625,2761.78466796875,1433.78955078125,2836.262939453125,1259.3209228515625,2734.51611328125,1275.221435546875
4250,70.83333333333333,15229.913722276688,15157.213134765625,14565.401611328125,0.1,auto,2814.72998046875,1414.220458984375,2755.548828125,1435.9862060546875,2834.621826171875,1260.458251953125,2732.3349609375,1275.903564453125
4251,70.85,15199.913722276688,15202.550048828125,14563.304443359375,0.1,auto,2819.263671875,1418.361572265625,2755.339111328125,1437.7835693359375,2832.548583984375,1263.59521484375,2728.89599609375,1278.6845703125
4252,70.86666666666666,15179.913722276688,15040.623779296875,14555.516357421875,0.1,auto,2803.071044921875,1418.3857421875,2754.560302734375,1436.4185791015625,2830.877685546875,1265.3963623046875,2726.833984375,1281.33203125
4253,70.88333333333334,15149.913722276688,15174.168701171875,14502.142333984375,0.1,auto,2816.425537109375,1422.0238037109375,2749.222900390625,1442.9249267578125,2828.4697265625,1265.7237548828125,2725.429931640625,1279.8463134765625
4254,70.9,15119.913722276688,15062.530517578125,14476.810302734375,0.1,auto,2805.26171875,1422.1741943359375,2746.689697265625,1441.6712646484375,2826.0791015625,1267.3316650390625,2722.77783203125,1282.54248046875
4255,70.91666666666667,15099.913722276688,15143.455810546875,14435.662841796875,0.1,auto,2813.354248046875,1424.5157470703125,2742.574951171875,1443.4798583984375,2824.3154296875,1269.279541015625,2719.522705078125,1283.8736572265625
4256,70.93333333333334,15059.913722276688,15173.497314453125,14412.100830078125,0.1,auto,2816.3583984375,1424.112060546875,2740.21875,1445.6019287109375,2821.1943359375,1271.68359375,2717.19287109375,1284.77490234375
4257,70.95,15029.913722276688,15131.461181640625,14384.678955078125,0.1,auto,2812.15478515625,1426.2802734375,2737.4765625,1445.7547607421875,2818.44384765625,1272.2022705078125,2713.850341796875,1287.858154296875
4258,70.96666666666667,14999.913722276688,14964.093017578125,14357.598876953125,0.1,auto,2795.41796875,1424.1322021484375,2734.7685546875,1444.857421875,2815.34130859375,1273.120849609375,2712.314453125,1288.67529296875
4259,70.98333333333333,14959.913722276688,15061.302490234375,14304.400634765625,0.1,auto,2805.138916015625,1425.3153076171875,2729.44873046875,1448.3604736328125,2816.321044921875,1276.697021484375,2709.69873046875,1290.1446533203125
4260,71.0,14929.913722276688,14969.937744140625,14265.177001953125,0.1,auto,2796.00244140625,1427.2427978515625,2725.5263671875,1446.6328125,2810.92333984375,1277.6859130859375,2705.655517578125,1292.582275390625
4261,71.01666666666667,14899.913722276688,14940.816650390625,14243.389892578125,0.1,auto,2793.09033203125,1430.0869140625,2723.34765625,1449.6553955078125,2807.700927734375,1278.881591796875,2702.260498046875,1294.7471923828125
4262,71.03333333333333,14859.913722276688,14856.756591796875,14190.985107421875,0.1,auto,2784.684326171875,1432.0635986328125,2718.107177734375,1449.9622802734375,2804.430908203125,1283.617919921875,2699.062744140625,1294.3365478515625
4263,71.05,14819.913722276688,14764.761962890625,14147.581787109375,0.1,auto,2775.48486328125,1431.130615234375,2713.766845703125,1449.3272705078125,2800.62646484375,1282.453857421875,2695.651123046875,1297.383544921875
4264,71.06666666666666,14769.913722276688,14717.930908203125,14117.376708984375,0.1,auto,2770.8017578125,1430.651611328125,2710.746337890625,1449.9892578125,2796.49951171875,1282.923828125,2692.302490234375,1298.487060546875
4265,71.08333333333333,14739.913722276688,14733.460693359375,14070.196533203125,0.1,auto,2772.354736328125,1436.1611328125,2706.0283203125,1453.486083984375,2793.388671875,1285.4658203125,2688.90283203125,1297.4644775390625
4266,71.1,14689.913722276688,14792.601318359375,14001.270751953125,0.1,auto,2778.268798828125,1435.163818359375,2699.1357421875,1454.4373779296875,2789.352783203125,1285.266845703125,2686.11669921875,1298.01953125
4267,71.11666666666666,14639.913722276688,14748.787841796875,13983.250732421875,0.1,auto,2773.887451171875,1439.69970703125,2697.333740234375,1456.1593017578125,2784.31787109375,1288.0087890625,2681.75390625,1300.2623291015625
4268,71.13333333333334,14599.913722276688,14723.978271484375,13929.710693359375,0.1,auto,2771.406494140625,1441.5640869140625,2691.979736328125,1460.64501953125,2780.65869140625,1288.2880859375,2676.13134765625,1301.26416015625
4269,71.15,14549.913722276688,14553.192138671875,13907.171630859375,0.1,auto,2754.327880859375,1440.26416015625,2689.725830078125,1457.4429931640625,2774.74072265625,1289.7801513671875,2671.273193359375,1302.29248046875
4270,71.16666666666667,14509.913722276688,14505.833740234375,13827.269287109375,0.1,auto,2749.592041015625,1440.888427734375,2681.735595703125,1458.9091796875,2769.5029296875,1289.524169921875,2667.533447265625,1303.1173095703125
4271,71.18333333333334,14449.913722276688,14535.186767578125,13777.718505859375,0.1,auto,2752.52734375,1445.4512939453125,2676.780517578125,1464.091552734375,2763.859375,1293.36181640625,2662.95166015625,1305.1251220703125
4272,71.2,14379.913722276688,14412.193603515625,13708.336181640625,0.1,auto,2740.22802734375,1446.474853515625,2669.84228515625,1464.9080810546875,2757.49658203125,1294.0313720703125,2656.3095703125,1306.4560546875
4273,71.21666666666667,14329.913722276688,14093.502197265625,13642.044677734375,0.1,auto,2708.35888671875,1446.589111328125,2663.213134765625,1464.93505859375,2751.40185546875,1294.18408203125,2649.5634765625,1309.462158203125
4274,71.23333333333333,14269.913722276688,14255.845947265625,13591.756591796875,0.1,auto,2724.59326171875,1446.9876708984375,2658.184326171875,1464.872314453125,2746.400390625,1293.3111572265625,2644.3046875,1308.4765625
4275,71.25,14219.913722276688,14172.750244140625,13543.284912109375,0.1,auto,2716.28369140625,1447.422119140625,2653.337158203125,1465.63916015625,2742.250732421875,1293.8128662109375,2641.0546875,1308.0994873046875
4276,71.26666666666667,14189.913722276688,14352.176513671875,13514.698486328125,0.1,auto,2734.226318359375,1451.6934814453125,2650.478515625,1468.274169921875,2737.498779296875,1295.05908203125,2637.28173828125,1307.431884765625
4277,71.28333333333333,14159.913722276688,14161.739501953125,13492.491455078125,0.1,auto,2715.1826171875,1448.0794677734375,2648.2578125,1468.0908203125,2734.66552734375,1292.845947265625,2635.015869140625,1307.0560302734375
4278,71.3,14149.913722276688,14184.224853515625,13467.481689453125,0.1,auto,2717.43115234375,1445.3968505859375,2645.7568359375,1464.7301025390625,2733.249267578125,1294.1953125,2632.92822265625,1306.473876953125
4279,71.31666666666666,14129.913722276688,14044.000244140625,13457.103271484375,0.1,auto,2703.40869140625,1443.4046630859375,2644.718994140625,1461.935791015625,2731.4560546875,1290.3619384765625,2632.2685546875,1304.26904296875
4280,71.33333333333333,14119.913722276688,14218.260498046875,13448.275146484375,0.1,auto,2720.834716796875,1438.6807861328125,2643.836181640625,1459.040771484375,2731.3427734375,1287.96630859375,2631.72509765625,1301.1402587890625
4281,71.35,14119.913722276688,14121.368408203125,13464.468994140625,0.1,auto,2711.1455078125,1440.869140625,2645.45556640625,1459.7926025390625,2730.047119140625,1286.112060546875,2631.44580078125,1298.08544921875
4282,71.36666666666666,14109.913722276688,14200.335693359375,13446.353759765625,0.1,auto,2719.042236328125,1433.8692626953125,2643.64404296875,1452.647216796875,2730.4140625,1283.5528564453125,2631.71630859375,1295.296875
4283,71.38333333333334,14109.913722276688,14223.441162109375,13455.614013671875,0.1,auto,2721.352783203125,1435.610595703125,2644.570068359375,1453.1710205078125,2730.24560546875,1281.0474853515625,2631.959716796875,1292.667236328125
4284,71.4,14119.913722276688,14008.680419921875,13449.801025390625,0.1,auto,2699.876708984375,1430.6552734375,2643.98876953125,1448.712646484375,2729.966064453125,1278.0635986328125,2632.25927734375,1290.3231201171875
4285,71.41666666666667,14119.913722276688,14109.493408203125,13475.169677734375,0.1,auto,2709.9580078125,1429.0628662109375,2646.525634765625,1448.8455810546875,2730.68994140625,1276.804931640625,2632.096923828125,1288.6580810546875
4286,71.43333333333334,14109.913722276688,14042.525634765625,13466.287841796875,0.1,auto,2703.26123046875,1426.067138671875,2645.637451171875,1445.8714599609375,2729.96826171875,1273.8115234375,2632.25439453125,1285.193603515625
4287,71.45,14109.913722276688,14105.469970703125,13472.974853515625,0.1,auto,2709.5556640625,1426.3890380859375,2646.30615234375,1444.421142578125,2731.201904296875,1271.162109375,2632.51904296875,1281.69873046875
4288,71.46666666666667,14119.913722276688,14124.097900390625,13471.341552734375,0.1,auto,2711.41845703125,1422.81982421875,2646.142822265625,1441.3597412109375,2731.101806640625,1266.647705078125,2632.498046875,1278.397216796875
4289,71.48333333333333,14119.913722276688,14277.454833984375,13468.255615234375,0.1,auto,2726.754150390625,1419.404541015625,2645.834228515625,1434.5738525390625,2731.319091796875,1263.9405517578125,2633.348388671875,1274.1563720703125
4290,71.5,14119.913722276688,14062.415771484375,13486.734619140625,0.1,auto,2705.250244140625,1414.7764892578125,2647.68212890625,1432.1824951171875,2732.0,1259.0023193359375,2634.079345703125,1269.7835693359375
4291,71.51666666666667,14129.913722276688,14095.823974609375,13493.072509765625,0.1,auto,2708.591064453125,1411.1129150390625,2648.31591796875,1428.6322021484375,2732.021484375,1256.33154296875,2634.1865234375,1267.13818359375
4292,71.53333333333333,14119.913722276688,14074.534912109375,13491.441650390625,0.1,auto,2706.462158203125,1406.17529296875,2648.15283203125,1423.388916015625,2733.153564453125,1253.56005859375,2634.694580078125,1262.990234375
4293,71.55,14119.913722276688,14090.831298828125,13482.969970703125,0.1,auto,2708.091796875,1401.9322509765625,2647.3056640625,1418.1192626953125,2731.951416015625,1248.90185546875,2633.525390625,1260.2666015625
4294,71.56666666666666,14109.913722276688,14072.725830078125,13477.215576171875,0.1,auto,2706.28125,1398.0673828125,2646.730224609375,1415.923828125,2730.7490234375,1246.6661376953125,2634.074951171875,1254.63330078125
4295,71.58333333333333,14109.913722276688,14087.061767578125,13489.815673828125,0.1,auto,2707.71484375,1396.69873046875,2647.990234375,1413.835693359375,2731.455322265625,1243.333740234375,2632.669677734375,1251.194580078125
4296,71.6,14109.913722276688,14118.372802734375,13477.218017578125,0.1,auto,2710.845947265625,1394.220458984375,2646.73046875,1410.12744140625,2730.972900390625,1238.9254150390625,2632.47607421875,1247.7891845703125
4297,71.61666666666666,14099.913722276688,14128.924560546875,13487.147216796875,0.1,auto,2711.901123046875,1390.96484375,2647.723388671875,1408.7620849609375,2731.067626953125,1233.920166015625,2632.61328125,1243.2679443359375
4298,71.63333333333334,14089.913722276688,14066.688232421875,13483.895263671875,0.1,auto,2705.677490234375,1386.6494140625,2647.398193359375,1403.9486083984375,2729.741455078125,1230.5062255859375,2629.6591796875,1242.4072265625
4299,71.65,14079.913722276688,14037.847900390625,13472.315673828125,0.1,auto,2702.79345703125,1382.5859375,2646.240234375,1400.7679443359375,2728.578369140625,1227.1258544921875,2628.81201171875,1238.999267578125
4300,71.66666666666667,14069.913722276688,14035.802001953125,13479.183349609375,0.1,auto,2702.5888671875,1378.5582275390625,2646.927001953125,1397.666748046875,2727.902587890625,1222.6944580078125,2628.87255859375,1232.909423828125
4301,71.68333333333334,14059.913722276688,14003.121337890625,13453.336181640625,0.1,auto,2699.32080078125,1374.2584228515625,2644.34228515625,1392.660888671875,2727.698486328125,1217.886962890625,2626.985595703125,1230.563232421875
4302,71.7,14049.913722276688,14067.191162109375,13436.275634765625,0.1,auto,2705.727783203125,1369.363525390625,2642.63623046875,1388.424560546875,2725.90869140625,1215.1640625,2626.29296875,1224.7763671875
4303,71.71666666666667,14039.913722276688,14105.003662109375,13443.126220703125,0.1,auto,2709.509033203125,1365.681640625,2643.3212890625,1385.980224609375,2726.12744140625,1211.1998291015625,2625.439208984375,1221.6820068359375
4304,71.73333333333333,14029.913722276688,14059.598388671875,13439.261474609375,0.1,auto,2704.968505859375,1363.687744140625,2642.934814453125,1380.6240234375,2726.113037109375,1209.5859375,2625.373046875,1218.4600830078125
4305,71.75,14029.913722276688,14072.625732421875,13437.298583984375,0.1,auto,2706.271240234375,1360.8583984375,2642.738525390625,1378.1448974609375,2725.96142578125,1205.6219482421875,2625.047119140625,1215.9527587890625
4306,71.76666666666667,14039.913722276688,14040.411376953125,13417.237548828125,0.1,auto,2703.0498046875,1356.502197265625,2640.732421875,1372.8692626953125,2726.277099609375,1203.65087890625,2624.67578125,1212.69921875
4307,71.78333333333333,14039.913722276688,14038.590087890625,13433.297119140625,0.1,auto,2702.86767578125,1353.054443359375,2642.33837890625,1370.048095703125,2726.876708984375,1201.397216796875,2624.260009765625,1209.4281005859375
4308,71.8,14049.913722276688,14056.353759765625,13461.800537109375,0.1,auto,2704.64404296875,1349.0064697265625,2645.188720703125,1367.5439453125,2727.66943359375,1197.06298828125,2625.29248046875,1206.5225830078125
4309,71.81666666666666,14059.913722276688,14027.032470703125,13455.191650390625,0.1,auto,2701.7119140625,1344.935546875,2644.52783203125,1363.221923828125,2727.446533203125,1192.2135009765625,2625.418701171875,1203.7366943359375
4310,71.83333333333333,14059.913722276688,14109.110107421875,13466.634521484375,0.1,auto,2709.919677734375,1342.5230712890625,2645.672119140625,1359.165771484375,2728.62548828125,1188.87353515625,2626.007080078125,1198.57275390625
4311,71.85,14049.913722276688,14069.417724609375,13432.169189453125,0.1,auto,2705.950439453125,1338.6356201171875,2642.2255859375,1352.057373046875,2728.622802734375,1184.8507080078125,2626.490478515625,1195.015869140625
4312,71.86666666666666,14069.913722276688,14106.153564453125,13459.718017578125,0.1,auto,2709.6240234375,1332.875244140625,2644.98046875,1348.8251953125,2729.345947265625,1180.784423828125,2626.995361328125,1189.8485107421875
4313,71.88333333333334,14059.913722276688,14101.832275390625,13448.765869140625,0.1,auto,2709.19189453125,1330.2684326171875,2643.88525390625,1345.9395751953125,2729.55224609375,1175.9224853515625,2626.974609375,1184.9537353515625
4314,71.9,14059.913722276688,14047.825927734375,13434.378662109375,0.1,auto,2703.791259765625,1325.8125,2642.446533203125,1339.477783203125,2729.40771484375,1172.676513671875,2626.46923828125,1181.3004150390625
4315,71.91666666666667,14059.913722276688,14140.308837890625,13434.500732421875,0.1,auto,2713.03955078125,1322.629150390625,2642.458740234375,1337.4224853515625,2729.50146484375,1169.2984619140625,2626.210205078125,1178.2166748046875
4316,71.93333333333334,14049.913722276688,14054.866943359375,13411.253662109375,0.1,auto,2704.495361328125,1316.6934814453125,2640.134033203125,1330.62353515625,2728.418212890625,1165.1109619140625,2626.281005859375,1174.0589599609375
4317,71.95,14049.913722276688,14104.542236328125,13447.611083984375,0.1,auto,2709.462890625,1315.421875,2643.769775390625,1329.8109130859375,2729.63525390625,1162.5147705078125,2626.820068359375,1170.5576171875
4318,71.96666666666667,14049.913722276688,14093.748779296875,13425.391845703125,0.1,auto,2708.383544921875,1310.9249267578125,2641.5478515625,1326.333984375,2729.674072265625,1159.4151611328125,2626.603271484375,1167.6353759765625
4319,71.98333333333333,14049.913722276688,14132.987060546875,13459.298095703125,0.1,auto,2712.307373046875,1309.375244140625,2644.9384765625,1326.7972412109375,2730.38818359375,1158.8372802734375,2625.73095703125,1166.08056640625
4320,72.0,20679.913722276688,19980.299072265625,19079.520263671875,0.1,auto,3297.03857421875,1690.7132568359375,3206.960693359375,1639.1591796875,3399.87451171875,1656.2991943359375,3294.080322265625,1655.4427490234375
4321,72.01666666666667,14049.913722276688,14139.205322265625,13468.682861328125,0.1,auto,2712.92919921875,1303.1290283203125,2645.876953125,1321.037109375,2730.91748046875,1154.61767578125,2625.320068359375,1161.19140625
4322,72.03333333333333,14059.913722276688,14074.857177734375,13454.176025390625,0.1,auto,2706.494384765625,1299.1756591796875,2644.42626953125,1316.601318359375,2731.146484375,1151.4169921875,2627.005859375,1158.019775390625
4323,72.05,14059.913722276688,14080.098876953125,13462.386474609375,0.1,auto,2707.0185546875,1301.481689453125,2645.247314453125,1316.210205078125,2731.6318359375,1150.643310546875,2626.404296875,1157.414306640625
4324,72.06666666666666,14059.913722276688,14105.767822265625,13470.135498046875,0.1,auto,2709.58544921875,1299.16259765625,2646.022216796875,1315.52001953125,2731.40185546875,1149.159423828125,2626.580810546875,1155.11474609375
4325,72.08333333333333,14059.913722276688,14138.406982421875,13486.810302734375,0.1,auto,2712.849365234375,1297.364990234375,2647.689697265625,1313.9737548828125,2731.248046875,1148.181640625,2626.072265625,1154.6776123046875
4326,72.1,20699.913722276688,20041.729736328125,19100.509033203125,0.1,auto,3303.181640625,1684.87939453125,3209.0595703125,1630.837158203125,3401.57666015625,1649.537353515625,3291.80517578125,1645.437255859375
4327,72.11666666666666,20659.913722276688,20037.305908203125,19109.791259765625,0.1,auto,3302.7392578125,1684.839599609375,3209.98779296875,1631.6474609375,3402.87939453125,1648.9755859375,3290.8505859375,1645.4111328125
4328,72.13333333333334,14059.913722276688,14106.370849609375,13478.966064453125,0.1,auto,2709.645751953125,1293.38232421875,2646.9052734375,1309.5810546875,2732.94873046875,1143.9093017578125,2626.3017578125,1151.5023193359375
4329,72.15,14069.913722276688,14097.098388671875,13493.265380859375,0.1,auto,2708.718505859375,1292.81884765625,2648.335205078125,1309.0570068359375,2734.101806640625,1144.495361328125,2626.782958984375,1150.404296875
4330,72.16666666666667,14079.913722276688,14076.011962890625,13484.588623046875,0.1,auto,2706.60986328125,1288.3026123046875,2647.467529296875,1304.8717041015625,2734.812744140625,1141.864501953125,2627.962158203125,1149.5430908203125
4331,72.18333333333334,14089.913722276688,14083.179931640625,13499.014892578125,0.1,auto,2707.32666015625,1289.2227783203125,2648.91015625,1305.882080078125,2734.395751953125,1138.87939453125,2628.723876953125,1147.0296630859375
4332,72.2,14089.913722276688,14085.665283203125,13510.550537109375,0.1,auto,2707.5751953125,1289.405029296875,2650.063720703125,1304.6392822265625,2735.6689453125,1139.0198974609375,2629.357421875,1146.4571533203125
