ISO-10303-21;
HEADER;
/* Generated by software containing ST-Developer
 * from STEP Tools, Inc. (www.steptools.com) 
 */

FILE_DESCRIPTION(
/* description */ (''),
/* implementation_level */ '2;1');

FILE_NAME(
/* name */ 'Anchor-Lid_V2-01_26-02-24.stp',
/* time_stamp */ '2026-02-24T09:02:43+01:00',
/* author */ ('andre'),
/* organization */ (''),
/* preprocessor_version */ 'ST-DEVELOPER v20.1',
/* originating_system */ 'Autodesk Inventor 2026',
/* authorisation */ '');

FILE_SCHEMA (('AUTOMOTIVE_DESIGN { 1 0 10303 214 3 1 1 }'));
ENDSEC;

DATA;
#10=MECHANICAL_DESIGN_GEOMETRIC_PRESENTATION_REPRESENTATION('',(#13),#1367);
#11=SHAPE_REPRESENTATION_RELATIONSHIP('SRR','None',#1374,#12);
#12=ADVANCED_BREP_SHAPE_REPRESENTATION('',(#14),#1366);
#13=STYLED_ITEM('',(#1383),#14);
#14=MANIFOLD_SOLID_BREP('Solid1',#342);
#15=B_SPLINE_SURFACE_WITH_KNOTS('',3,3,((#751,#752,#753,#754,#755,#756,
#757,#758,#759,#760,#761,#762,#763,#764,#765,#766,#767,#768,#769,#770,#771,
#772,#773,#774,#775,#776,#777,#778,#779,#780,#781),(#782,#783,#784,#785,
#786,#787,#788,#789,#790,#791,#792,#793,#794,#795,#796,#797,#798,#799,#800,
#801,#802,#803,#804,#805,#806,#807,#808,#809,#810,#811,#812),(#813,#814,
#815,#816,#817,#818,#819,#820,#821,#822,#823,#824,#825,#826,#827,#828,#829,
#830,#831,#832,#833,#834,#835,#836,#837,#838,#839,#840,#841,#842,#843),
(#844,#845,#846,#847,#848,#849,#850,#851,#852,#853,#854,#855,#856,#857,
#858,#859,#860,#861,#862,#863,#864,#865,#866,#867,#868,#869,#870,#871,#872,
#873,#874),(#875,#876,#877,#878,#879,#880,#881,#882,#883,#884,#885,#886,
#887,#888,#889,#890,#891,#892,#893,#894,#895,#896,#897,#898,#899,#900,#901,
#902,#903,#904,#905)),.UNSPECIFIED.,.F.,.F.,.F.,(4,1,4),(4,1,1,1,1,1,1,
1,1,1,1,1,1,1,1,1,1,1,1,1,1,1,1,1,1,1,1,1,4),(1.49533747392517,2.31846506375748,
3.14159265358979),(0.,0.478249809084818,0.956499618169636,1.43474942725445,
1.91299923633927,2.39124904542409,2.86949885450891,3.34774866359373,3.82599847267854,
4.30424828176336,4.78249809084818,5.260747899933,5.73899770901782,6.21724751810263,
6.69549732718745,7.17374713627227,7.65199694535709,8.13024675444191,8.60849656352673,
9.08674637261154,9.56499618169636,10.0432459907812,10.521495799866,10.9997456089508,
11.4779954180356,11.9562452271205,12.4344950362053,12.9127448452901,13.3909946543749),
 .UNSPECIFIED.);
#16=B_SPLINE_SURFACE_WITH_KNOTS('',3,3,((#970,#971,#972,#973,#974,#975,
#976,#977,#978,#979,#980,#981,#982,#983,#984,#985,#986,#987,#988,#989,#990,
#991,#992,#993,#994,#995,#996,#997,#998),(#999,#1000,#1001,#1002,#1003,
#1004,#1005,#1006,#1007,#1008,#1009,#1010,#1011,#1012,#1013,#1014,#1015,
#1016,#1017,#1018,#1019,#1020,#1021,#1022,#1023,#1024,#1025,#1026,#1027),
(#1028,#1029,#1030,#1031,#1032,#1033,#1034,#1035,#1036,#1037,#1038,#1039,
#1040,#1041,#1042,#1043,#1044,#1045,#1046,#1047,#1048,#1049,#1050,#1051,
#1052,#1053,#1054,#1055,#1056),(#1057,#1058,#1059,#1060,#1061,#1062,#1063,
#1064,#1065,#1066,#1067,#1068,#1069,#1070,#1071,#1072,#1073,#1074,#1075,
#1076,#1077,#1078,#1079,#1080,#1081,#1082,#1083,#1084,#1085)),
 .UNSPECIFIED.,.F.,.F.,.F.,(4,4),(4,1,1,1,1,1,1,1,1,1,1,1,1,1,1,1,1,1,1,
1,1,1,1,1,1,1,4),(0.0245122506628888,0.193648851185715),(0.,0.481812471842147,
0.963624943684294,1.44543741552644,1.92724988736859,2.40906235921074,2.89087483105288,
3.37268730289503,3.85449977473718,4.33631224657932,4.81812471842147,5.29993719026362,
5.78174966210576,6.26356213394791,6.74537460579006,7.22718707763221,7.70899954947435,
8.1908120213165,8.67262449315865,9.15443696500079,9.63624943684294,10.1180619086851,
10.5998743805272,11.0816868523694,11.5634993242115,12.0453117960537,12.5271242678958),
 .UNSPECIFIED.);
#17=B_SPLINE_SURFACE_WITH_KNOTS('',3,3,((#1165,#1166,#1167,#1168,#1169,
#1170,#1171,#1172,#1173,#1174,#1175,#1176,#1177,#1178,#1179,#1180,#1181,
#1182,#1183,#1184,#1185,#1186,#1187,#1188,#1189,#1190,#1191,#1192,#1193,
#1194,#1195,#1196,#1197,#1198,#1199),(#1200,#1201,#1202,#1203,#1204,#1205,
#1206,#1207,#1208,#1209,#1210,#1211,#1212,#1213,#1214,#1215,#1216,#1217,
#1218,#1219,#1220,#1221,#1222,#1223,#1224,#1225,#1226,#1227,#1228,#1229,
#1230,#1231,#1232,#1233,#1234),(#1235,#1236,#1237,#1238,#1239,#1240,#1241,
#1242,#1243,#1244,#1245,#1246,#1247,#1248,#1249,#1250,#1251,#1252,#1253,
#1254,#1255,#1256,#1257,#1258,#1259,#1260,#1261,#1262,#1263,#1264,#1265,
#1266,#1267,#1268,#1269),(#1270,#1271,#1272,#1273,#1274,#1275,#1276,#1277,
#1278,#1279,#1280,#1281,#1282,#1283,#1284,#1285,#1286,#1287,#1288,#1289,
#1290,#1291,#1292,#1293,#1294,#1295,#1296,#1297,#1298,#1299,#1300,#1301,
#1302,#1303,#1304)),.UNSPECIFIED.,.F.,.F.,.F.,(4,4),(4,1,1,1,1,1,1,1,1,
1,1,1,1,1,1,1,1,1,1,1,1,1,1,1,1,1,1,1,1,1,1,1,4),(0.,0.193649483434549),
(0.,0.473925912242253,0.947851824484505,1.42177773672676,1.89570364896901,
2.36962956121126,2.84355547345352,3.31748138569577,3.79140729793802,4.26533321018027,
4.73925912242253,5.21318503466478,5.68711094690703,6.16103685914928,6.63496277139154,
7.10888868363379,7.58281459587604,8.05674050811829,8.53066642036055,9.0045923326028,
9.47851824484505,9.9524441570873,10.4263700693296,10.9002959815718,11.3742218938141,
11.8481478060563,12.3220737182986,12.7959996305408,13.2699255427831,13.7438514550253,
14.2177773672676,14.6917032795098,15.1656291917521),.UNSPECIFIED.);
#18=TOROIDAL_SURFACE('',#377,24.,1.);
#19=TOROIDAL_SURFACE('',#383,7.,2.);
#20=TOROIDAL_SURFACE('',#394,7.,2.);
#21=TOROIDAL_SURFACE('',#401,7.,2.);
#22=TOROIDAL_SURFACE('',#403,7.,2.);
#23=TOROIDAL_SURFACE('',#409,20.5,1.);
#24=FACE_BOUND('',#59,.T.);
#25=FACE_BOUND('',#62,.T.);
#26=FACE_BOUND('',#63,.T.);
#27=FACE_BOUND('',#66,.T.);
#28=FACE_BOUND('',#67,.T.);
#29=PLANE('',#375);
#30=PLANE('',#380);
#31=PLANE('',#388);
#32=PLANE('',#406);
#33=CONICAL_SURFACE('',#368,24.,0.785398163397449);
#34=CONICAL_SURFACE('',#410,19.,0.785398163397449);
#35=FACE_OUTER_BOUND('',#55,.T.);
#36=FACE_OUTER_BOUND('',#56,.T.);
#37=FACE_OUTER_BOUND('',#57,.T.);
#38=FACE_OUTER_BOUND('',#58,.T.);
#39=FACE_OUTER_BOUND('',#60,.T.);
#40=FACE_OUTER_BOUND('',#61,.T.);
#41=FACE_OUTER_BOUND('',#64,.T.);
#42=FACE_OUTER_BOUND('',#65,.T.);
#43=FACE_OUTER_BOUND('',#68,.T.);
#44=FACE_OUTER_BOUND('',#69,.T.);
#45=FACE_OUTER_BOUND('',#70,.T.);
#46=FACE_OUTER_BOUND('',#71,.T.);
#47=FACE_OUTER_BOUND('',#72,.T.);
#48=FACE_OUTER_BOUND('',#73,.T.);
#49=FACE_OUTER_BOUND('',#74,.T.);
#50=FACE_OUTER_BOUND('',#75,.T.);
#51=FACE_OUTER_BOUND('',#76,.T.);
#52=FACE_OUTER_BOUND('',#77,.T.);
#53=FACE_OUTER_BOUND('',#78,.T.);
#54=FACE_OUTER_BOUND('',#79,.T.);
#55=EDGE_LOOP('',(#219,#220,#221,#222));
#56=EDGE_LOOP('',(#223,#224,#225,#226,#227));
#57=EDGE_LOOP('',(#228,#229,#230,#231,#232,#233));
#58=EDGE_LOOP('',(#234));
#59=EDGE_LOOP('',(#235,#236,#237,#238));
#60=EDGE_LOOP('',(#239,#240,#241,#242,#243));
#61=EDGE_LOOP('',(#244));
#62=EDGE_LOOP('',(#245));
#63=EDGE_LOOP('',(#246));
#64=EDGE_LOOP('',(#247,#248,#249,#250,#251));
#65=EDGE_LOOP('',(#252));
#66=EDGE_LOOP('',(#253));
#67=EDGE_LOOP('',(#254));
#68=EDGE_LOOP('',(#255,#256,#257,#258,#259,#260));
#69=EDGE_LOOP('',(#261,#262,#263,#264,#265));
#70=EDGE_LOOP('',(#266,#267,#268,#269,#270,#271));
#71=EDGE_LOOP('',(#272,#273,#274,#275,#276));
#72=EDGE_LOOP('',(#277,#278,#279,#280,#281));
#73=EDGE_LOOP('',(#282,#283,#284,#285));
#74=EDGE_LOOP('',(#286,#287,#288,#289,#290));
#75=EDGE_LOOP('',(#291,#292,#293,#294,#295,#296,#297,#298));
#76=EDGE_LOOP('',(#299,#300,#301,#302,#303));
#77=EDGE_LOOP('',(#304,#305,#306,#307));
#78=EDGE_LOOP('',(#308,#309,#310));
#79=EDGE_LOOP('',(#311,#312,#313,#314,#315,#316));
#80=CIRCLE('',#366,19.5);
#81=CIRCLE('',#367,19.5);
#82=CIRCLE('',#369,25.);
#83=CIRCLE('',#370,25.);
#84=CIRCLE('',#371,23.);
#85=CIRCLE('',#373,25.);
#86=CIRCLE('',#374,25.);
#87=CIRCLE('',#376,20.5);
#88=CIRCLE('',#378,1.);
#89=CIRCLE('',#379,24.);
#90=CIRCLE('',#381,7.);
#91=CIRCLE('',#382,7.);
#92=CIRCLE('',#384,7.);
#93=CIRCLE('',#385,2.);
#94=CIRCLE('',#386,5.);
#95=CIRCLE('',#387,5.);
#96=CIRCLE('',#389,18.5);
#97=CIRCLE('',#390,7.);
#98=CIRCLE('',#392,5.);
#99=CIRCLE('',#393,5.);
#100=CIRCLE('',#395,2.);
#101=CIRCLE('',#396,5.);
#102=CIRCLE('',#397,5.);
#103=CIRCLE('',#399,5.);
#104=CIRCLE('',#400,5.);
#105=CIRCLE('',#402,2.);
#106=CIRCLE('',#404,2.);
#107=CIRCLE('',#405,0.249999999999993);
#108=CIRCLE('',#408,19.5);
#109=B_SPLINE_CURVE_WITH_KNOTS('',3,(#520,#521,#522,#523,#524,#525,#526,
#527,#528,#529,#530,#531,#532,#533,#534,#535,#536,#537,#538,#539,#540,#541,
#542,#543,#544,#545,#546,#547,#548,#549,#550),.UNSPECIFIED.,.F.,.F.,(4,
3,3,3,3,3,3,3,3,3,4),(-4.71238898038469,-4.26533321018027,-3.79140729793802,
-3.31748138569577,-2.84355547345352,-2.36962956121126,-1.89570364896901,
-1.42177773672676,-0.947851824484505,-0.473925912242253,0.),
 .UNSPECIFIED.);
#110=B_SPLINE_CURVE_WITH_KNOTS('',3,(#571,#572,#573,#574,#575,#576,#577,
#578,#579,#580,#581,#582,#583,#584,#585,#586,#587,#588,#589,#590,#591,#592,
#593,#594,#595,#596,#597,#598,#599,#600,#601,#602,#603,#604,#605,#606,#607,
#608,#609,#610,#611,#612,#613,#614,#615,#616,#617,#618,#619,#620,#621,#622,
#623,#624,#625,#626,#627,#628,#629,#630,#631),.UNSPECIFIED.,.F.,.F.,(4,
3,3,3,3,3,3,3,3,3,3,3,3,3,3,3,3,3,3,3,4),(0.,0.128955395626737,0.258870300782843,
0.388994067740326,0.518559614852495,0.64641365226552,0.738076950715315,
0.799445116270607,0.813463847233386,0.824831161071019,0.952625817909287,
1.08153614748382,1.21095168477024,1.33980563684662,1.46771679579875,1.59384219769937,
1.61160618044635,1.62934403471288,1.71996759959999,1.84704808851543,1.90703531968212),
 .UNSPECIFIED.);
#111=B_SPLINE_CURVE_WITH_KNOTS('',3,(#635,#636,#637,#638,#639,#640,#641,
#642,#643,#644,#645,#646,#647,#648,#649,#650,#651,#652,#653,#654,#655,#656,
#657,#658,#659,#660,#661,#662,#663,#664,#665,#666,#667,#668,#669,#670,#671,
#672,#673,#674,#675,#676,#677,#678,#679,#680,#681,#682,#683,#684,#685,#686,
#687,#688,#689,#690,#691,#692,#693,#694,#695,#696,#697,#698),
 .UNSPECIFIED.,.F.,.F.,(4,3,3,3,3,3,3,3,3,3,3,3,3,3,3,3,3,3,3,3,3,4),(4.38234218973407,
4.5106773144067,4.60710464500429,4.65167846406054,4.67500799545044,4.69124076338539,
4.70271530581624,4.83051180947914,4.95963893801591,5.0888790225597,5.21734722367735,
5.28209595918747,5.40763324075097,5.462555801435,5.49253149148651,5.50623928150428,
5.63431361440538,5.76361747419544,5.89431165857045,6.02408318938688,6.15523870054117,
6.28639421169546),.UNSPECIFIED.);
#112=B_SPLINE_CURVE_WITH_KNOTS('',3,(#699,#700,#701,#702,#703,#704,#705,
#706),.UNSPECIFIED.,.F.,.F.,(4,2,2,4),(0.,0.702303110621274,1.1698641289443,
1.56106779259891),.UNSPECIFIED.);
#113=B_SPLINE_CURVE_WITH_KNOTS('',3,(#907,#908,#909,#910,#911,#912,#913,
#914,#915,#916,#917,#918,#919,#920,#921,#922,#923,#924,#925,#926,#927,#928,
#929,#930,#931,#932,#933,#934,#935,#936),.UNSPECIFIED.,.F.,.F.,(4,1,1,1,
1,1,1,1,1,1,1,1,1,1,1,1,1,1,1,1,1,1,1,1,1,1,1,4),(0.,0.478249809084818,
0.956499618169636,1.43474942725445,1.91299923633927,2.39124904542409,2.86949885450891,
3.34774866359373,3.82599847267854,4.30424828176336,4.78249809084818,5.260747899933,
5.73899770901782,6.21724751810263,6.69549732718745,7.17374713627227,7.65199694535709,
8.13024675444191,8.60849656352673,9.08674637261154,9.56499618169636,10.0432459907812,
10.521495799866,10.9997456089508,11.4779954180356,11.9562452271205,12.4344950362053,
12.5271242678958),.UNSPECIFIED.);
#114=B_SPLINE_CURVE_WITH_KNOTS('',3,(#939,#940,#941,#942,#943,#944,#945,
#946,#947,#948,#949,#950,#951,#952,#953,#954,#955,#956,#957,#958,#959,#960,
#961,#962,#963,#964,#965,#966,#967,#968,#969),.UNSPECIFIED.,.F.,.F.,(4,
1,1,1,1,1,1,1,1,1,1,1,1,1,1,1,1,1,1,1,1,1,1,1,1,1,1,1,4),(0.,0.478249809084818,
0.956499618169636,1.43474942725445,1.91299923633927,2.39124904542409,2.86949885450891,
3.34774866359373,3.82599847267854,4.30424828176336,4.78249809084818,5.260747899933,
5.73899770901782,6.21724751810263,6.69549732718745,7.17374713627227,7.65199694535709,
8.13024675444191,8.60849656352673,9.08674637261154,9.56499618169636,10.0432459907812,
10.521495799866,10.9997456089508,11.4779954180356,11.9562452271205,12.4344950362053,
12.9127448452901,13.3909946543749),.UNSPECIFIED.);
#115=B_SPLINE_CURVE_WITH_KNOTS('',3,(#1087,#1088,#1089,#1090,#1091,#1092,
#1093,#1094,#1095,#1096,#1097,#1098,#1099,#1100,#1101,#1102,#1103,#1104),
 .UNSPECIFIED.,.F.,.F.,(4,2,2,2,2,2,2,2,4),(3.4139471194668,3.91115723381271,
4.6432300338553,5.38142817969705,6.12447562655768,6.87121437316106,7.62028489074901,
8.36960151070364,9.03833690164513),.UNSPECIFIED.);
#116=B_SPLINE_CURVE_WITH_KNOTS('',3,(#1106,#1107,#1108,#1109,#1110,#1111,
#1112,#1113,#1114,#1115,#1116,#1117,#1118,#1119,#1120,#1121,#1122,#1123,
#1124,#1125,#1126,#1127,#1128,#1129,#1130,#1131,#1132,#1133,#1134,#1135,
#1136,#1137,#1138,#1139,#1140,#1141,#1142,#1143,#1144,#1145,#1146,#1147,
#1148,#1149,#1150,#1151,#1152,#1153,#1154,#1155,#1156,#1157,#1158,#1159,
#1160,#1161,#1162,#1163),.UNSPECIFIED.,.F.,.F.,(4,3,3,3,3,3,3,3,3,3,3,3,
3,3,3,3,3,3,3,4),(7.41956307746723,7.68884772365431,8.64014134802501,9.59143497239571,
10.5427285967664,11.4940222211371,12.4453158455078,13.3966094698785,14.3479030942492,
15.2991967186199,16.2504903429906,17.2017839673613,18.153077591732,19.1043712161027,
20.0556648404734,21.0069584648441,21.9582520892148,22.9095457135855,23.8608393379562,
24.8121329623269),.UNSPECIFIED.);
#117=B_SPLINE_CURVE_WITH_KNOTS('',3,(#1307,#1308,#1309,#1310,#1311,#1312,
#1313,#1314,#1315,#1316,#1317,#1318,#1319,#1320,#1321,#1322),
 .UNSPECIFIED.,.F.,.F.,(4,3,3,3,3,4),(-6.28318530717959,-6.16103685914928,
-5.68711094690703,-5.21318503466478,-4.73925912242253,-4.71238898038469),
 .UNSPECIFIED.);
#118=B_SPLINE_CURVE_WITH_KNOTS('',3,(#1323,#1324,#1325,#1326),
 .UNSPECIFIED.,.F.,.F.,(4,4),(0.169137162521786,0.193649483434549),
 .UNSPECIFIED.);
#119=B_SPLINE_CURVE_WITH_KNOTS('',3,(#1327,#1328,#1329,#1330,#1331,#1332,
#1333,#1334,#1335,#1336,#1337,#1338,#1339,#1340,#1341,#1342,#1343,#1344,
#1345,#1346,#1347,#1348,#1349,#1350,#1351,#1352,#1353,#1354,#1355,#1356),
 .UNSPECIFIED.,.F.,.F.,(4,2,2,2,2,2,2,2,2,2,2,2,2,2,4),(2.36044821296944,
2.99378564178669,3.65666711096685,4.19770140195641,4.35634912522831,4.4026779433954,
4.42047856943762,4.42763613294964,4.4322821852886,4.43644800288614,4.44157345677962,
4.45079379468358,4.47402927697653,4.55114399217121,4.7958314262026),
 .UNSPECIFIED.);
#120=LINE('',#518,#129);
#121=LINE('',#560,#130);
#122=LINE('',#566,#131);
#123=LINE('',#733,#132);
#124=LINE('',#745,#133);
#125=LINE('',#1164,#134);
#126=LINE('',#1305,#135);
#127=LINE('',#1358,#136);
#128=LINE('',#1363,#137);
#129=VECTOR('',#415,19.5);
#130=VECTOR('',#426,24.);
#131=VECTOR('',#433,25.);
#132=VECTOR('',#472,5.);
#133=VECTOR('',#487,5.);
#134=VECTOR('',#500,10.);
#135=VECTOR('',#501,10.);
#136=VECTOR('',#504,10.);
#137=VECTOR('',#513,19.);
#138=VERTEX_POINT('',#516);
#139=VERTEX_POINT('',#517);
#140=VERTEX_POINT('',#519);
#141=VERTEX_POINT('',#551);
#142=VERTEX_POINT('',#555);
#143=VERTEX_POINT('',#556);
#144=VERTEX_POINT('',#559);
#145=VERTEX_POINT('',#563);
#146=VERTEX_POINT('',#564);
#147=VERTEX_POINT('',#569);
#148=VERTEX_POINT('',#570);
#149=VERTEX_POINT('',#632);
#150=VERTEX_POINT('',#634);
#151=VERTEX_POINT('',#708);
#152=VERTEX_POINT('',#712);
#153=VERTEX_POINT('',#714);
#154=VERTEX_POINT('',#717);
#155=VERTEX_POINT('',#719);
#156=VERTEX_POINT('',#721);
#157=VERTEX_POINT('',#725);
#158=VERTEX_POINT('',#727);
#159=VERTEX_POINT('',#730);
#160=VERTEX_POINT('',#731);
#161=VERTEX_POINT('',#736);
#162=VERTEX_POINT('',#738);
#163=VERTEX_POINT('',#742);
#164=VERTEX_POINT('',#743);
#165=VERTEX_POINT('',#906);
#166=VERTEX_POINT('',#937);
#167=VERTEX_POINT('',#1086);
#168=VERTEX_POINT('',#1105);
#169=VERTEX_POINT('',#1306);
#170=EDGE_CURVE('',#138,#139,#120,.T.);
#171=EDGE_CURVE('',#138,#140,#109,.T.);
#172=EDGE_CURVE('',#141,#140,#80,.T.);
#173=EDGE_CURVE('',#139,#141,#81,.T.);
#174=EDGE_CURVE('',#142,#143,#82,.T.);
#175=EDGE_CURVE('',#143,#142,#83,.T.);
#176=EDGE_CURVE('',#142,#144,#121,.T.);
#177=EDGE_CURVE('',#144,#144,#84,.T.);
#178=EDGE_CURVE('',#145,#146,#85,.T.);
#179=EDGE_CURVE('',#145,#143,#122,.T.);
#180=EDGE_CURVE('',#146,#145,#86,.T.);
#181=EDGE_CURVE('',#147,#148,#110,.T.);
#182=EDGE_CURVE('',#149,#148,#87,.T.);
#183=EDGE_CURVE('',#149,#150,#111,.T.);
#184=EDGE_CURVE('',#150,#147,#112,.T.);
#185=EDGE_CURVE('',#146,#151,#88,.T.);
#186=EDGE_CURVE('',#151,#151,#89,.T.);
#187=EDGE_CURVE('',#152,#152,#90,.T.);
#188=EDGE_CURVE('',#153,#153,#91,.T.);
#189=EDGE_CURVE('',#154,#154,#92,.T.);
#190=EDGE_CURVE('',#154,#155,#93,.T.);
#191=EDGE_CURVE('',#155,#156,#94,.T.);
#192=EDGE_CURVE('',#156,#155,#95,.T.);
#193=EDGE_CURVE('',#157,#157,#96,.T.);
#194=EDGE_CURVE('',#158,#158,#97,.T.);
#195=EDGE_CURVE('',#159,#160,#98,.T.);
#196=EDGE_CURVE('',#159,#156,#123,.T.);
#197=EDGE_CURVE('',#160,#159,#99,.T.);
#198=EDGE_CURVE('',#158,#161,#100,.T.);
#199=EDGE_CURVE('',#161,#162,#101,.T.);
#200=EDGE_CURVE('',#162,#161,#102,.T.);
#201=EDGE_CURVE('',#163,#164,#103,.T.);
#202=EDGE_CURVE('',#163,#162,#124,.T.);
#203=EDGE_CURVE('',#164,#163,#104,.T.);
#204=EDGE_CURVE('',#152,#160,#105,.T.);
#205=EDGE_CURVE('',#153,#164,#106,.T.);
#206=EDGE_CURVE('',#165,#150,#113,.T.);
#207=EDGE_CURVE('',#165,#166,#107,.T.);
#208=EDGE_CURVE('',#166,#147,#114,.T.);
#209=EDGE_CURVE('',#167,#149,#115,.T.);
#210=EDGE_CURVE('',#167,#168,#116,.T.);
#211=EDGE_CURVE('',#168,#165,#125,.T.);
#212=EDGE_CURVE('',#166,#140,#126,.T.);
#213=EDGE_CURVE('',#169,#138,#117,.T.);
#214=EDGE_CURVE('',#168,#169,#118,.T.);
#215=EDGE_CURVE('',#148,#167,#119,.T.);
#216=EDGE_CURVE('',#140,#169,#127,.T.);
#217=EDGE_CURVE('',#140,#139,#108,.T.);
#218=EDGE_CURVE('',#141,#157,#128,.T.);
#219=ORIENTED_EDGE('',*,*,#170,.F.);
#220=ORIENTED_EDGE('',*,*,#171,.T.);
#221=ORIENTED_EDGE('',*,*,#172,.F.);
#222=ORIENTED_EDGE('',*,*,#173,.F.);
#223=ORIENTED_EDGE('',*,*,#174,.T.);
#224=ORIENTED_EDGE('',*,*,#175,.T.);
#225=ORIENTED_EDGE('',*,*,#176,.T.);
#226=ORIENTED_EDGE('',*,*,#177,.T.);
#227=ORIENTED_EDGE('',*,*,#176,.F.);
#228=ORIENTED_EDGE('',*,*,#178,.F.);
#229=ORIENTED_EDGE('',*,*,#179,.T.);
#230=ORIENTED_EDGE('',*,*,#174,.F.);
#231=ORIENTED_EDGE('',*,*,#175,.F.);
#232=ORIENTED_EDGE('',*,*,#179,.F.);
#233=ORIENTED_EDGE('',*,*,#180,.F.);
#234=ORIENTED_EDGE('',*,*,#177,.F.);
#235=ORIENTED_EDGE('',*,*,#181,.T.);
#236=ORIENTED_EDGE('',*,*,#182,.F.);
#237=ORIENTED_EDGE('',*,*,#183,.T.);
#238=ORIENTED_EDGE('',*,*,#184,.T.);
#239=ORIENTED_EDGE('',*,*,#178,.T.);
#240=ORIENTED_EDGE('',*,*,#185,.T.);
#241=ORIENTED_EDGE('',*,*,#186,.T.);
#242=ORIENTED_EDGE('',*,*,#185,.F.);
#243=ORIENTED_EDGE('',*,*,#180,.T.);
#244=ORIENTED_EDGE('',*,*,#186,.F.);
#245=ORIENTED_EDGE('',*,*,#187,.F.);
#246=ORIENTED_EDGE('',*,*,#188,.F.);
#247=ORIENTED_EDGE('',*,*,#189,.T.);
#248=ORIENTED_EDGE('',*,*,#190,.T.);
#249=ORIENTED_EDGE('',*,*,#191,.T.);
#250=ORIENTED_EDGE('',*,*,#192,.T.);
#251=ORIENTED_EDGE('',*,*,#190,.F.);
#252=ORIENTED_EDGE('',*,*,#193,.F.);
#253=ORIENTED_EDGE('',*,*,#194,.F.);
#254=ORIENTED_EDGE('',*,*,#189,.F.);
#255=ORIENTED_EDGE('',*,*,#195,.F.);
#256=ORIENTED_EDGE('',*,*,#196,.T.);
#257=ORIENTED_EDGE('',*,*,#191,.F.);
#258=ORIENTED_EDGE('',*,*,#192,.F.);
#259=ORIENTED_EDGE('',*,*,#196,.F.);
#260=ORIENTED_EDGE('',*,*,#197,.F.);
#261=ORIENTED_EDGE('',*,*,#194,.T.);
#262=ORIENTED_EDGE('',*,*,#198,.T.);
#263=ORIENTED_EDGE('',*,*,#199,.T.);
#264=ORIENTED_EDGE('',*,*,#200,.T.);
#265=ORIENTED_EDGE('',*,*,#198,.F.);
#266=ORIENTED_EDGE('',*,*,#201,.F.);
#267=ORIENTED_EDGE('',*,*,#202,.T.);
#268=ORIENTED_EDGE('',*,*,#199,.F.);
#269=ORIENTED_EDGE('',*,*,#200,.F.);
#270=ORIENTED_EDGE('',*,*,#202,.F.);
#271=ORIENTED_EDGE('',*,*,#203,.F.);
#272=ORIENTED_EDGE('',*,*,#187,.T.);
#273=ORIENTED_EDGE('',*,*,#204,.T.);
#274=ORIENTED_EDGE('',*,*,#197,.T.);
#275=ORIENTED_EDGE('',*,*,#195,.T.);
#276=ORIENTED_EDGE('',*,*,#204,.F.);
#277=ORIENTED_EDGE('',*,*,#188,.T.);
#278=ORIENTED_EDGE('',*,*,#205,.T.);
#279=ORIENTED_EDGE('',*,*,#203,.T.);
#280=ORIENTED_EDGE('',*,*,#201,.T.);
#281=ORIENTED_EDGE('',*,*,#205,.F.);
#282=ORIENTED_EDGE('',*,*,#184,.F.);
#283=ORIENTED_EDGE('',*,*,#206,.F.);
#284=ORIENTED_EDGE('',*,*,#207,.T.);
#285=ORIENTED_EDGE('',*,*,#208,.T.);
#286=ORIENTED_EDGE('',*,*,#183,.F.);
#287=ORIENTED_EDGE('',*,*,#209,.F.);
#288=ORIENTED_EDGE('',*,*,#210,.T.);
#289=ORIENTED_EDGE('',*,*,#211,.T.);
#290=ORIENTED_EDGE('',*,*,#206,.T.);
#291=ORIENTED_EDGE('',*,*,#181,.F.);
#292=ORIENTED_EDGE('',*,*,#208,.F.);
#293=ORIENTED_EDGE('',*,*,#212,.T.);
#294=ORIENTED_EDGE('',*,*,#171,.F.);
#295=ORIENTED_EDGE('',*,*,#213,.F.);
#296=ORIENTED_EDGE('',*,*,#214,.F.);
#297=ORIENTED_EDGE('',*,*,#210,.F.);
#298=ORIENTED_EDGE('',*,*,#215,.F.);
#299=ORIENTED_EDGE('',*,*,#214,.T.);
#300=ORIENTED_EDGE('',*,*,#216,.F.);
#301=ORIENTED_EDGE('',*,*,#212,.F.);
#302=ORIENTED_EDGE('',*,*,#207,.F.);
#303=ORIENTED_EDGE('',*,*,#211,.F.);
#304=ORIENTED_EDGE('',*,*,#170,.T.);
#305=ORIENTED_EDGE('',*,*,#217,.F.);
#306=ORIENTED_EDGE('',*,*,#216,.T.);
#307=ORIENTED_EDGE('',*,*,#213,.T.);
#308=ORIENTED_EDGE('',*,*,#215,.T.);
#309=ORIENTED_EDGE('',*,*,#209,.T.);
#310=ORIENTED_EDGE('',*,*,#182,.T.);
#311=ORIENTED_EDGE('',*,*,#217,.T.);
#312=ORIENTED_EDGE('',*,*,#173,.T.);
#313=ORIENTED_EDGE('',*,*,#218,.T.);
#314=ORIENTED_EDGE('',*,*,#193,.T.);
#315=ORIENTED_EDGE('',*,*,#218,.F.);
#316=ORIENTED_EDGE('',*,*,#172,.T.);
#317=CYLINDRICAL_SURFACE('',#365,19.5);
#318=CYLINDRICAL_SURFACE('',#372,25.);
#319=CYLINDRICAL_SURFACE('',#391,5.);
#320=CYLINDRICAL_SURFACE('',#398,5.);
#321=CYLINDRICAL_SURFACE('',#407,19.5);
#322=ADVANCED_FACE('',(#35),#317,.T.);
#323=ADVANCED_FACE('',(#36),#33,.T.);
#324=ADVANCED_FACE('',(#37),#318,.T.);
#325=ADVANCED_FACE('',(#38,#24),#29,.F.);
#326=ADVANCED_FACE('',(#39),#18,.T.);
#327=ADVANCED_FACE('',(#40,#25,#26),#30,.T.);
#328=ADVANCED_FACE('',(#41),#19,.T.);
#329=ADVANCED_FACE('',(#42,#27,#28),#31,.F.);
#330=ADVANCED_FACE('',(#43),#319,.F.);
#331=ADVANCED_FACE('',(#44),#20,.T.);
#332=ADVANCED_FACE('',(#45),#320,.F.);
#333=ADVANCED_FACE('',(#46),#21,.T.);
#334=ADVANCED_FACE('',(#47),#22,.T.);
#335=ADVANCED_FACE('',(#48),#15,.T.);
#336=ADVANCED_FACE('',(#49),#16,.T.);
#337=ADVANCED_FACE('',(#50),#17,.T.);
#338=ADVANCED_FACE('',(#51),#32,.T.);
#339=ADVANCED_FACE('',(#52),#321,.T.);
#340=ADVANCED_FACE('',(#53),#23,.F.);
#341=ADVANCED_FACE('',(#54),#34,.T.);
#342=CLOSED_SHELL('',(#322,#323,#324,#325,#326,#327,#328,#329,#330,#331,
#332,#333,#334,#335,#336,#337,#338,#339,#340,#341));
#343=DERIVED_UNIT_ELEMENT(#346,1.);
#344=DERIVED_UNIT_ELEMENT(#1369,-3.);
#345=DIMENSIONAL_EXPONENTS(0.,1.,0.,0.,0.,0.,0.);
#346=(
CONVERSION_BASED_UNIT('gram',#348)
MASS_UNIT()
NAMED_UNIT(#345)
);
#347=(
MASS_UNIT()
NAMED_UNIT(*)
SI_UNIT(.KILO.,.GRAM.)
);
#348=MASS_MEASURE_WITH_UNIT(MASS_MEASURE(0.001),#347);
#349=DERIVED_UNIT((#343,#344));
#350=MEASURE_REPRESENTATION_ITEM('density measure',
POSITIVE_RATIO_MEASURE(1.),#349);
#351=PROPERTY_DEFINITION_REPRESENTATION(#356,#353);
#352=PROPERTY_DEFINITION_REPRESENTATION(#357,#354);
#353=REPRESENTATION('material name',(#355),#1366);
#354=REPRESENTATION('density',(#350),#1366);
#355=DESCRIPTIVE_REPRESENTATION_ITEM('Generic','Generic');
#356=PROPERTY_DEFINITION('material property','material name',#1376);
#357=PROPERTY_DEFINITION('material property','density of part',#1376);
#358=DATE_TIME_ROLE('creation_date');
#359=APPLIED_DATE_AND_TIME_ASSIGNMENT(#360,#358,(#1376));
#360=DATE_AND_TIME(#361,#362);
#361=CALENDAR_DATE(2026,20,1);
#362=LOCAL_TIME(0,0,0.,#363);
#363=COORDINATED_UNIVERSAL_TIME_OFFSET(0,0,.BEHIND.);
#364=AXIS2_PLACEMENT_3D('',#514,#411,#412);
#365=AXIS2_PLACEMENT_3D('',#515,#413,#414);
#366=AXIS2_PLACEMENT_3D('',#552,#416,#417);
#367=AXIS2_PLACEMENT_3D('',#553,#418,#419);
#368=AXIS2_PLACEMENT_3D('',#554,#420,#421);
#369=AXIS2_PLACEMENT_3D('',#557,#422,#423);
#370=AXIS2_PLACEMENT_3D('',#558,#424,#425);
#371=AXIS2_PLACEMENT_3D('',#561,#427,#428);
#372=AXIS2_PLACEMENT_3D('',#562,#429,#430);
#373=AXIS2_PLACEMENT_3D('',#565,#431,#432);
#374=AXIS2_PLACEMENT_3D('',#567,#434,#435);
#375=AXIS2_PLACEMENT_3D('',#568,#436,#437);
#376=AXIS2_PLACEMENT_3D('',#633,#438,#439);
#377=AXIS2_PLACEMENT_3D('',#707,#440,#441);
#378=AXIS2_PLACEMENT_3D('',#709,#442,#443);
#379=AXIS2_PLACEMENT_3D('',#710,#444,#445);
#380=AXIS2_PLACEMENT_3D('',#711,#446,#447);
#381=AXIS2_PLACEMENT_3D('',#713,#448,#449);
#382=AXIS2_PLACEMENT_3D('',#715,#450,#451);
#383=AXIS2_PLACEMENT_3D('',#716,#452,#453);
#384=AXIS2_PLACEMENT_3D('',#718,#454,#455);
#385=AXIS2_PLACEMENT_3D('',#720,#456,#457);
#386=AXIS2_PLACEMENT_3D('',#722,#458,#459);
#387=AXIS2_PLACEMENT_3D('',#723,#460,#461);
#388=AXIS2_PLACEMENT_3D('',#724,#462,#463);
#389=AXIS2_PLACEMENT_3D('',#726,#464,#465);
#390=AXIS2_PLACEMENT_3D('',#728,#466,#467);
#391=AXIS2_PLACEMENT_3D('',#729,#468,#469);
#392=AXIS2_PLACEMENT_3D('',#732,#470,#471);
#393=AXIS2_PLACEMENT_3D('',#734,#473,#474);
#394=AXIS2_PLACEMENT_3D('',#735,#475,#476);
#395=AXIS2_PLACEMENT_3D('',#737,#477,#478);
#396=AXIS2_PLACEMENT_3D('',#739,#479,#480);
#397=AXIS2_PLACEMENT_3D('',#740,#481,#482);
#398=AXIS2_PLACEMENT_3D('',#741,#483,#484);
#399=AXIS2_PLACEMENT_3D('',#744,#485,#486);
#400=AXIS2_PLACEMENT_3D('',#746,#488,#489);
#401=AXIS2_PLACEMENT_3D('',#747,#490,#491);
#402=AXIS2_PLACEMENT_3D('',#748,#492,#493);
#403=AXIS2_PLACEMENT_3D('',#749,#494,#495);
#404=AXIS2_PLACEMENT_3D('',#750,#496,#497);
#405=AXIS2_PLACEMENT_3D('',#938,#498,#499);
#406=AXIS2_PLACEMENT_3D('',#1357,#502,#503);
#407=AXIS2_PLACEMENT_3D('',#1359,#505,#506);
#408=AXIS2_PLACEMENT_3D('',#1360,#507,#508);
#409=AXIS2_PLACEMENT_3D('',#1361,#509,#510);
#410=AXIS2_PLACEMENT_3D('',#1362,#511,#512);
#411=DIRECTION('axis',(0.,0.,1.));
#412=DIRECTION('refdir',(1.,0.,0.));
#413=DIRECTION('center_axis',(0.,1.,0.));
#414=DIRECTION('ref_axis',(-0.707104130577209,0.,0.70710943178595));
#415=DIRECTION('',(0.,-1.,0.));
#416=DIRECTION('center_axis',(0.,-1.,0.));
#417=DIRECTION('ref_axis',(1.,0.,0.));
#418=DIRECTION('center_axis',(0.,-1.,0.));
#419=DIRECTION('ref_axis',(1.,0.,0.));
#420=DIRECTION('center_axis',(0.,1.,0.));
#421=DIRECTION('ref_axis',(-1.,0.,0.));
#422=DIRECTION('center_axis',(0.,-1.,0.));
#423=DIRECTION('ref_axis',(-1.,0.,0.));
#424=DIRECTION('center_axis',(0.,-1.,0.));
#425=DIRECTION('ref_axis',(-1.,0.,0.));
#426=DIRECTION('',(-0.707106781186548,-0.707106781186547,8.65956056235494E-17));
#427=DIRECTION('center_axis',(0.,1.,0.));
#428=DIRECTION('ref_axis',(-1.,0.,0.));
#429=DIRECTION('center_axis',(0.,1.,0.));
#430=DIRECTION('ref_axis',(1.,0.,0.));
#431=DIRECTION('center_axis',(0.,1.,0.));
#432=DIRECTION('ref_axis',(1.,0.,0.));
#433=DIRECTION('',(0.,-1.,0.));
#434=DIRECTION('center_axis',(0.,1.,0.));
#435=DIRECTION('ref_axis',(1.,0.,0.));
#436=DIRECTION('center_axis',(0.,1.,0.));
#437=DIRECTION('ref_axis',(0.,0.,1.));
#438=DIRECTION('center_axis',(0.,-1.,0.));
#439=DIRECTION('ref_axis',(1.,0.,1.22464679914735E-16));
#440=DIRECTION('center_axis',(0.,-1.,0.));
#441=DIRECTION('ref_axis',(0.,0.,-1.));
#442=DIRECTION('center_axis',(-1.,0.,-1.22464679914735E-16));
#443=DIRECTION('ref_axis',(-1.22464679914735E-16,0.,1.));
#444=DIRECTION('center_axis',(0.,-1.,0.));
#445=DIRECTION('ref_axis',(1.,0.,0.));
#446=DIRECTION('center_axis',(0.,1.,0.));
#447=DIRECTION('ref_axis',(0.,0.,1.));
#448=DIRECTION('center_axis',(0.,1.,0.));
#449=DIRECTION('ref_axis',(1.,0.,0.));
#450=DIRECTION('center_axis',(0.,1.,0.));
#451=DIRECTION('ref_axis',(1.,0.,0.));
#452=DIRECTION('center_axis',(0.,1.,0.));
#453=DIRECTION('ref_axis',(0.,0.,1.));
#454=DIRECTION('center_axis',(0.,-1.,0.));
#455=DIRECTION('ref_axis',(1.,0.,0.));
#456=DIRECTION('center_axis',(-1.,0.,1.2335811384724E-16));
#457=DIRECTION('ref_axis',(-1.2335811384724E-16,0.,-1.));
#458=DIRECTION('center_axis',(0.,1.,0.));
#459=DIRECTION('ref_axis',(1.,0.,0.));
#460=DIRECTION('center_axis',(0.,1.,0.));
#461=DIRECTION('ref_axis',(1.,0.,0.));
#462=DIRECTION('center_axis',(0.,1.,0.));
#463=DIRECTION('ref_axis',(0.,0.,1.));
#464=DIRECTION('center_axis',(0.,1.,0.));
#465=DIRECTION('ref_axis',(1.,0.,0.));
#466=DIRECTION('center_axis',(0.,-1.,0.));
#467=DIRECTION('ref_axis',(1.,0.,0.));
#468=DIRECTION('center_axis',(0.,-1.,0.));
#469=DIRECTION('ref_axis',(1.,0.,0.));
#470=DIRECTION('center_axis',(0.,-1.,0.));
#471=DIRECTION('ref_axis',(1.,0.,0.));
#472=DIRECTION('',(0.,-1.,0.));
#473=DIRECTION('center_axis',(0.,-1.,0.));
#474=DIRECTION('ref_axis',(1.,0.,0.));
#475=DIRECTION('center_axis',(0.,1.,0.));
#476=DIRECTION('ref_axis',(0.,0.,1.));
#477=DIRECTION('center_axis',(-1.,0.,0.));
#478=DIRECTION('ref_axis',(0.,0.,-1.));
#479=DIRECTION('center_axis',(0.,1.,0.));
#480=DIRECTION('ref_axis',(1.,0.,0.));
#481=DIRECTION('center_axis',(0.,1.,0.));
#482=DIRECTION('ref_axis',(1.,0.,0.));
#483=DIRECTION('center_axis',(0.,-1.,0.));
#484=DIRECTION('ref_axis',(1.,0.,0.));
#485=DIRECTION('center_axis',(0.,-1.,0.));
#486=DIRECTION('ref_axis',(1.,0.,0.));
#487=DIRECTION('',(0.,-1.,0.));
#488=DIRECTION('center_axis',(0.,-1.,0.));
#489=DIRECTION('ref_axis',(1.,0.,0.));
#490=DIRECTION('center_axis',(0.,-1.,0.));
#491=DIRECTION('ref_axis',(0.,0.,-1.));
#492=DIRECTION('center_axis',(-1.,0.,-1.2335811384724E-16));
#493=DIRECTION('ref_axis',(-1.2335811384724E-16,0.,1.));
#494=DIRECTION('center_axis',(0.,-1.,0.));
#495=DIRECTION('ref_axis',(0.,0.,-1.));
#496=DIRECTION('center_axis',(-1.,0.,0.));
#497=DIRECTION('ref_axis',(0.,0.,1.));
#498=DIRECTION('center_axis',(-1.,0.,0.));
#499=DIRECTION('ref_axis',(0.,0.733274907644437,0.679932283259916));
#500=DIRECTION('',(0.,-0.679930016885442,-0.733277009143313));
#501=DIRECTION('',(0.,-0.679932283259911,0.733274907644441));
#502=DIRECTION('center_axis',(1.,0.,0.));
#503=DIRECTION('ref_axis',(0.,0.,-1.));
#504=DIRECTION('',(0.,1.,0.));
#505=DIRECTION('center_axis',(0.,1.,0.));
#506=DIRECTION('ref_axis',(-1.,0.,0.));
#507=DIRECTION('center_axis',(0.,-1.,0.));
#508=DIRECTION('ref_axis',(1.,0.,0.));
#509=DIRECTION('center_axis',(0.,1.,0.));
#510=DIRECTION('ref_axis',(0.,0.,1.));
#511=DIRECTION('center_axis',(0.,1.,0.));
#512=DIRECTION('ref_axis',(1.,0.,0.));
#513=DIRECTION('',(0.707106781186548,-0.707106781186547,-8.65956056235494E-17));
#514=CARTESIAN_POINT('',(0.,0.,0.));
#515=CARTESIAN_POINT('Origin',(0.,0.,0.));
#516=CARTESIAN_POINT('',(19.5012384074784,3.,-0.000146201589711917));
#517=CARTESIAN_POINT('',(19.5,0.999999999999998,-2.38806125833734E-15));
#518=CARTESIAN_POINT('',(19.5,0.,-2.38806125833734E-15));
#519=CARTESIAN_POINT('',(0.,0.999999999999998,-19.5));
#520=CARTESIAN_POINT('Ctrl Pts',(19.5012384074784,3.,-0.000146201589711917));
#521=CARTESIAN_POINT('Ctrl Pts',(19.4999841259217,2.93675454607485,2.90513534953777));
#522=CARTESIAN_POINT('Ctrl Pts',(18.8408094973438,2.87350909214971,5.8109674879483));
#523=CARTESIAN_POINT('Ctrl Pts',(17.5848422829748,2.81026363822456,8.43068204698463));
#524=CARTESIAN_POINT('Ctrl Pts',(16.253385566637,2.74321683680884,11.2078536997247));
#525=CARTESIAN_POINT('Ctrl Pts',(14.2512402587819,2.67617003539312,13.6634801441503));
#526=CARTESIAN_POINT('Ctrl Pts',(11.7990797559516,2.60912323397739,15.5269057805883));
#527=CARTESIAN_POINT('Ctrl Pts',(9.34691925312138,2.54207643256167,17.3903314170264));
#528=CARTESIAN_POINT('Ctrl Pts',(6.44474355531608,2.47502963114594,18.6615562454771));
#529=CARTESIAN_POINT('Ctrl Pts',(3.4124128143079,2.40798282973021,19.2004800833059));
#530=CARTESIAN_POINT('Ctrl Pts',(0.380082073299728,2.34093602831449,19.7394039211348));
#531=CARTESIAN_POINT('Ctrl Pts',(-2.7824037109113,2.27388922689877,19.5460267683418));
#532=CARTESIAN_POINT('Ctrl Pts',(-5.72647064040519,2.20684242548304,18.6416420645244));
#533=CARTESIAN_POINT('Ctrl Pts',(-8.67053756989908,2.13979562406732,17.737257360707));
#534=CARTESIAN_POINT('Ctrl Pts',(-11.3961856446758,2.07274882265159,16.1218651058652));
#535=CARTESIAN_POINT('Ctrl Pts',(-13.6030347439321,2.00570202123587,13.9735485777167));
#536=CARTESIAN_POINT('Ctrl Pts',(-15.8098838431885,1.93865521982014,11.8252320495682));
#537=CARTESIAN_POINT('Ctrl Pts',(-17.4979339669243,1.87160841840442,9.14399124811301));
#538=CARTESIAN_POINT('Ctrl Pts',(-18.4810704112334,1.80456161698869,6.22526186697331));
#539=CARTESIAN_POINT('Ctrl Pts',(-19.4642068555425,1.73751481557297,3.3065324858336));
#540=CARTESIAN_POINT('Ctrl Pts',(-19.7424296204248,1.67046801415724,0.150314525009423));
#541=CARTESIAN_POINT('Ctrl Pts',(-19.2852027286121,1.60342121274152,-2.89535917388534));
#542=CARTESIAN_POINT('Ctrl Pts',(-18.8279758367994,1.53637441132579,-5.9410328727801));
#543=CARTESIAN_POINT('Ctrl Pts',(-17.6352992882917,1.46932760991007,-8.87616230974545));
#544=CARTESIAN_POINT('Ctrl Pts',(-15.8383628418632,1.40228080849435,-11.3775879197333));
#545=CARTESIAN_POINT('Ctrl Pts',(-14.0414263954348,1.33523400707862,-13.8790135297212));
#546=CARTESIAN_POINT('Ctrl Pts',(-11.6402300510856,1.2681872056629,-15.9467353127317));
#547=CARTESIAN_POINT('Ctrl Pts',(-8.90000305962059,1.20114040424717,-17.3519819303014));
#548=CARTESIAN_POINT('Ctrl Pts',(-6.15977606815555,1.13409360283145,-18.7572285478711));
#549=CARTESIAN_POINT('Ctrl Pts',(-3.08051842957464,1.06704680141572,-19.5));
#550=CARTESIAN_POINT('Ctrl Pts',(0.,0.999999999999998,-19.5));
#551=CARTESIAN_POINT('',(-19.5,1.,2.38806125833734E-15));
#552=CARTESIAN_POINT('Origin',(0.,1.,0.));
#553=CARTESIAN_POINT('Origin',(0.,1.,0.));
#554=CARTESIAN_POINT('Origin',(0.,9.,0.));
#555=CARTESIAN_POINT('',(25.,10.,3.06161699786838E-15));
#556=CARTESIAN_POINT('',(-25.,10.,3.06161699786838E-15));
#557=CARTESIAN_POINT('Origin',(0.,10.,0.));
#558=CARTESIAN_POINT('Origin',(0.,10.,0.));
#559=CARTESIAN_POINT('',(23.,8.,-2.81668763803891E-15));
#560=CARTESIAN_POINT('',(24.,9.,-2.93915231795365E-15));
#561=CARTESIAN_POINT('Origin',(0.,8.,0.));
#562=CARTESIAN_POINT('Origin',(0.,8.,0.));
#563=CARTESIAN_POINT('',(-25.,10.5,3.06161699786838E-15));
#564=CARTESIAN_POINT('',(-3.06161699786838E-15,10.5,25.));
#565=CARTESIAN_POINT('Origin',(0.,10.5,0.));
#566=CARTESIAN_POINT('',(-25.,8.,3.06161699786838E-15));
#567=CARTESIAN_POINT('Origin',(0.,10.5,0.));
#568=CARTESIAN_POINT('Origin',(0.,8.,0.));
#569=CARTESIAN_POINT('',(-15.3613891809637,8.,-14.2011765045678));
#570=CARTESIAN_POINT('',(-20.1996015246207,8.,3.49658379658502));
#571=CARTESIAN_POINT('Ctrl Pts',(-15.3609471983264,8.,-14.20133155861));
#572=CARTESIAN_POINT('Ctrl Pts',(-15.6455042765507,8.,-13.8791273158084));
#573=CARTESIAN_POINT('Ctrl Pts',(-15.9197455298196,8.,-13.5486455654676));
#574=CARTESIAN_POINT('Ctrl Pts',(-16.183396838018,8.,-13.2104564236304));
#575=CARTESIAN_POINT('Ctrl Pts',(-16.4490098783441,8.,-12.8697509411412));
#576=CARTESIAN_POINT('Ctrl Pts',(-16.70387512913,8.,-12.5212225258399));
#577=CARTESIAN_POINT('Ctrl Pts',(-16.9476754308927,8.,-12.1654162193142));
#578=CARTESIAN_POINT('Ctrl Pts',(-17.1918676859123,8.,-11.8090378895398));
#579=CARTESIAN_POINT('Ctrl Pts',(-17.4249596926526,8.,-11.4453577940484));
#580=CARTESIAN_POINT('Ctrl Pts',(-17.6465911308063,8.,-11.0748923645043));
#581=CARTESIAN_POINT('Ctrl Pts',(-17.8672717890218,8.,-10.7060162000085));
#582=CARTESIAN_POINT('Ctrl Pts',(-18.0765902620869,8.,-10.3304123263637));
#583=CARTESIAN_POINT('Ctrl Pts',(-18.2741453948772,8.,-9.94856654486705));
#584=CARTESIAN_POINT('Ctrl Pts',(-18.4690909023973,8.,-9.57176479531543));
#585=CARTESIAN_POINT('Ctrl Pts',(-18.6525819775021,8.,-9.18888449524919));
#586=CARTESIAN_POINT('Ctrl Pts',(-18.8241855959837,8.,-8.8003759283975));
#587=CARTESIAN_POINT('Ctrl Pts',(-18.9472145907204,8.,-8.5218397363914));
#588=CARTESIAN_POINT('Ctrl Pts',(-19.0641324762855,8.,-8.24041026499143));
#589=CARTESIAN_POINT('Ctrl Pts',(-19.1747634886082,8.,-7.95625005986737));
#590=CARTESIAN_POINT('Ctrl Pts',(-19.2488304531905,8.,-7.76600608210095));
#591=CARTESIAN_POINT('Ctrl Pts',(-19.3200791779914,8.,-7.57453805723109));
#592=CARTESIAN_POINT('Ctrl Pts',(-19.388492365719,8.,-7.38191039245763));
#593=CARTESIAN_POINT('Ctrl Pts',(-19.4041204371202,8.,-7.33790719659847));
#594=CARTESIAN_POINT('Ctrl Pts',(-19.419600530257,8.,-7.29384348670363));
#595=CARTESIAN_POINT('Ctrl Pts',(-19.4349324198392,8.,-7.2497200303634));
#596=CARTESIAN_POINT('Ctrl Pts',(-19.4473645294979,8.,-7.21394181497771));
#597=CARTESIAN_POINT('Ctrl Pts',(-19.4596960952319,8.,-7.17813323038841));
#598=CARTESIAN_POINT('Ctrl Pts',(-19.4719268342156,8.,-7.14229565443781));
#599=CARTESIAN_POINT('Ctrl Pts',(-19.6094283683178,8.,-6.73939917546847));
#600=CARTESIAN_POINT('Ctrl Pts',(-19.7342037953106,8.,-6.33280206080444));
#601=CARTESIAN_POINT('Ctrl Pts',(-19.8462802231073,8.,-5.9231394994723));
#602=CARTESIAN_POINT('Ctrl Pts',(-19.9593351003787,8.,-5.50990050261416));
#603=CARTESIAN_POINT('Ctrl Pts',(-20.0594683970168,8.,-5.09354178751303));
#604=CARTESIAN_POINT('Ctrl Pts',(-20.1466586044228,8.,-4.67469485933182));
#605=CARTESIAN_POINT('Ctrl Pts',(-20.2341905157507,8.,-4.25420644362273));
#606=CARTESIAN_POINT('Ctrl Pts',(-20.3086777761028,8.,-3.83120973193517));
#607=CARTESIAN_POINT('Ctrl Pts',(-20.3700476478557,8.,-3.40633114116472));
#608=CARTESIAN_POINT('Ctrl Pts',(-20.4311512114586,8.,-2.9832962666716));
#609=CARTESIAN_POINT('Ctrl Pts',(-20.4792510060138,8.,-2.55839526675621));
#610=CARTESIAN_POINT('Ctrl Pts',(-20.5142240837773,8.,-2.13224217603682));
#611=CARTESIAN_POINT('Ctrl Pts',(-20.5489412720108,8.,-1.70920714415331));
#612=CARTESIAN_POINT('Ctrl Pts',(-20.5707231349155,8.,-1.28493775919434));
#613=CARTESIAN_POINT('Ctrl Pts',(-20.5793987193773,8.,-0.860038360167079));
#614=CARTESIAN_POINT('Ctrl Pts',(-20.587953184726,8.,-0.441070946309913));
#615=CARTESIAN_POINT('Ctrl Pts',(-20.5837647227528,8.,-0.0214905182005433));
#616=CARTESIAN_POINT('Ctrl Pts',(-20.566620373507,8.,0.398112673740103));
#617=CARTESIAN_POINT('Ctrl Pts',(-20.564205697957,8.,0.457211187995661));
#618=CARTESIAN_POINT('Ctrl Pts',(-20.5615339367681,8.,0.516310129316066));
#619=CARTESIAN_POINT('Ctrl Pts',(-20.558604416032,8.,0.575407822727383));
#620=CARTESIAN_POINT('Ctrl Pts',(-20.5556792042353,8.,0.634418591210363));
#621=CARTESIAN_POINT('Ctrl Pts',(-20.5524965387115,8.,0.693435054793302));
#622=CARTESIAN_POINT('Ctrl Pts',(-20.5490580321417,8.,0.752418466745017));
#623=CARTESIAN_POINT('Ctrl Pts',(-20.531490533922,8.,1.05376760288923));
#624=CARTESIAN_POINT('Ctrl Pts',(-20.507240570765,8.,1.35439548940717));
#625=CARTESIAN_POINT('Ctrl Pts',(-20.4762942702055,8.,1.65408829145512));
#626=CARTESIAN_POINT('Ctrl Pts',(-20.4328985926009,8.,2.07434441199212));
#627=CARTESIAN_POINT('Ctrl Pts',(-20.3763374332697,8.,2.49276203311419));
#628=CARTESIAN_POINT('Ctrl Pts',(-20.3069081446712,8.,2.90878006595489));
#629=CARTESIAN_POINT('Ctrl Pts',(-20.2741346574078,8.,3.10515773272743));
#630=CARTESIAN_POINT('Ctrl Pts',(-20.2384930920086,8.,3.30100070126316));
#631=CARTESIAN_POINT('Ctrl Pts',(-20.2000107216833,8.,3.49624963949319));
#632=CARTESIAN_POINT('',(16.7558932906619,8.,-11.8105901644224));
#633=CARTESIAN_POINT('Origin',(0.,8.,0.));
#634=CARTESIAN_POINT('',(0.820822128098382,8.,-20.9038733016321));
#635=CARTESIAN_POINT('Ctrl Pts',(16.7570439982431,8.,-11.8109966441843));
#636=CARTESIAN_POINT('Ctrl Pts',(16.5190678800503,8.,-12.1646381174073));
#637=CARTESIAN_POINT('Ctrl Pts',(16.2698541361808,8.,-12.5109334139048));
#638=CARTESIAN_POINT('Ctrl Pts',(16.009848112308,8.,-12.8494445481244));
#639=CARTESIAN_POINT('Ctrl Pts',(15.81448704584,8.,-13.1037921021056));
#640=CARTESIAN_POINT('Ctrl Pts',(15.6130321701918,8.,-13.3537444760612));
#641=CARTESIAN_POINT('Ctrl Pts',(15.4056580517312,8.,-13.5991028774924));
#642=CARTESIAN_POINT('Ctrl Pts',(15.3097987515108,8.,-13.7125205249741));
#643=CARTESIAN_POINT('Ctrl Pts',(15.2126744782484,8.,-13.824956375215));
#644=CARTESIAN_POINT('Ctrl Pts',(15.1143016757638,8.,-13.9363898870968));
#645=CARTESIAN_POINT('Ctrl Pts',(15.0628142458762,8.,-13.9947131734649));
#646=CARTESIAN_POINT('Ctrl Pts',(15.0109847883099,8.,-14.0527618713631));
#647=CARTESIAN_POINT('Ctrl Pts',(14.9588156092815,8.,-14.110532968962));
#648=CARTESIAN_POINT('Ctrl Pts',(14.9225161156324,8.,-14.1507302967607));
#649=CARTESIAN_POINT('Ctrl Pts',(14.886052147685,8.,-14.1907932255208));
#650=CARTESIAN_POINT('Ctrl Pts',(14.849424472606,8.,-14.2307207271356));
#651=CARTESIAN_POINT('Ctrl Pts',(14.8235332744122,8.,-14.2589444911463));
#652=CARTESIAN_POINT('Ctrl Pts',(14.7975668454479,8.,-14.2870934215869));
#653=CARTESIAN_POINT('Ctrl Pts',(14.7715262983398,8.,-14.3151664879678));
#654=CARTESIAN_POINT('Ctrl Pts',(14.481502456959,8.,-14.6278272979475));
#655=CARTESIAN_POINT('Ctrl Pts',(14.1822574788354,8.,-14.9311138435292));
#656=CARTESIAN_POINT('Ctrl Pts',(13.8743188136144,8.,-15.2246615849494));
#657=CARTESIAN_POINT('Ctrl Pts',(13.5631738725108,8.,-15.521265763089));
#658=CARTESIAN_POINT('Ctrl Pts',(13.2431529493756,8.,-15.8079277118033));
#659=CARTESIAN_POINT('Ctrl Pts',(12.9147549535286,8.,-16.0842435550073));
#660=CARTESIAN_POINT('Ctrl Pts',(12.5860696863177,8.,-16.3608011098848));
#661=CARTESIAN_POINT('Ctrl Pts',(12.248992298626,8.,-16.6269948509048));
#662=CARTESIAN_POINT('Ctrl Pts',(11.903983356123,8.,-16.8823858943227));
#663=CARTESIAN_POINT('Ctrl Pts',(11.5610349715772,8.,-17.1362516206201));
#664=CARTESIAN_POINT('Ctrl Pts',(11.2102490798086,8.,-17.3794436564469));
#665=CARTESIAN_POINT('Ctrl Pts',(10.8520448952971,8.,-17.6114918298135));
#666=CARTESIAN_POINT('Ctrl Pts',(10.6715078612312,8.,-17.7284454858327));
#667=CARTESIAN_POINT('Ctrl Pts',(10.4890859311355,8.,-17.8425677035881));
#668=CARTESIAN_POINT('Ctrl Pts',(10.3048300549099,8.,-17.9537940490992));
#669=CARTESIAN_POINT('Ctrl Pts',(9.94758783803527,8.,-18.1694438674887));
#670=CARTESIAN_POINT('Ctrl Pts',(9.58345269437632,8.,-18.3742104609422));
#671=CARTESIAN_POINT('Ctrl Pts',(9.21295835536258,8.,-18.5679167073028));
#672=CARTESIAN_POINT('Ctrl Pts',(9.05086708204407,8.,-18.6526631900856));
#673=CARTESIAN_POINT('Ctrl Pts',(8.88755838231901,8.,-18.7352920992709));
#674=CARTESIAN_POINT('Ctrl Pts',(8.72307599374188,8.,-18.8157859623419));
#675=CARTESIAN_POINT('Ctrl Pts',(8.6333046313452,8.,-18.8597179833623));
#676=CARTESIAN_POINT('Ctrl Pts',(8.54318364534281,8.,-18.9030139949557));
#677=CARTESIAN_POINT('Ctrl Pts',(8.45272008996857,8.,-18.9456709482666));
#678=CARTESIAN_POINT('Ctrl Pts',(8.41135138688948,8.,-18.965177840611));
#679=CARTESIAN_POINT('Ctrl Pts',(8.36990981324305,8.,-18.984551621409));
#680=CARTESIAN_POINT('Ctrl Pts',(8.32841476255346,8.,-19.0037834326547));
#681=CARTESIAN_POINT('Ctrl Pts',(7.94071908521423,8.,-19.1834696835073));
#682=CARTESIAN_POINT('Ctrl Pts',(7.54798527976085,8.,-19.3509431445602));
#683=CARTESIAN_POINT('Ctrl Pts',(7.15085123609521,8.,-19.506143528982));
#684=CARTESIAN_POINT('Ctrl Pts',(6.74990466439098,8.,-19.6628338532028));
#685=CARTESIAN_POINT('Ctrl Pts',(6.34447250456518,8.,-19.8070145451705));
#686=CARTESIAN_POINT('Ctrl Pts',(5.9351803571633,8.,-19.9385801493215));
#687=CARTESIAN_POINT('Ctrl Pts',(5.5214873439568,8.,-20.0715603971984));
#688=CARTESIAN_POINT('Ctrl Pts',(5.10385040280058,8.,-20.1916530659307));
#689=CARTESIAN_POINT('Ctrl Pts',(4.68289134118768,8.,-20.2987015186382));
#690=CARTESIAN_POINT('Ctrl Pts',(4.26490409793125,8.,-20.40499424808));
#691=CARTESIAN_POINT('Ctrl Pts',(3.84364093386329,8.,-20.4984264011484));
#692=CARTESIAN_POINT('Ctrl Pts',(3.4196946558646,8.,-20.578795284923));
#693=CARTESIAN_POINT('Ctrl Pts',(2.99122709874279,8.,-20.660021282382));
#694=CARTESIAN_POINT('Ctrl Pts',(2.56001837078061,8.,-20.7279041738726));
#695=CARTESIAN_POINT('Ctrl Pts',(2.12667206594827,8.,-20.7821809221139));
#696=CARTESIAN_POINT('Ctrl Pts',(1.69332576111592,8.,-20.8364576703553));
#697=CARTESIAN_POINT('Ctrl Pts',(1.25784132884434,8.,-20.8771284765893));
#698=CARTESIAN_POINT('Ctrl Pts',(0.820822128098382,8.,-20.9038733016321));
#699=CARTESIAN_POINT('Ctrl Pts',(0.820822128097676,8.,-20.9038733016321));
#700=CARTESIAN_POINT('Ctrl Pts',(-1.51581670506759,8.,-21.0468715879188));
#701=CARTESIAN_POINT('Ctrl Pts',(-4.15143685581921,8.,-20.7713220050862));
#702=CARTESIAN_POINT('Ctrl Pts',(-8.60795248239642,8.,-19.2498256046194));
#703=CARTESIAN_POINT('Ctrl Pts',(-10.2984252173801,8.,-18.3959805417071));
#704=CARTESIAN_POINT('Ctrl Pts',(-13.1361209722824,8.,-16.4240426982811));
#705=CARTESIAN_POINT('Ctrl Pts',(-14.3238301738279,8.,-15.3739588948554));
#706=CARTESIAN_POINT('Ctrl Pts',(-15.3613891809638,8.,-14.2011765045678));
#707=CARTESIAN_POINT('Origin',(0.,10.5,0.));
#708=CARTESIAN_POINT('',(-2.93915231795365E-15,11.5,24.));
#709=CARTESIAN_POINT('Origin',(-2.93915231795365E-15,10.5,24.));
#710=CARTESIAN_POINT('Origin',(0.,11.5,0.));
#711=CARTESIAN_POINT('Origin',(0.,11.5,0.));
#712=CARTESIAN_POINT('',(10.,11.5,7.));
#713=CARTESIAN_POINT('Origin',(10.,11.5,0.));
#714=CARTESIAN_POINT('',(-10.,11.5,7.));
#715=CARTESIAN_POINT('Origin',(-10.,11.5,0.));
#716=CARTESIAN_POINT('Origin',(10.,2.,0.));
#717=CARTESIAN_POINT('',(10.,0.,-7.));
#718=CARTESIAN_POINT('Origin',(10.,0.,0.));
#719=CARTESIAN_POINT('',(10.,2.,-5.));
#720=CARTESIAN_POINT('Origin',(10.,2.,-7.));
#721=CARTESIAN_POINT('',(5.,2.,6.12323399573677E-16));
#722=CARTESIAN_POINT('Origin',(10.,2.,0.));
#723=CARTESIAN_POINT('Origin',(10.,2.,0.));
#724=CARTESIAN_POINT('Origin',(0.,0.,0.));
#725=CARTESIAN_POINT('',(-18.5,0.,2.2655965784226E-15));
#726=CARTESIAN_POINT('Origin',(0.,0.,0.));
#727=CARTESIAN_POINT('',(-10.,0.,-7.));
#728=CARTESIAN_POINT('Origin',(-10.,0.,0.));
#729=CARTESIAN_POINT('Origin',(10.,26.,0.));
#730=CARTESIAN_POINT('',(5.,9.5,-6.12323399573677E-16));
#731=CARTESIAN_POINT('',(10.,9.5,5.));
#732=CARTESIAN_POINT('Origin',(10.,9.5,0.));
#733=CARTESIAN_POINT('',(5.,26.,-6.12323399573677E-16));
#734=CARTESIAN_POINT('Origin',(10.,9.5,0.));
#735=CARTESIAN_POINT('Origin',(-10.,2.,0.));
#736=CARTESIAN_POINT('',(-10.,2.,-5.));
#737=CARTESIAN_POINT('Origin',(-10.,2.,-7.));
#738=CARTESIAN_POINT('',(-15.,2.,6.12323399573677E-16));
#739=CARTESIAN_POINT('Origin',(-10.,2.,0.));
#740=CARTESIAN_POINT('Origin',(-10.,2.,0.));
#741=CARTESIAN_POINT('Origin',(-10.,26.,0.));
#742=CARTESIAN_POINT('',(-15.,9.5,-6.12323399573677E-16));
#743=CARTESIAN_POINT('',(-10.,9.5,5.));
#744=CARTESIAN_POINT('Origin',(-10.,9.5,0.));
#745=CARTESIAN_POINT('',(-15.,26.,-6.12323399573677E-16));
#746=CARTESIAN_POINT('Origin',(-10.,9.5,0.));
#747=CARTESIAN_POINT('Origin',(10.,9.5,0.));
#748=CARTESIAN_POINT('Origin',(10.,9.5,7.));
#749=CARTESIAN_POINT('Origin',(-10.,9.5,0.));
#750=CARTESIAN_POINT('Origin',(-10.,9.5,7.));
#751=CARTESIAN_POINT('Ctrl Pts',(0.,2.68332333343449,-20.919982504215));
#752=CARTESIAN_POINT('Ctrl Pts',(-3.33499254623285,2.75098184112214,-20.919982504215));
#753=CARTESIAN_POINT('Ctrl Pts',(-10.0021473161012,2.88629885649744,-19.2965006136668));
#754=CARTESIAN_POINT('Ctrl Pts',(-17.7611284945639,3.08927437956038,-12.526993214988));
#755=CARTESIAN_POINT('Ctrl Pts',(-21.5333887971821,3.29224990262332,-2.94794265702232));
#756=CARTESIAN_POINT('Ctrl Pts',(-20.4742098978448,3.49522542568626,7.29332677288251));
#757=CARTESIAN_POINT('Ctrl Pts',(-14.8204068302195,3.69820094874921,15.8976511326425));
#758=CARTESIAN_POINT('Ctrl Pts',(-5.84109654465554,3.90117647181215,20.9347701928855));
#759=CARTESIAN_POINT('Ctrl Pts',(4.44900400946687,4.1041519948751,21.2741162874527));
#760=CARTESIAN_POINT('Ctrl Pts',(13.7407298724189,4.30712751793804,16.8396674109787));
#761=CARTESIAN_POINT('Ctrl Pts',(19.9491011675806,4.51010304100099,8.62643613885208));
#762=CARTESIAN_POINT('Ctrl Pts',(21.6809563889003,4.71307856406393,-1.52252684716329));
#763=CARTESIAN_POINT('Ctrl Pts',(18.5476855851622,4.91605408712687,-11.329845158231));
#764=CARTESIAN_POINT('Ctrl Pts',(11.2523776800086,5.11902961018982,-18.5947837713965));
#765=CARTESIAN_POINT('Ctrl Pts',(1.43207684904436,5.32200513325276,-21.6871197793595));
#766=CARTESIAN_POINT('Ctrl Pts',(-8.70957726859831,5.52498065631571,-19.9129420836222));
#767=CARTESIAN_POINT('Ctrl Pts',(-16.8968331403453,5.72795617937865,-13.6703708162282));
#768=CARTESIAN_POINT('Ctrl Pts',(-21.2924986731806,5.9309317024416,-4.36021641792598));
#769=CARTESIAN_POINT('Ctrl Pts',(-20.9102041861668,6.13390722550454,5.92835497995329));
#770=CARTESIAN_POINT('Ctrl Pts',(-15.8357305922785,6.33688274856748,14.8866246861572));
#771=CARTESIAN_POINT('Ctrl Pts',(-7.20778135930041,6.53985827163043,20.5043879627893));
#772=CARTESIAN_POINT('Ctrl Pts',(3.03758154789806,6.74283379469337,21.5210398047825));
#773=CARTESIAN_POINT('Ctrl Pts',(12.6012955016451,6.94580931775632,17.7084446569577));
#774=CARTESIAN_POINT('Ctrl Pts',(19.3373768032496,7.14878484081925,9.9221404062863));
#775=CARTESIAN_POINT('Ctrl Pts',(21.7341102924508,7.3517603638822,-0.0906639068538499));
#776=CARTESIAN_POINT('Ctrl Pts',(19.2540069544848,7.55473588694515,-10.0831097660246));
#777=CARTESIAN_POINT('Ctrl Pts',(12.4529240645562,7.75771141000809,-17.8129694672757));
#778=CARTESIAN_POINT('Ctrl Pts',(2.85836285940056,7.96068693307104,-21.5456029428922));
#779=CARTESIAN_POINT('Ctrl Pts',(-7.37948954232272,8.16366245613398,-20.4436058698309));
#780=CARTESIAN_POINT('Ctrl Pts',(-13.0974855088703,8.29897947150928,-16.6500365346453));
#781=CARTESIAN_POINT('Ctrl Pts',(-15.3613887649182,8.36663797919692,-14.2011761199453));
#782=CARTESIAN_POINT('Ctrl Pts',(0.,2.63668423709669,-20.9702808823163));
#783=CARTESIAN_POINT('Ctrl Pts',(-3.34309801690442,2.70434274478434,-20.9702808823163));
#784=CARTESIAN_POINT('Ctrl Pts',(-10.0261525867463,2.83965976015964,-19.3429120045386));
#785=CARTESIAN_POINT('Ctrl Pts',(-17.8038649986894,3.04263528322258,-12.5571165833899));
#786=CARTESIAN_POINT('Ctrl Pts',(-21.5851629181319,3.24561080628553,-2.95503340647311));
#787=CARTESIAN_POINT('Ctrl Pts',(-20.5234535811666,3.44858632934847,7.31086702749627));
#788=CARTESIAN_POINT('Ctrl Pts',(-14.8560455044934,3.65156185241142,15.9358828703067));
#789=CARTESIAN_POINT('Ctrl Pts',(-5.85514506106034,3.85453737547436,20.9851160943437));
#790=CARTESIAN_POINT('Ctrl Pts',(4.45970402041781,4.0575128985373,21.3252780494456));
#791=CARTESIAN_POINT('Ctrl Pts',(13.7737744442107,4.26048842160025,16.8801649386848));
#792=CARTESIAN_POINT('Ctrl Pts',(19.997076654034,4.46346394466319,8.64718172139216));
#793=CARTESIAN_POINT('Ctrl Pts',(21.733096551783,4.66643946772614,-1.5261883427595));
#794=CARTESIAN_POINT('Ctrl Pts',(18.5922907042976,4.86941499078908,-11.357092155185));
#795=CARTESIAN_POINT('Ctrl Pts',(11.2794383540883,5.07239051385203,-18.6395021164069));
#796=CARTESIAN_POINT('Ctrl Pts',(1.43552083917131,5.27536603691496,-21.7392748428369));
#797=CARTESIAN_POINT('Ctrl Pts',(-8.73052281542939,5.47834155997792,-19.960830453872));
#798=CARTESIAN_POINT('Ctrl Pts',(-16.9374681129756,5.68131708304085,-13.7032465019802));
#799=CARTESIAN_POINT('Ctrl Pts',(-21.3437047045882,5.8842926061038,-4.37070225645198));
#800=CARTESIAN_POINT('Ctrl Pts',(-20.960490885277,6.08726812916674,5.94261202693695));
#801=CARTESIAN_POINT('Ctrl Pts',(-15.8738136687425,6.29024365222969,14.922425278645));
#802=CARTESIAN_POINT('Ctrl Pts',(-7.22511537829109,6.49321917529264,20.553698796092));
#803=CARTESIAN_POINT('Ctrl Pts',(3.04488683523548,6.69619469835557,21.5727952513763));
#804=CARTESIAN_POINT('Ctrl Pts',(12.6315996845355,6.89917022141852,17.7510318924152));
#805=CARTESIAN_POINT('Ctrl Pts',(19.383882024777,7.10214574448146,9.94600114763061));
#806=CARTESIAN_POINT('Ctrl Pts',(21.7863762862318,7.3051212675444,-0.0908801541975561));
#807=CARTESIAN_POINT('Ctrl Pts',(19.3003148751348,7.50809679060736,-10.1073621342406));
#808=CARTESIAN_POINT('Ctrl Pts',(12.4828633654609,7.71107231367028,-17.8558002574765));
#809=CARTESIAN_POINT('Ctrl Pts',(2.86525444493975,7.91404783673324,-21.5974327813783));
#810=CARTESIAN_POINT('Ctrl Pts',(-7.39727351236136,8.11702335979618,-20.4927383502391));
#811=CARTESIAN_POINT('Ctrl Pts',(-13.1289169751053,8.25234037517148,-16.6901325247783));
#812=CARTESIAN_POINT('Ctrl Pts',(-15.3983224927597,8.31999888285913,-14.235320322782));
#813=CARTESIAN_POINT('Ctrl Pts',(0.,2.50000451354096,-21.0297974242743));
#814=CARTESIAN_POINT('Ctrl Pts',(-3.35241455145787,2.5676630212286,-21.0297974242743));
#815=CARTESIAN_POINT('Ctrl Pts',(-10.0546931720544,2.7029800366039,-19.3977775496262));
#816=CARTESIAN_POINT('Ctrl Pts',(-17.854329711507,2.90595555966684,-12.5927466543973));
#817=CARTESIAN_POINT('Ctrl Pts',(-21.6464227733443,3.10893108272979,-2.96341439170054));
#818=CARTESIAN_POINT('Ctrl Pts',(-20.5816682860575,3.31190660579273,7.33160691627034));
#819=CARTESIAN_POINT('Ctrl Pts',(-14.8981978853911,3.51488212885568,15.9810940232808));
#820=CARTESIAN_POINT('Ctrl Pts',(-5.87175362519528,3.71785765191862,21.0446511478077));
#821=CARTESIAN_POINT('Ctrl Pts',(4.47235502159712,3.92083317498157,21.3857786018915));
#822=CARTESIAN_POINT('Ctrl Pts',(13.812851664966,4.12380869804451,16.928054360622));
#823=CARTESIAN_POINT('Ctrl Pts',(20.0538085980074,4.32678422110745,8.67171405108613));
#824=CARTESIAN_POINT('Ctrl Pts',(21.794754103349,4.5297597441704,-1.53051819872028));
#825=CARTESIAN_POINT('Ctrl Pts',(18.6450374716542,4.73273526723334,-11.3893125318697));
#826=CARTESIAN_POINT('Ctrl Pts',(11.3114384688922,4.93571079029629,-18.6923829025395));
#827=CARTESIAN_POINT('Ctrl Pts',(1.43959343635219,5.13868631335923,-21.8009497679654));
#828=CARTESIAN_POINT('Ctrl Pts',(-8.75529154806671,5.34166183642217,-20.017459877239));
#829=CARTESIAN_POINT('Ctrl Pts',(-16.9855201690217,5.54463735948513,-13.7421230032006));
#830=CARTESIAN_POINT('Ctrl Pts',(-21.4042574120253,5.74761288254805,-4.38310203513978));
#831=CARTESIAN_POINT('Ctrl Pts',(-21.0199563205441,5.95058840561101,5.95947133145298));
#832=CARTESIAN_POINT('Ctrl Pts',(-15.9188482355464,6.15356392867395,14.9647607142815));
#833=CARTESIAN_POINT('Ctrl Pts',(-7.24561298980527,6.35653945173689,20.6120100007565));
#834=CARTESIAN_POINT('Ctrl Pts',(3.05352477428938,6.55951497479984,21.6339982898984));
#835=CARTESIAN_POINT('Ctrl Pts',(12.6674368756335,6.76249049786278,17.8013912054694));
#836=CARTESIAN_POINT('Ctrl Pts',(19.4388726178881,6.96546602092573,9.97421996516214));
#837=CARTESIAN_POINT('Ctrl Pts',(21.8481889326855,7.16844154398867,-0.091141510265385));
#838=CARTESIAN_POINT('Ctrl Pts',(19.3550620897224,7.37141706705161,-10.136029839883));
#839=CARTESIAN_POINT('Ctrl Pts',(12.5182944859456,7.57439259011456,-17.9064722070664));
#840=CARTESIAN_POINT('Ctrl Pts',(2.87334866309055,7.7773681131775,-21.6586755183542));
#841=CARTESIAN_POINT('Ctrl Pts',(-7.41818658383614,7.98034363624045,-20.5509400382642));
#842=CARTESIAN_POINT('Ctrl Pts',(-13.166295160808,8.11566065161574,-16.7373753847288));
#843=CARTESIAN_POINT('Ctrl Pts',(-15.4420250502918,8.18331915930339,-14.2757221201653));
#844=CARTESIAN_POINT('Ctrl Pts',(0.,2.36332460603497,-20.9702813047598));
#845=CARTESIAN_POINT('Ctrl Pts',(-3.34309808442683,2.43098311372262,-20.9702813047598));
#846=CARTESIAN_POINT('Ctrl Pts',(-10.0261527886346,2.56630012909792,-19.3429123942321));
#847=CARTESIAN_POINT('Ctrl Pts',(-17.8038653574126,2.76927565216086,-12.5571168363603));
#848=CARTESIAN_POINT('Ctrl Pts',(-21.5851633529639,2.97225117522381,-2.95503346600782));
#849=CARTESIAN_POINT('Ctrl Pts',(-20.5234539946433,3.17522669828675,7.3108671747823));
#850=CARTESIAN_POINT('Ctrl Pts',(-14.8560458037778,3.3782022213497,15.9358831913504));
#851=CARTESIAN_POINT('Ctrl Pts',(-5.85514517902083,3.58117774441264,20.9851165171102));
#852=CARTESIAN_POINT('Ctrl Pts',(4.45970411026436,3.78415326747558,21.3252784790646));
#853=CARTESIAN_POINT('Ctrl Pts',(13.7737747216966,3.98712879053853,16.8801652787527));
#854=CARTESIAN_POINT('Ctrl Pts',(19.9970770568955,4.19010431360147,8.64718189559829));
#855=CARTESIAN_POINT('Ctrl Pts',(21.7330969896179,4.39307983666442,-1.52618837350608));
#856=CARTESIAN_POINT('Ctrl Pts',(18.592291078858,4.59605535972736,-11.357092383985));
#857=CARTESIAN_POINT('Ctrl Pts',(11.2794385813239,4.79903088279031,-18.6395024919184));
#858=CARTESIAN_POINT('Ctrl Pts',(1.43552086809134,5.00200640585324,-21.7392752807965));
#859=CARTESIAN_POINT('Ctrl Pts',(-8.73052299131454,5.2049819289162,-19.9608308560029));
#860=CARTESIAN_POINT('Ctrl Pts',(-16.9374684541979,5.40795745197913,-13.7032467780459));
#861=CARTESIAN_POINT('Ctrl Pts',(-21.3437051345786,5.61093297504208,-4.37070234450419));
#862=CARTESIAN_POINT('Ctrl Pts',(-20.9604913075472,5.81390849810503,5.9426121466569));
#863=CARTESIAN_POINT('Ctrl Pts',(-15.8738139885363,6.01688402116797,14.9224255792721));
#864=CARTESIAN_POINT('Ctrl Pts',(-7.22511552384855,6.21985954423091,20.5536992101671));
#865=CARTESIAN_POINT('Ctrl Pts',(3.04488689657828,6.42283506729385,21.5727956859815));
#866=CARTESIAN_POINT('Ctrl Pts',(12.6315999390107,6.6258105903568,17.7510322500284));
#867=CARTESIAN_POINT('Ctrl Pts',(19.3838824152868,6.82878611341974,9.946001348001));
#868=CARTESIAN_POINT('Ctrl Pts',(21.7863767251361,7.03176163648269,-0.090880156024798));
#869=CARTESIAN_POINT('Ctrl Pts',(19.3003152639676,7.23473715954563,-10.1073623378709));
#870=CARTESIAN_POINT('Ctrl Pts',(12.4828636169234,7.43771268260858,-17.8558006171846));
#871=CARTESIAN_POINT('Ctrl Pts',(2.86525450269868,7.64068820567152,-21.5974332165108));
#872=CARTESIAN_POINT('Ctrl Pts',(-7.39727366146199,7.84366372873447,-20.492738763021));
#873=CARTESIAN_POINT('Ctrl Pts',(-13.128917239466,7.97898074410976,-16.6901328611281));
#874=CARTESIAN_POINT('Ctrl Pts',(-15.3983228029568,8.04663925179741,-14.2353206095506));
#875=CARTESIAN_POINT('Ctrl Pts',(0.,2.31668535423757,-20.9199830708086));
#876=CARTESIAN_POINT('Ctrl Pts',(-3.33499263655728,2.38434386192521,-20.9199830708086));
#877=CARTESIAN_POINT('Ctrl Pts',(-10.0021475869978,2.51966087730051,-19.2965011362903));
#878=CARTESIAN_POINT('Ctrl Pts',(-17.7611289756036,2.72263640036345,-12.5269935542672));
#879=CARTESIAN_POINT('Ctrl Pts',(-21.5333893803891,2.9256119234264,-2.94794273686394));
#880=CARTESIAN_POINT('Ctrl Pts',(-20.4742104523651,3.12858744648934,7.29332697041385));
#881=CARTESIAN_POINT('Ctrl Pts',(-14.8204072316131,3.33156296955229,15.8976515632121));
#882=CARTESIAN_POINT('Ctrl Pts',(-5.8410967028549,3.53453849261523,20.9347707598796));
#883=CARTESIAN_POINT('Ctrl Pts',(4.44900412996301,3.73751401567817,21.2741168636377));
#884=CARTESIAN_POINT('Ctrl Pts',(13.7407302445707,3.94048953874112,16.8396678670617));
#885=CARTESIAN_POINT('Ctrl Pts',(19.949101707879,4.14346506180406,8.62643637248916));
#886=CARTESIAN_POINT('Ctrl Pts',(21.680956976104,4.34644058486701,-1.52252688839918));
#887=CARTESIAN_POINT('Ctrl Pts',(18.5476860875049,4.54941610792994,-11.3298454650868));
#888=CARTESIAN_POINT('Ctrl Pts',(11.2523779847663,4.7523916309929,-18.5947842750148));
#889=CARTESIAN_POINT('Ctrl Pts',(1.43207688783051,4.95536715405584,-21.6871203667301));
#890=CARTESIAN_POINT('Ctrl Pts',(-8.70957750448717,5.15834267711879,-19.9129426229413));
#891=CARTESIAN_POINT('Ctrl Pts',(-16.8968335979766,5.36131820018172,-13.6703711864744));
#892=CARTESIAN_POINT('Ctrl Pts',(-21.2924992498634,5.56429372324467,-4.36021653601742));
#893=CARTESIAN_POINT('Ctrl Pts',(-20.9102047524956,5.76726924630761,5.92835514051595));
#894=CARTESIAN_POINT('Ctrl Pts',(-15.835731021171,5.97024476937056,14.8866250893443));
#895=CARTESIAN_POINT('Ctrl Pts',(-7.20778155451486,6.1732202924335,20.504388518127));
#896=CARTESIAN_POINT('Ctrl Pts',(3.03758163016745,6.37619581549645,21.5210403876551));
#897=CARTESIAN_POINT('Ctrl Pts',(12.6012958429367,6.57917133855939,17.7084451365705));
#898=CARTESIAN_POINT('Ctrl Pts',(19.3373773269801,6.78214686162234,9.92214067501605));
#899=CARTESIAN_POINT('Ctrl Pts',(21.7341108810942,6.98512238468528,-0.0906639093093856));
#900=CARTESIAN_POINT('Ctrl Pts',(19.2540074759574,7.18809790774822,-10.083110039114));
#901=CARTESIAN_POINT('Ctrl Pts',(12.4529244018293,7.39107343081116,-17.8129699497194));
#902=CARTESIAN_POINT('Ctrl Pts',(2.85836293681602,7.59404895387411,-21.54560352643));
#903=CARTESIAN_POINT('Ctrl Pts',(-7.37948974218769,7.79702447693706,-20.4436064235224));
#904=CARTESIAN_POINT('Ctrl Pts',(-13.0974858636006,7.93234149231235,-16.6500369855923));
#905=CARTESIAN_POINT('Ctrl Pts',(-15.3613891809638,8.,-14.2011765045678));
#906=CARTESIAN_POINT('',(0.,2.6833233334345,-20.919982504215));
#907=CARTESIAN_POINT('Ctrl Pts',(0.,2.68332333343449,-20.919982504215));
#908=CARTESIAN_POINT('Ctrl Pts',(-3.33499254623285,2.75098184112214,-20.919982504215));
#909=CARTESIAN_POINT('Ctrl Pts',(-10.0021473161012,2.88629885649744,-19.2965006136668));
#910=CARTESIAN_POINT('Ctrl Pts',(-17.7611284945639,3.08927437956038,-12.526993214988));
#911=CARTESIAN_POINT('Ctrl Pts',(-21.5333887971821,3.29224990262332,-2.94794265702232));
#912=CARTESIAN_POINT('Ctrl Pts',(-20.4742098978448,3.49522542568626,7.29332677288251));
#913=CARTESIAN_POINT('Ctrl Pts',(-14.8204068302195,3.69820094874921,15.8976511326425));
#914=CARTESIAN_POINT('Ctrl Pts',(-5.84109654465554,3.90117647181215,20.9347701928855));
#915=CARTESIAN_POINT('Ctrl Pts',(4.44900400946687,4.1041519948751,21.2741162874527));
#916=CARTESIAN_POINT('Ctrl Pts',(13.7407298724189,4.30712751793804,16.8396674109787));
#917=CARTESIAN_POINT('Ctrl Pts',(19.9491011675806,4.51010304100099,8.62643613885208));
#918=CARTESIAN_POINT('Ctrl Pts',(21.6809563889003,4.71307856406393,-1.52252684716329));
#919=CARTESIAN_POINT('Ctrl Pts',(18.5476855851622,4.91605408712687,-11.329845158231));
#920=CARTESIAN_POINT('Ctrl Pts',(11.2523776800086,5.11902961018982,-18.5947837713965));
#921=CARTESIAN_POINT('Ctrl Pts',(1.43207684904436,5.32200513325276,-21.6871197793595));
#922=CARTESIAN_POINT('Ctrl Pts',(-8.70957726859831,5.52498065631571,-19.9129420836222));
#923=CARTESIAN_POINT('Ctrl Pts',(-16.8968331403453,5.72795617937865,-13.6703708162282));
#924=CARTESIAN_POINT('Ctrl Pts',(-21.2924986731806,5.9309317024416,-4.36021641792598));
#925=CARTESIAN_POINT('Ctrl Pts',(-20.9102041861668,6.13390722550454,5.92835497995329));
#926=CARTESIAN_POINT('Ctrl Pts',(-15.8357305922785,6.33688274856748,14.8866246861572));
#927=CARTESIAN_POINT('Ctrl Pts',(-7.20778135930041,6.53985827163043,20.5043879627893));
#928=CARTESIAN_POINT('Ctrl Pts',(3.03758154789806,6.74283379469337,21.5210398047825));
#929=CARTESIAN_POINT('Ctrl Pts',(12.6012955016451,6.94580931775632,17.7084446569577));
#930=CARTESIAN_POINT('Ctrl Pts',(19.3373768032496,7.14878484081925,9.9221404062863));
#931=CARTESIAN_POINT('Ctrl Pts',(21.7341102924508,7.3517603638822,-0.0906639068538499));
#932=CARTESIAN_POINT('Ctrl Pts',(19.2540069544848,7.55473588694515,-10.0831097660246));
#933=CARTESIAN_POINT('Ctrl Pts',(12.4529240645562,7.75771141000809,-17.8129694672757));
#934=CARTESIAN_POINT('Ctrl Pts',(5.43711296133078,7.90613278102637,-20.5423753069538));
#935=CARTESIAN_POINT('Ctrl Pts',(1.46672002901926,7.986895644357,-20.8794411429553));
#936=CARTESIAN_POINT('Ctrl Pts',(0.821263427209483,7.99999999999999,-20.9042034823769));
#937=CARTESIAN_POINT('',(0.,2.31668535423755,-20.9199830708086));
#938=CARTESIAN_POINT('Origin',(0.,2.50000408114867,-20.7499999999936));
#939=CARTESIAN_POINT('Ctrl Pts',(0.,2.31668535423757,-20.9199830708086));
#940=CARTESIAN_POINT('Ctrl Pts',(-3.33499263655728,2.38434386192521,-20.9199830708086));
#941=CARTESIAN_POINT('Ctrl Pts',(-10.0021475869978,2.51966087730051,-19.2965011362903));
#942=CARTESIAN_POINT('Ctrl Pts',(-17.7611289756036,2.72263640036345,-12.5269935542672));
#943=CARTESIAN_POINT('Ctrl Pts',(-21.5333893803891,2.9256119234264,-2.94794273686394));
#944=CARTESIAN_POINT('Ctrl Pts',(-20.4742104523651,3.12858744648934,7.29332697041385));
#945=CARTESIAN_POINT('Ctrl Pts',(-14.8204072316131,3.33156296955229,15.8976515632121));
#946=CARTESIAN_POINT('Ctrl Pts',(-5.8410967028549,3.53453849261523,20.9347707598796));
#947=CARTESIAN_POINT('Ctrl Pts',(4.44900412996301,3.73751401567817,21.2741168636377));
#948=CARTESIAN_POINT('Ctrl Pts',(13.7407302445707,3.94048953874112,16.8396678670617));
#949=CARTESIAN_POINT('Ctrl Pts',(19.949101707879,4.14346506180406,8.62643637248916));
#950=CARTESIAN_POINT('Ctrl Pts',(21.680956976104,4.34644058486701,-1.52252688839918));
#951=CARTESIAN_POINT('Ctrl Pts',(18.5476860875049,4.54941610792994,-11.3298454650868));
#952=CARTESIAN_POINT('Ctrl Pts',(11.2523779847663,4.7523916309929,-18.5947842750148));
#953=CARTESIAN_POINT('Ctrl Pts',(1.43207688783051,4.95536715405584,-21.6871203667301));
#954=CARTESIAN_POINT('Ctrl Pts',(-8.70957750448717,5.15834267711879,-19.9129426229413));
#955=CARTESIAN_POINT('Ctrl Pts',(-16.8968335979766,5.36131820018172,-13.6703711864744));
#956=CARTESIAN_POINT('Ctrl Pts',(-21.2924992498634,5.56429372324467,-4.36021653601742));
#957=CARTESIAN_POINT('Ctrl Pts',(-20.9102047524956,5.76726924630761,5.92835514051595));
#958=CARTESIAN_POINT('Ctrl Pts',(-15.835731021171,5.97024476937056,14.8866250893443));
#959=CARTESIAN_POINT('Ctrl Pts',(-7.20778155451486,6.1732202924335,20.504388518127));
#960=CARTESIAN_POINT('Ctrl Pts',(3.03758163016745,6.37619581549645,21.5210403876551));
#961=CARTESIAN_POINT('Ctrl Pts',(12.6012958429367,6.57917133855939,17.7084451365705));
#962=CARTESIAN_POINT('Ctrl Pts',(19.3373773269801,6.78214686162234,9.92214067501605));
#963=CARTESIAN_POINT('Ctrl Pts',(21.7341108810942,6.98512238468528,-0.0906639093093856));
#964=CARTESIAN_POINT('Ctrl Pts',(19.2540074759574,7.18809790774822,-10.083110039114));
#965=CARTESIAN_POINT('Ctrl Pts',(12.4529244018293,7.39107343081116,-17.8129699497194));
#966=CARTESIAN_POINT('Ctrl Pts',(2.85836293681602,7.59404895387411,-21.54560352643));
#967=CARTESIAN_POINT('Ctrl Pts',(-7.37948974218769,7.79702447693706,-20.4436064235224));
#968=CARTESIAN_POINT('Ctrl Pts',(-13.0974858636006,7.93234149231235,-16.6500369855923));
#969=CARTESIAN_POINT('Ctrl Pts',(-15.3613891809638,8.,-14.2011765045678));
#970=CARTESIAN_POINT('Ctrl Pts',(0.,3.83333384992882,-19.6797426985346));
#971=CARTESIAN_POINT('Ctrl Pts',(-3.16064849159946,3.90149637129504,-19.6797426985346));
#972=CARTESIAN_POINT('Ctrl Pts',(-9.47918217856718,4.03782141402749,-18.129245789423));
#973=CARTESIAN_POINT('Ctrl Pts',(-16.8013253722688,4.24230897812616,-11.6716556427296));
#974=CARTESIAN_POINT('Ctrl Pts',(-20.2968690878302,4.44679654222484,-2.55797912845579));
#975=CARTESIAN_POINT('Ctrl Pts',(-19.1716416553313,4.65128410632351,7.13879286166758));
#976=CARTESIAN_POINT('Ctrl Pts',(-13.681005086669,4.85577167042218,15.2098236220342));
#977=CARTESIAN_POINT('Ctrl Pts',(-5.07551717259385,5.06025923452086,19.817938059798));
#978=CARTESIAN_POINT('Ctrl Pts',(4.68566660414081,5.26474679861953,19.9136858534638));
#979=CARTESIAN_POINT('Ctrl Pts',(13.3799522978542,5.4692343627182,15.4753857571681));
#980=CARTESIAN_POINT('Ctrl Pts',(19.0278130086961,5.67372192681688,7.51352230209061));
#981=CARTESIAN_POINT('Ctrl Pts',(20.3432803401698,5.87820949091554,-2.15906290121813));
#982=CARTESIAN_POINT('Ctrl Pts',(17.0268512276218,6.08269705501422,-11.340062309169));
#983=CARTESIAN_POINT('Ctrl Pts',(9.83362778773612,6.2871846191129,-17.9390746185703));
#984=CARTESIAN_POINT('Ctrl Pts',(0.401415952110376,6.49167218321157,-20.4535944201768));
#985=CARTESIAN_POINT('Ctrl Pts',(-9.12219309587201,6.69615974731024,-18.3110957280004));
#986=CARTESIAN_POINT('Ctrl Pts',(-16.5687981163812,6.90064731140891,-11.9994001884263));
#987=CARTESIAN_POINT('Ctrl Pts',(-20.2429016410455,7.10513487550759,-2.95559482357026));
#988=CARTESIAN_POINT('Ctrl Pts',(-19.3079634567124,7.30962243960625,6.76115614611699));
#989=CARTESIAN_POINT('Ctrl Pts',(-13.9768456607291,7.51411000370493,14.9384896559917));
#990=CARTESIAN_POINT('Ctrl Pts',(-5.46339725686398,7.7185975678036,19.7145034482052));
#991=CARTESIAN_POINT('Ctrl Pts',(4.29402681409007,7.92308513190228,20.0018218478008));
#992=CARTESIAN_POINT('Ctrl Pts',(13.0736933992257,8.12757269600095,15.7349031041788));
#993=CARTESIAN_POINT('Ctrl Pts',(18.8767791234531,8.33206026009962,7.88551946333252));
#994=CARTESIAN_POINT('Ctrl Pts',(20.3816052722681,8.53654782419829,-1.75963590426688));
#995=CARTESIAN_POINT('Ctrl Pts',(17.2463399542427,8.74103538829696,-11.0034466368498));
#996=CARTESIAN_POINT('Ctrl Pts',(10.1832068612212,8.94552295239564,-17.7433577907158));
#997=CARTESIAN_POINT('Ctrl Pts',(3.93037441045005,9.08184799512809,-19.5405764644151));
#998=CARTESIAN_POINT('Ctrl Pts',(0.772159741480905,9.15001051649431,-19.6645885289817));
#999=CARTESIAN_POINT('Ctrl Pts',(0.,3.44999701109738,-20.0931559670947));
#1000=CARTESIAN_POINT('Ctrl Pts',(-3.22704438120523,3.51815953246361,-20.0931559670947));
#1001=CARTESIAN_POINT('Ctrl Pts',(-9.67831179869226,3.65448457519605,-18.5100876974269));
#1002=CARTESIAN_POINT('Ctrl Pts',(-17.1542715944168,3.85897213929473,-11.9168426547087));
#1003=CARTESIAN_POINT('Ctrl Pts',(-20.7232463591022,4.0634597033934,-2.61171471476924));
#1004=CARTESIAN_POINT('Ctrl Pts',(-19.5743812216867,4.26794726749207,7.28875781475285));
#1005=CARTESIAN_POINT('Ctrl Pts',(-13.968402595707,4.47243483159074,15.5293370930247));
#1006=CARTESIAN_POINT('Ctrl Pts',(-5.18213879748488,4.67692239568942,20.2342544047284));
#1007=CARTESIAN_POINT('Ctrl Pts',(4.78409862004035,4.88140995978809,20.332013576741));
#1008=CARTESIAN_POINT('Ctrl Pts',(13.6610255769803,5.08589752388677,15.8004779042609));
#1009=CARTESIAN_POINT('Ctrl Pts',(19.427531159994,5.29038508798544,7.6713592139288));
#1010=CARTESIAN_POINT('Ctrl Pts',(20.7706325747746,5.49487265208411,-2.2044184358251));
#1011=CARTESIAN_POINT('Ctrl Pts',(17.3845350818839,5.69936021618278,-11.5782835245947));
#1012=CARTESIAN_POINT('Ctrl Pts',(10.0402032632292,5.90384778028145,-18.3159215919588));
#1013=CARTESIAN_POINT('Ctrl Pts',(0.409848515653316,6.10833534438013,-20.883264027782));
#1014=CARTESIAN_POINT('Ctrl Pts',(-9.31382342976261,6.31282290847879,-18.6957577661069));
#1015=CARTESIAN_POINT('Ctrl Pts',(-16.9168596276689,6.51731047257748,-12.2514721452933));
#1016=CARTESIAN_POINT('Ctrl Pts',(-20.6681452156573,6.72179803667614,-3.01768314125149));
#1017=CARTESIAN_POINT('Ctrl Pts',(-19.7135667414786,6.92628560077482,6.90318806718574));
#1018=CARTESIAN_POINT('Ctrl Pts',(-14.2704579064417,7.13077316487349,15.2523032017601));
#1019=CARTESIAN_POINT('Ctrl Pts',(-5.5781670966938,7.33526072897217,20.1286469374476));
#1020=CARTESIAN_POINT('Ctrl Pts',(4.38423163473695,7.53974829307084,20.4220010480031));
#1021=CARTESIAN_POINT('Ctrl Pts',(13.3483330834493,7.74423585716951,16.0654469442291));
#1022=CARTESIAN_POINT('Ctrl Pts',(19.2733244989115,7.94872342126819,8.05117093680802));
#1023=CARTESIAN_POINT('Ctrl Pts',(20.8097626005008,8.15321098536685,-1.79660065740428));
#1024=CARTESIAN_POINT('Ctrl Pts',(17.6086346183754,8.35769854946554,-11.2345965512186));
#1025=CARTESIAN_POINT('Ctrl Pts',(10.3971259605413,8.5621861135642,-18.1160933316148));
#1026=CARTESIAN_POINT('Ctrl Pts',(4.01293996816998,8.69851115629665,-19.9510662614339));
#1027=CARTESIAN_POINT('Ctrl Pts',(0.788380537020064,8.76667367766288,-20.0776834531985));
#1028=CARTESIAN_POINT('Ctrl Pts',(0.,3.06666017226594,-20.5065692356549));
#1029=CARTESIAN_POINT('Ctrl Pts',(-3.293440270811,3.13482269363217,-20.5065692356549));
#1030=CARTESIAN_POINT('Ctrl Pts',(-9.87744141881733,3.27114773636462,-18.8909296054308));
#1031=CARTESIAN_POINT('Ctrl Pts',(-17.5072178165648,3.47563530046328,-12.1620296666877));
#1032=CARTESIAN_POINT('Ctrl Pts',(-21.1496236303743,3.68012286456196,-2.66545030108268));
#1033=CARTESIAN_POINT('Ctrl Pts',(-19.9771207880422,3.88461042866063,7.43872276783811));
#1034=CARTESIAN_POINT('Ctrl Pts',(-14.255800104745,4.08909799275931,15.8488505640152));
#1035=CARTESIAN_POINT('Ctrl Pts',(-5.28876042237591,4.29358555685798,20.6505707496587));
#1036=CARTESIAN_POINT('Ctrl Pts',(4.88253063593989,4.49807312095665,20.7503413000183));
#1037=CARTESIAN_POINT('Ctrl Pts',(13.9420988561064,4.70256068505533,16.1255700513537));
#1038=CARTESIAN_POINT('Ctrl Pts',(19.8272493112918,4.90704824915399,7.82919612576699));
#1039=CARTESIAN_POINT('Ctrl Pts',(21.1979848093793,5.11153581325268,-2.24977397043207));
#1040=CARTESIAN_POINT('Ctrl Pts',(17.742218936146,5.31602337735134,-11.8165047400203));
#1041=CARTESIAN_POINT('Ctrl Pts',(10.2467787387223,5.52051094145002,-18.6927685653473));
#1042=CARTESIAN_POINT('Ctrl Pts',(0.41828107919626,5.72499850554869,-21.312933635387));
#1043=CARTESIAN_POINT('Ctrl Pts',(-9.50545376365321,5.92948606964737,-19.0804198042134));
#1044=CARTESIAN_POINT('Ctrl Pts',(-17.2649211389567,6.13397363374603,-12.5035441021603));
#1045=CARTESIAN_POINT('Ctrl Pts',(-21.0933887902692,6.33846119784471,-3.07977145893273));
#1046=CARTESIAN_POINT('Ctrl Pts',(-20.1191700262448,6.54294876194338,7.0452199882545));
#1047=CARTESIAN_POINT('Ctrl Pts',(-14.5640701521543,6.74743632604205,15.5661167475284));
#1048=CARTESIAN_POINT('Ctrl Pts',(-5.6929369365236,6.95192389014073,20.5427904266899));
#1049=CARTESIAN_POINT('Ctrl Pts',(4.47443645538381,7.1564114542394,20.8421802482054));
#1050=CARTESIAN_POINT('Ctrl Pts',(13.6229727676729,7.36089901833808,16.3959907842794));
#1051=CARTESIAN_POINT('Ctrl Pts',(19.6698698743699,7.56538658243674,8.21682241028353));
#1052=CARTESIAN_POINT('Ctrl Pts',(21.2379199287335,7.76987414653542,-1.83356541054168));
#1053=CARTESIAN_POINT('Ctrl Pts',(17.970929282508,7.97436171063409,-11.4657464655874));
#1054=CARTESIAN_POINT('Ctrl Pts',(10.6110450598614,8.17884927473276,-18.4888288725139));
#1055=CARTESIAN_POINT('Ctrl Pts',(4.09550552588992,8.31517431746521,-20.3615560584527));
#1056=CARTESIAN_POINT('Ctrl Pts',(0.804601332559223,8.38333683883144,-20.4907783774153));
#1057=CARTESIAN_POINT('Ctrl Pts',(0.,2.6833233334345,-20.919982504215));
#1058=CARTESIAN_POINT('Ctrl Pts',(-3.35983616041677,2.75148585480073,-20.919982504215));
#1059=CARTESIAN_POINT('Ctrl Pts',(-10.0765710389424,2.88781089753318,-19.2717715134347));
#1060=CARTESIAN_POINT('Ctrl Pts',(-17.8601640387128,3.09229846163185,-12.4072166786667));
#1061=CARTESIAN_POINT('Ctrl Pts',(-21.5760009016464,3.29678602573052,-2.71918588739613));
#1062=CARTESIAN_POINT('Ctrl Pts',(-20.3798603543976,3.5012735898292,7.58868772092337));
#1063=CARTESIAN_POINT('Ctrl Pts',(-14.543197613783,3.70576115392786,16.1683640350057));
#1064=CARTESIAN_POINT('Ctrl Pts',(-5.39538204726695,3.91024871802654,21.0668870945891));
#1065=CARTESIAN_POINT('Ctrl Pts',(4.98096265183944,4.11473628212521,21.1686690232956));
#1066=CARTESIAN_POINT('Ctrl Pts',(14.2231721352324,4.31922384622389,16.4506621984465));
#1067=CARTESIAN_POINT('Ctrl Pts',(20.2269674625898,4.52371141032256,7.98703303760518));
#1068=CARTESIAN_POINT('Ctrl Pts',(21.625337043984,4.72819897442123,-2.29512950503903));
#1069=CARTESIAN_POINT('Ctrl Pts',(18.0999027904082,4.9326865385199,-12.054725955446));
#1070=CARTESIAN_POINT('Ctrl Pts',(10.4533542142154,5.13717410261858,-19.0696155387358));
#1071=CARTESIAN_POINT('Ctrl Pts',(0.426713642739209,5.34166166671725,-21.7426032429922));
#1072=CARTESIAN_POINT('Ctrl Pts',(-9.69708409754382,5.54614923081593,-19.46508184232));
#1073=CARTESIAN_POINT('Ctrl Pts',(-17.6129826502445,5.7506367949146,-12.7556160590273));
#1074=CARTESIAN_POINT('Ctrl Pts',(-21.518632364881,5.95512435901327,-3.14185977661398));
#1075=CARTESIAN_POINT('Ctrl Pts',(-20.524773311011,6.15961192311195,7.18725190932328));
#1076=CARTESIAN_POINT('Ctrl Pts',(-14.8576823978669,6.36409948721061,15.8799302932967));
#1077=CARTESIAN_POINT('Ctrl Pts',(-5.80770677635342,6.5685870513093,20.9569339159323));
#1078=CARTESIAN_POINT('Ctrl Pts',(4.56464127603069,6.77307461540795,21.2623594484076));
#1079=CARTESIAN_POINT('Ctrl Pts',(13.8976124518965,6.97756217950665,16.7265346243297));
#1080=CARTESIAN_POINT('Ctrl Pts',(20.0664152498282,7.1820497436053,8.38247388375901));
#1081=CARTESIAN_POINT('Ctrl Pts',(21.6660772569662,7.38653730770399,-1.87053016367906));
#1082=CARTESIAN_POINT('Ctrl Pts',(18.3332239466407,7.59102487180265,-11.6968963799563));
#1083=CARTESIAN_POINT('Ctrl Pts',(10.8249641591815,7.79551243590133,-18.8615644134129));
#1084=CARTESIAN_POINT('Ctrl Pts',(4.17807108360985,7.93183747863378,-20.7720458554715));
#1085=CARTESIAN_POINT('Ctrl Pts',(0.820822128098382,8.,-20.9038733016321));
#1086=CARTESIAN_POINT('',(-11.366701619428,7.57199471976848,16.0651911590215));
#1087=CARTESIAN_POINT('Ctrl Pts',(-11.3667016194337,7.57199471975642,16.0651911590297));
#1088=CARTESIAN_POINT('Ctrl Pts',(-10.0274349535504,7.59362173224889,17.0312450517087));
#1089=CARTESIAN_POINT('Ctrl Pts',(-8.56980364977804,7.61446753697794,17.8273332979432));
#1090=CARTESIAN_POINT('Ctrl Pts',(-4.75575048244857,7.6645089640224,19.3253167773172));
#1091=CARTESIAN_POINT('Ctrl Pts',(-2.33903546210854,7.69250560008795,19.7898030036487));
#1092=CARTESIAN_POINT('Ctrl Pts',(2.56228898713611,7.74609720866714,19.8201768087115));
#1093=CARTESIAN_POINT('Ctrl Pts',(5.00456796312297,7.77120998287833,19.3783001082745));
#1094=CARTESIAN_POINT('Ctrl Pts',(9.62057579068941,7.81877590548048,17.6229419154355));
#1095=CARTESIAN_POINT('Ctrl Pts',(11.7520066744944,7.84080133664051,16.3191926949065));
#1096=CARTESIAN_POINT('Ctrl Pts',(15.4416653901302,7.88180754136693,12.9930971311257));
#1097=CARTESIAN_POINT('Ctrl Pts',(16.9646676856079,7.9004219349236,10.9964486939028));
#1098=CARTESIAN_POINT('Ctrl Pts',(19.2110406178554,7.93401820477413,6.54260913978433));
#1099=CARTESIAN_POINT('Ctrl Pts',(19.912319373025,7.94870755665085,4.1230075399407));
#1100=CARTESIAN_POINT('Ctrl Pts',(20.4027577411787,7.97351566687687,-0.850494903603843));
#1101=CARTESIAN_POINT('Ctrl Pts',(20.1874634781956,7.98344240632916,-3.36122783469423));
#1102=CARTESIAN_POINT('Ctrl Pts',(18.9352942725678,7.99640440934298,-7.92306218782257));
#1103=CARTESIAN_POINT('Ctrl Pts',(17.9985113717391,8.,-9.96134409838854));
#1104=CARTESIAN_POINT('Ctrl Pts',(16.7558932906619,8.,-11.8105901644224));
#1105=CARTESIAN_POINT('',(0.,3.83333384992881,-19.6797426985346));
#1106=CARTESIAN_POINT('Ctrl Pts',(-11.3667803343331,7.5719947197771,16.0645841369428));
#1107=CARTESIAN_POINT('Ctrl Pts',(-12.097620685515,7.5526998144197,15.5484220993186));
#1108=CARTESIAN_POINT('Ctrl Pts',(-12.7932889130905,7.53340490906231,14.9827248211142));
#1109=CARTESIAN_POINT('Ctrl Pts',(-13.4464572260822,7.51411000370492,14.3716030363815));
#1110=CARTESIAN_POINT('Ctrl Pts',(-15.7538849260569,7.4459474823387,12.2127118193668));
#1111=CARTESIAN_POINT('Ctrl Pts',(-17.5309241913847,7.37778496097247,9.48693398274191));
#1112=CARTESIAN_POINT('Ctrl Pts',(-18.5752668547707,7.30962243960625,6.50458656948158));
#1113=CARTESIAN_POINT('Ctrl Pts',(-19.6196095181568,7.24145991824002,3.52223915622124));
#1114=CARTESIAN_POINT('Ctrl Pts',(-19.9312555796011,7.1732973968738,0.283322166325496));
#1115=CARTESIAN_POINT('Ctrl Pts',(-19.4747280228792,7.10513487550758,-2.84343722276507));
#1116=CARTESIAN_POINT('Ctrl Pts',(-19.0182004661574,7.03697235414135,-5.97019661185563));
#1117=CARTESIAN_POINT('Ctrl Pts',(-17.7934992912693,6.96880983277512,-8.984798400141));
#1118=CARTESIAN_POINT('Ctrl Pts',(-15.9400478670737,6.9006473114089,-11.5440485508794));
#1119=CARTESIAN_POINT('Ctrl Pts',(-14.0865964428781,6.83248479004267,-14.1032987016177));
#1120=CARTESIAN_POINT('Ctrl Pts',(-11.6043947693751,6.76432226867645,-16.207197214809));
#1121=CARTESIAN_POINT('Ctrl Pts',(-8.77602575795981,6.69615974731023,-17.6162295867674));
#1122=CARTESIAN_POINT('Ctrl Pts',(-5.94765674654454,6.62799722594401,-19.0252619587259));
#1123=CARTESIAN_POINT('Ctrl Pts',(-2.77312039721707,6.55983470457778,-19.7394281894514));
#1124=CARTESIAN_POINT('Ctrl Pts',(0.386183083384294,6.49167218321156,-19.677424671213));
#1125=CARTESIAN_POINT('Ctrl Pts',(3.54548656398565,6.42350966184533,-19.6154211529747));
#1126=CARTESIAN_POINT('Ctrl Pts',(6.68955717586089,6.35534714047911,-18.7772478857725));
#1127=CARTESIAN_POINT('Ctrl Pts',(9.4604630551128,6.28718461911288,-17.2583258672712));
#1128=CARTESIAN_POINT('Ctrl Pts',(12.2313689343647,6.21902209774666,-15.7394038487699));
#1129=CARTESIAN_POINT('Ctrl Pts',(14.6291100809933,6.15085957638043,-13.5397330789694));
#1130=CARTESIAN_POINT('Ctrl Pts',(16.3807188397322,6.08269705501421,-10.9097311260774));
#1131=CARTESIAN_POINT('Ctrl Pts',(18.1323275984712,6.01453453364798,-8.27972917318539));
#1132=CARTESIAN_POINT('Ctrl Pts',(19.2378039693205,5.94637201228176,-5.21939603720176));
#1133=CARTESIAN_POINT('Ctrl Pts',(19.5712975994995,5.87820949091553,-2.07713193532516));
#1134=CARTESIAN_POINT('Ctrl Pts',(19.9047912296786,5.81004696954931,1.06513216655145));
#1135=CARTESIAN_POINT('Ctrl Pts',(19.4663021191873,5.74188444818309,4.28932723432103));
#1136=CARTESIAN_POINT('Ctrl Pts',(18.3057474454681,5.67372192681686,7.22840201071874));
#1137=CARTESIAN_POINT('Ctrl Pts',(17.1451927717488,5.60555940545064,10.1674767871165));
#1138=CARTESIAN_POINT('Ctrl Pts',(15.2625725348015,5.53739688408441,12.8214312721423));
#1139=CARTESIAN_POINT('Ctrl Pts',(12.872214800709,5.46923436271819,14.8881251973712));
#1140=CARTESIAN_POINT('Ctrl Pts',(10.4818570666164,5.40107184135196,16.9548191226));
#1141=CARTESIAN_POINT('Ctrl Pts',(7.58376183537861,5.33290931998574,18.4342524880319));
#1142=CARTESIAN_POINT('Ctrl Pts',(4.5078502569706,5.26474679861952,19.1580112051369));
#1143=CARTESIAN_POINT('Ctrl Pts',(1.43193867856259,5.19658427725329,19.8817699222419));
#1144=CARTESIAN_POINT('Ctrl Pts',(-1.82178924701563,5.12842175588707,19.8498539910199));
#1145=CARTESIAN_POINT('Ctrl Pts',(-4.88290119548393,5.06025923452085,19.0658769524483));
#1146=CARTESIAN_POINT('Ctrl Pts',(-7.94401314395224,4.99209671315462,18.2818999138767));
#1147=CARTESIAN_POINT('Ctrl Pts',(-10.8125091153106,4.9239341917884,16.7458617679555));
#1148=CARTESIAN_POINT('Ctrl Pts',(-13.1618631957669,4.85577167042217,14.6326709016004));
#1149=CARTESIAN_POINT('Ctrl Pts',(-15.5112172762231,4.78760914905595,12.5194800352453));
#1150=CARTESIAN_POINT('Ctrl Pts',(-17.3414294657772,4.71944662768973,9.82913644845645));
#1151=CARTESIAN_POINT('Ctrl Pts',(-18.4440734659707,4.6512841063235,6.86783599004145));
#1152=CARTESIAN_POINT('Ctrl Pts',(-19.5467174661643,4.58312158495728,3.90653553162645));
#1153=CARTESIAN_POINT('Ctrl Pts',(-19.9217932769972,4.51495906359105,0.674278201585337));
#1154=CARTESIAN_POINT('Ctrl Pts',(-19.5267405631535,4.44679654222483,-2.46079654914752));
#1155=CARTESIAN_POINT('Ctrl Pts',(-19.1316878493098,4.3786340208586,-5.5958712998804));
#1156=CARTESIAN_POINT('Ctrl Pts',(-17.9665066107893,4.31047149949238,-8.63376347130502));
#1157=CARTESIAN_POINT('Ctrl Pts',(-16.1635587925788,4.24230897812615,-11.2289745814662));
#1158=CARTESIAN_POINT('Ctrl Pts',(-14.3606109743683,4.17414645675993,-13.8241856916274));
#1159=CARTESIAN_POINT('Ctrl Pts',(-11.9198965764677,4.1059839353937,-15.9767157405252));
#1160=CARTESIAN_POINT('Ctrl Pts',(-9.11990595577553,4.03782141402748,-17.440604992252));
#1161=CARTESIAN_POINT('Ctrl Pts',(-6.31991533508332,3.96965889266126,-18.9044942439788));
#1162=CARTESIAN_POINT('Ctrl Pts',(-3.16064849159946,3.90149637129503,-19.6797426985346));
#1163=CARTESIAN_POINT('Ctrl Pts',(0.,3.83333384992881,-19.6797426985346));
#1164=CARTESIAN_POINT('',(0.,4.,-19.5));
#1165=CARTESIAN_POINT('Ctrl Pts',(0.,2.31668535423755,-20.9199830708086));
#1166=CARTESIAN_POINT('Ctrl Pts',(-3.30484068697515,2.38373215565328,-20.9199830708086));
#1167=CARTESIAN_POINT('Ctrl Pts',(-9.91181685823369,2.51782575848473,-19.3262634601402));
#1168=CARTESIAN_POINT('Ctrl Pts',(-17.6399686849217,2.7189661627319,-12.6713858146447));
#1169=CARTESIAN_POINT('Ctrl Pts',(-21.4785491778036,2.92010656697908,-3.2247922558836));
#1170=CARTESIAN_POINT('Ctrl Pts',(-20.5831006345341,3.12124697122625,6.93336563768933));
#1171=CARTESIAN_POINT('Ctrl Pts',(-15.1501806328063,3.32238737547342,15.5628290492593));
#1172=CARTESIAN_POINT('Ctrl Pts',(-6.3777942356814,3.5235277797206,20.7619026837216));
#1173=CARTESIAN_POINT('Ctrl Pts',(3.80053639006748,3.72466818396777,21.384279108754));
#1174=CARTESIAN_POINT('Ctrl Pts',(13.1410696926212,3.92580858821494,17.2928942025418));
#1175=CARTESIAN_POINT('Ctrl Pts',(19.5848921457949,4.12694899246212,9.38956133398614));
#1176=CARTESIAN_POINT('Ctrl Pts',(21.711547220406,4.32808939670929,-0.583531631320601));
#1177=CARTESIAN_POINT('Ctrl Pts',(19.0522617886902,4.52922980095647,-10.4280000247637));
#1178=CARTESIAN_POINT('Ctrl Pts',(12.1932244879589,4.73037020520365,-17.973789093216));
#1179=CARTESIAN_POINT('Ctrl Pts',(2.64639741397135,4.93151060945081,-21.5575606526781));
#1180=CARTESIAN_POINT('Ctrl Pts',(-7.48378383796583,5.13265101369799,-20.3893308239898));
#1181=CARTESIAN_POINT('Ctrl Pts',(-15.9642908789892,5.33379141794516,-14.7266170712891));
#1182=CARTESIAN_POINT('Ctrl Pts',(-20.9257392841304,5.53493182219234,-5.81766877606963));
#1183=CARTESIAN_POINT('Ctrl Pts',(-21.2744612093945,5.7360722264395,4.37368653235778));
#1184=CARTESIAN_POINT('Ctrl Pts',(-16.9335869086214,5.93721263068669,13.6009362321741));
#1185=CARTESIAN_POINT('Ctrl Pts',(-8.85998881890969,6.13835303493386,19.8300892256027));
#1186=CARTESIAN_POINT('Ctrl Pts',(1.16664432109625,6.33949343918104,21.6880326173036));
#1187=CARTESIAN_POINT('Ctrl Pts',(10.93611058624,6.5406338434282,18.7652164662917));
#1188=CARTESIAN_POINT('Ctrl Pts',(18.2948952693111,6.74177424767539,11.7059215337199));
#1189=CARTESIAN_POINT('Ctrl Pts',(21.620879534963,6.94291465192255,2.06626003729509));
#1190=CARTESIAN_POINT('Ctrl Pts',(20.1809038554021,7.14405505616974,-8.0288867313998));
#1191=CARTESIAN_POINT('Ctrl Pts',(14.2923913871749,7.3451954604169,-16.3541743383495));
#1192=CARTESIAN_POINT('Ctrl Pts',(5.2533557263829,7.54633586466408,-21.0745134219772));
#1193=CARTESIAN_POINT('Ctrl Pts',(-4.94368051942819,7.74747626891124,-21.1492232515748));
#1194=CARTESIAN_POINT('Ctrl Pts',(-14.0509922474433,7.94861667315844,-16.5621619258941));
#1195=CARTESIAN_POINT('Ctrl Pts',(-20.0609461149064,8.1497570774056,-8.32380927531115));
#1196=CARTESIAN_POINT('Ctrl Pts',(-21.648909865974,8.35089748165277,1.7484894290589));
#1197=CARTESIAN_POINT('Ctrl Pts',(-18.4645246017404,8.55203788589995,11.4372157448235));
#1198=CARTESIAN_POINT('Ctrl Pts',(-13.6281847341909,8.6861314887314,16.2123485189522));
#1199=CARTESIAN_POINT('Ctrl Pts',(-10.7975678206392,8.75317829014712,17.9180975787502));
#1200=CARTESIAN_POINT('Ctrl Pts',(0.,1.87779023615837,-20.4466553805391));
#1201=CARTESIAN_POINT('Ctrl Pts',(-3.23006660117498,1.94483703757409,-20.4466553805391));
#1202=CARTESIAN_POINT('Ctrl Pts',(-9.68755580773463,2.07893064040554,-18.8889946720075));
#1203=CARTESIAN_POINT('Ctrl Pts',(-17.2408533698758,2.28007104465272,-12.384687792));
#1204=CARTESIAN_POINT('Ctrl Pts',(-20.9925835803048,2.48121144889989,-3.15182931586066));
#1205=CARTESIAN_POINT('Ctrl Pts',(-20.1173951199094,2.68235185314707,6.77649390734549));
#1206=CARTESIAN_POINT('Ctrl Pts',(-14.8073983283551,2.88349225739424,15.210710316514));
#1207=CARTESIAN_POINT('Ctrl Pts',(-6.23349265549504,3.08463266164141,20.2921516609973));
#1208=CARTESIAN_POINT('Ctrl Pts',(3.71454687921523,3.28577306588858,20.9004464304786));
#1209=CARTESIAN_POINT('Ctrl Pts',(12.8437447787231,3.48691347013576,16.9016316645531));
#1210=CARTESIAN_POINT('Ctrl Pts',(19.1417717220273,3.68805387438293,9.1771166410905));
#1211=CARTESIAN_POINT('Ctrl Pts',(21.2203098965884,3.88919427863011,-0.57032886350204));
#1212=CARTESIAN_POINT('Ctrl Pts',(18.6211924596029,4.09033468287728,-10.1920600075493));
#1213=CARTESIAN_POINT('Ctrl Pts',(11.9173451641425,4.29147508712446,-17.5671208828217));
#1214=CARTESIAN_POINT('Ctrl Pts',(2.58652101869651,4.49261549137163,-21.0698073711844));
#1215=CARTESIAN_POINT('Ctrl Pts',(-7.31445855187399,4.69375589561881,-19.9280094724191));
#1216=CARTESIAN_POINT('Ctrl Pts',(-15.6030888214652,4.89489629986598,-14.39341815711));
#1217=CARTESIAN_POINT('Ctrl Pts',(-20.4522813559372,5.09603670411315,-5.68604038443997));
#1218=CARTESIAN_POINT('Ctrl Pts',(-20.7931132297194,5.29717710836033,4.27472914136387));
#1219=CARTESIAN_POINT('Ctrl Pts',(-16.5504539226955,5.4983175126075,13.2932065504392));
#1220=CARTESIAN_POINT('Ctrl Pts',(-8.65952603510754,5.69945791685467,19.3814210646761));
#1221=CARTESIAN_POINT('Ctrl Pts',(1.14024826427339,5.90059832110185,21.1973273260759));
#1222=CARTESIAN_POINT('Ctrl Pts',(10.6886742500443,6.10173872534902,18.3406417170037));
#1223=CARTESIAN_POINT('Ctrl Pts',(17.8809618310174,6.3028791295962,11.4410677437681));
#1224=CARTESIAN_POINT('Ctrl Pts',(21.1316936241885,6.50401953384337,2.01950961270638));
#1225=CARTESIAN_POINT('Ctrl Pts',(19.7242982942457,6.70515993809055,-7.84722815169894));
#1226=CARTESIAN_POINT('Ctrl Pts',(13.9690171004548,6.90630034233772,-15.9841509239119));
#1227=CARTESIAN_POINT('Ctrl Pts',(5.13449527015228,7.10744074658489,-20.5976893859435));
#1228=CARTESIAN_POINT('Ctrl Pts',(-4.8318266582768,7.30858115083207,-20.6707088589589));
#1229=CARTESIAN_POINT('Ctrl Pts',(-13.7330797671145,7.50972155507924,-16.187432662313));
#1230=CARTESIAN_POINT('Ctrl Pts',(-19.6070546725925,7.71086195932642,-8.13547788875162));
#1231=CARTESIAN_POINT('Ctrl Pts',(-21.1590897514437,7.91200236357359,1.70892876306238));
#1232=CARTESIAN_POINT('Ctrl Pts',(-18.0467531937959,8.11314276782077,11.1784415912647));
#1233=CARTESIAN_POINT('Ctrl Pts',(-13.3198385380698,8.24723637065221,15.8455340023082));
#1234=CARTESIAN_POINT('Ctrl Pts',(-10.5532661010932,8.31428317206794,17.5126894236735));
#1235=CARTESIAN_POINT('Ctrl Pts',(0.,1.43889511807918,-19.9733276902695));
#1236=CARTESIAN_POINT('Ctrl Pts',(-3.15529251537481,1.50594191949491,-19.9733276902695));
#1237=CARTESIAN_POINT('Ctrl Pts',(-9.46329475723553,1.64003552232636,-18.4517258838748));
#1238=CARTESIAN_POINT('Ctrl Pts',(-16.8417380548299,1.84117592657353,-12.0979897693554));
#1239=CARTESIAN_POINT('Ctrl Pts',(-20.5066179828059,2.04231633082071,-3.07886637583771));
#1240=CARTESIAN_POINT('Ctrl Pts',(-19.6516896052848,2.24345673506788,6.61962217700164));
#1241=CARTESIAN_POINT('Ctrl Pts',(-14.4646160239038,2.44459713931505,14.8585915837687));
#1242=CARTESIAN_POINT('Ctrl Pts',(-6.08919107530868,2.64573754356223,19.8224006382731));
#1243=CARTESIAN_POINT('Ctrl Pts',(3.628557368363,2.8468779478094,20.4166137522032));
#1244=CARTESIAN_POINT('Ctrl Pts',(12.5464198648249,3.04801835205658,16.5103691265645));
#1245=CARTESIAN_POINT('Ctrl Pts',(18.6986512982598,3.24915875630375,8.96467194819486));
#1246=CARTESIAN_POINT('Ctrl Pts',(20.7290725727708,3.45029916055092,-0.557126095683469));
#1247=CARTESIAN_POINT('Ctrl Pts',(18.1901231305156,3.6514395647981,-9.95611999033486));
#1248=CARTESIAN_POINT('Ctrl Pts',(11.6414658403262,3.85257996904527,-17.1604526724275));
#1249=CARTESIAN_POINT('Ctrl Pts',(2.52664462342169,4.05372037329245,-20.5820540896908));
#1250=CARTESIAN_POINT('Ctrl Pts',(-7.14513326578216,4.25486077753962,-19.4666881208485));
#1251=CARTESIAN_POINT('Ctrl Pts',(-15.2418867639412,4.4560011817868,-14.060219242931));
#1252=CARTESIAN_POINT('Ctrl Pts',(-19.9788234277441,4.65714158603397,-5.55441199281031));
#1253=CARTESIAN_POINT('Ctrl Pts',(-20.3117652500443,4.85828199028114,4.17577175036998));
#1254=CARTESIAN_POINT('Ctrl Pts',(-16.1673209367697,5.05942239452831,12.9854768687043));
#1255=CARTESIAN_POINT('Ctrl Pts',(-8.45906325130537,5.26056279877549,18.9327529037497));
#1256=CARTESIAN_POINT('Ctrl Pts',(1.11385220745052,5.46170320302267,20.7066220348482));
#1257=CARTESIAN_POINT('Ctrl Pts',(10.4412379138485,5.66284360726984,17.9160669677157));
#1258=CARTESIAN_POINT('Ctrl Pts',(17.4670283927237,5.86398401151701,11.1762139538162));
#1259=CARTESIAN_POINT('Ctrl Pts',(20.6425077134141,6.06512441576419,1.97275918811765));
#1260=CARTESIAN_POINT('Ctrl Pts',(19.2676927330893,6.26626482001137,-7.66556957199806));
#1261=CARTESIAN_POINT('Ctrl Pts',(13.6456428137347,6.46740522425853,-15.6141275094744));
#1262=CARTESIAN_POINT('Ctrl Pts',(5.01563481392167,6.66854562850571,-20.1208653499099));
#1263=CARTESIAN_POINT('Ctrl Pts',(-4.71997279712543,6.86968603275288,-20.1921944663431));
#1264=CARTESIAN_POINT('Ctrl Pts',(-13.4151672867857,7.07082643700006,-15.8127033987319));
#1265=CARTESIAN_POINT('Ctrl Pts',(-19.1531632302787,7.27196684124723,-7.9471465021921));
#1266=CARTESIAN_POINT('Ctrl Pts',(-20.6692696369134,7.47310724549441,1.66936809706586));
#1267=CARTESIAN_POINT('Ctrl Pts',(-17.6289817858514,7.67424764974158,10.919667437706));
#1268=CARTESIAN_POINT('Ctrl Pts',(-13.0114923419487,7.80834125257303,15.4787194856641));
#1269=CARTESIAN_POINT('Ctrl Pts',(-10.3089643815472,7.87538805398875,17.1072812685967));
#1270=CARTESIAN_POINT('Ctrl Pts',(0.,0.999999999999998,-19.5));
#1271=CARTESIAN_POINT('Ctrl Pts',(-3.08051842957464,1.06704680141572,-19.5));
#1272=CARTESIAN_POINT('Ctrl Pts',(-9.23903370673646,1.20114040424717,-18.0144570957421));
#1273=CARTESIAN_POINT('Ctrl Pts',(-16.442622739784,1.40228080849435,-11.8112917467108));
#1274=CARTESIAN_POINT('Ctrl Pts',(-20.0206523853071,1.60342121274152,-3.00590343581475));
#1275=CARTESIAN_POINT('Ctrl Pts',(-19.1859840906602,1.8045616169887,6.46275044665778));
#1276=CARTESIAN_POINT('Ctrl Pts',(-14.1218337194526,2.00570202123587,14.5064728510235));
#1277=CARTESIAN_POINT('Ctrl Pts',(-5.94488949512233,2.20684242548304,19.3526496155488));
#1278=CARTESIAN_POINT('Ctrl Pts',(3.54256785751075,2.40798282973021,19.9327810739278));
#1279=CARTESIAN_POINT('Ctrl Pts',(12.2490949509267,2.60912323397739,16.1191065885758));
#1280=CARTESIAN_POINT('Ctrl Pts',(18.2555308744922,2.81026363822456,8.75222725529923));
#1281=CARTESIAN_POINT('Ctrl Pts',(20.2378352489532,3.01140404247174,-0.543923327864912));
#1282=CARTESIAN_POINT('Ctrl Pts',(17.7590538014283,3.21254444671891,-9.72017997312042));
#1283=CARTESIAN_POINT('Ctrl Pts',(11.3655865165099,3.41368485096609,-16.7537844620332));
#1284=CARTESIAN_POINT('Ctrl Pts',(2.46676822814687,3.61482525521326,-20.0943008081972));
#1285=CARTESIAN_POINT('Ctrl Pts',(-6.97580797969034,3.81596565946044,-19.0053667692778));
#1286=CARTESIAN_POINT('Ctrl Pts',(-14.8806847064172,4.01710606370761,-13.727020328752));
#1287=CARTESIAN_POINT('Ctrl Pts',(-19.5053654995511,4.21824646795478,-5.42278360118064));
#1288=CARTESIAN_POINT('Ctrl Pts',(-19.8304172703691,4.41938687220196,4.07681435937606));
#1289=CARTESIAN_POINT('Ctrl Pts',(-15.7841879508439,4.62052727644913,12.6777471869695));
#1290=CARTESIAN_POINT('Ctrl Pts',(-8.25860046750319,4.8216676806963,18.4840847428231));
#1291=CARTESIAN_POINT('Ctrl Pts',(1.08745615062764,5.02280808494348,20.2159167436206));
#1292=CARTESIAN_POINT('Ctrl Pts',(10.1938015776528,5.22394848919065,17.4914922184277));
#1293=CARTESIAN_POINT('Ctrl Pts',(17.05309495443,5.42508889343783,10.9113601638644));
#1294=CARTESIAN_POINT('Ctrl Pts',(20.1533218026396,5.626229297685,1.92600876352893));
#1295=CARTESIAN_POINT('Ctrl Pts',(18.8110871719329,5.82736970193218,-7.4839109922972));
#1296=CARTESIAN_POINT('Ctrl Pts',(13.3222685270146,6.02851010617935,-15.2441040950368));
#1297=CARTESIAN_POINT('Ctrl Pts',(4.89677435769105,6.22965051042652,-19.6440413138762));
#1298=CARTESIAN_POINT('Ctrl Pts',(-4.60811893597405,6.4307909146737,-19.7136800737272));
#1299=CARTESIAN_POINT('Ctrl Pts',(-13.0972548064569,6.63193131892086,-15.4379741351507));
#1300=CARTESIAN_POINT('Ctrl Pts',(-18.6992717879649,6.83307172316805,-7.75881511563258));
#1301=CARTESIAN_POINT('Ctrl Pts',(-20.1794495223832,7.03421212741522,1.62980743106934));
#1302=CARTESIAN_POINT('Ctrl Pts',(-17.2112103779069,7.2353525316624,10.6608932841473));
#1303=CARTESIAN_POINT('Ctrl Pts',(-12.7031461458276,7.36944613449384,15.1119049690201));
#1304=CARTESIAN_POINT('Ctrl Pts',(-10.0646626620012,7.43649293590957,16.7018731135199));
#1305=CARTESIAN_POINT('',(0.,2.31668535423755,-20.9199830708086));
#1306=CARTESIAN_POINT('',(4.77612251667468E-15,3.66666666666666,-19.5));
#1307=CARTESIAN_POINT('Ctrl Pts',(0.000388891492941169,3.66666666666666,
-19.4997814937705));
#1308=CARTESIAN_POINT('Ctrl Pts',(0.794367085367338,3.6493861961822,-19.5004577389151));
#1309=CARTESIAN_POINT('Ctrl Pts',(1.58826458586899,3.63210572569773,-19.4527785846745));
#1310=CARTESIAN_POINT('Ctrl Pts',(2.37614190823453,3.61482525521326,-19.35605907735));
#1311=CARTESIAN_POINT('Ctrl Pts',(5.43304099093457,3.54777845379754,-18.9807953594759));
#1312=CARTESIAN_POINT('Ctrl Pts',(8.39931375372223,3.48073165238181,-17.8672899107546));
#1313=CARTESIAN_POINT('Ctrl Pts',(10.9480280159358,3.41368485096609,-16.1382697715751));
#1314=CARTESIAN_POINT('Ctrl Pts',(13.4967422781494,3.34663804955036,-14.4092496323956));
#1315=CARTESIAN_POINT('Ctrl Pts',(15.6278980397888,3.27959124813464,-12.064714802758));
#1316=CARTESIAN_POINT('Ctrl Pts',(17.1066061618627,3.21254444671891,-9.36307128039664));
#1317=CARTESIAN_POINT('Ctrl Pts',(18.5853142839366,3.14549764530319,-6.66142775803525));
#1318=CARTESIAN_POINT('Ctrl Pts',(19.4115747664449,3.07845084388746,-3.60267554295008));
#1319=CARTESIAN_POINT('Ctrl Pts',(19.4943209452889,3.01140404247174,-0.52394100488014));
#1320=CARTESIAN_POINT('Ctrl Pts',(19.4990123992086,3.00760269498116,-0.349386222797565));
#1321=CARTESIAN_POINT('Ctrl Pts',(19.5013137956645,3.00380134749058,-0.174767206711747));
#1322=CARTESIAN_POINT('Ctrl Pts',(19.5012384074784,3.,-0.000146201589711917));
#1323=CARTESIAN_POINT('Ctrl Pts',(0.,3.83333384992881,-19.6797426985346));
#1324=CARTESIAN_POINT('Ctrl Pts',(-1.13427931407059E-17,3.77777812217476,
-19.6198284656897));
#1325=CARTESIAN_POINT('Ctrl Pts',(4.77612251667468E-15,3.72222239442072,
-19.5599142328449));
#1326=CARTESIAN_POINT('Ctrl Pts',(4.77612251667468E-15,3.66666666666666,
-19.5));
#1327=CARTESIAN_POINT('Ctrl Pts',(-20.1996015246207,8.,3.49658379658501));
#1328=CARTESIAN_POINT('Ctrl Pts',(-19.794036743731,8.,5.56381784033801));
#1329=CARTESIAN_POINT('Ctrl Pts',(-19.0683235597037,7.99693015984422,7.55736676470664));
#1330=CARTESIAN_POINT('Ctrl Pts',(-16.9715048428179,7.97870398334571,11.3295270918648));
#1331=CARTESIAN_POINT('Ctrl Pts',(-15.5838200408757,7.96492289534688,13.0716516043196));
#1332=CARTESIAN_POINT('Ctrl Pts',(-12.6007620016297,7.90348747225993,15.7168846669272));
#1333=CARTESIAN_POINT('Ctrl Pts',(-11.4090478363334,7.86477660263354,16.4310207440709));
#1334=CARTESIAN_POINT('Ctrl Pts',(-10.6064560993031,7.80538366089286,16.847097898932));
#1335=CARTESIAN_POINT('Ctrl Pts',(-10.4572202215464,7.79050799282636,16.9159536635015));
#1336=CARTESIAN_POINT('Ctrl Pts',(-10.3294194304385,7.76903665738657,16.9632949168919));
#1337=CARTESIAN_POINT('Ctrl Pts',(-10.2966682617512,7.76267923886019,16.9742588388595));
#1338=CARTESIAN_POINT('Ctrl Pts',(-10.2615480123493,7.75204003501956,16.9811875380511));
#1339=CARTESIAN_POINT('Ctrl Pts',(-10.2514204400372,7.74844869518534,16.9825259353724));
#1340=CARTESIAN_POINT('Ctrl Pts',(-10.240283987799,7.74262254065237,16.9816606539169));
#1341=CARTESIAN_POINT('Ctrl Pts',(-10.2370794205245,7.74066922344216,16.9810671288651));
#1342=CARTESIAN_POINT('Ctrl Pts',(-10.2327893764644,7.73705546394345,16.9790317364397));
#1343=CARTESIAN_POINT('Ctrl Pts',(-10.2313697566,7.73554581684523,16.9779683772229));
#1344=CARTESIAN_POINT('Ctrl Pts',(-10.2294432033099,7.732525968665,16.9753193270555));
#1345=CARTESIAN_POINT('Ctrl Pts',(-10.2289177380961,7.73112707953886,16.9738824625609));
#1346=CARTESIAN_POINT('Ctrl Pts',(-10.2284917014236,7.72807564367324,16.970336478227));
#1347=CARTESIAN_POINT('Ctrl Pts',(-10.2287736395649,7.72651317213476,16.9682348626351));
#1348=CARTESIAN_POINT('Ctrl Pts',(-10.2303736589919,7.72254050139988,16.9623857922708));
#1349=CARTESIAN_POINT('Ctrl Pts',(-10.2324165794556,7.72026740904367,16.9583935022645));
#1350=CARTESIAN_POINT('Ctrl Pts',(-10.2401885951814,7.71358645386755,16.9456434366682));
#1351=CARTESIAN_POINT('Ctrl Pts',(-10.2489450870129,7.70933157183363,16.9353342517597));
#1352=CARTESIAN_POINT('Ctrl Pts',(-10.2879399808911,7.69389177027827,16.8937157315353));
#1353=CARTESIAN_POINT('Ctrl Pts',(-10.3385501968511,7.68257451647448,16.8503890917537));
#1354=CARTESIAN_POINT('Ctrl Pts',(-10.596052180123,7.63821579972367,16.6436535158749));
#1355=CARTESIAN_POINT('Ctrl Pts',(-10.9327951728272,7.6054387830236,16.40076456743));
#1356=CARTESIAN_POINT('Ctrl Pts',(-11.366701619489,7.57199471987281,16.06519115909));
#1357=CARTESIAN_POINT('Origin',(0.,2.50000062052484,-19.9461882384272));
#1358=CARTESIAN_POINT('',(0.,0.,-19.5));
#1359=CARTESIAN_POINT('Origin',(0.,0.,0.));
#1360=CARTESIAN_POINT('Origin',(0.,1.,0.));
#1361=CARTESIAN_POINT('Origin',(0.,7.,0.));
#1362=CARTESIAN_POINT('Origin',(0.,0.5,0.));
#1363=CARTESIAN_POINT('',(-19.,0.5,2.32682891837997E-15));
#1364=UNCERTAINTY_MEASURE_WITH_UNIT(LENGTH_MEASURE(0.01),#1368,
'DISTANCE_ACCURACY_VALUE',
'Maximum model space distance between geometric entities at asserted c
onnectivities');
#1365=UNCERTAINTY_MEASURE_WITH_UNIT(LENGTH_MEASURE(0.01),#1368,
'DISTANCE_ACCURACY_VALUE',
'Maximum model space distance between geometric entities at asserted c
onnectivities');
#1366=(
GEOMETRIC_REPRESENTATION_CONTEXT(3)
GLOBAL_UNCERTAINTY_ASSIGNED_CONTEXT((#1364))
GLOBAL_UNIT_ASSIGNED_CONTEXT((#1368,#1370,#1371))
REPRESENTATION_CONTEXT('','3D')
);
#1367=(
GEOMETRIC_REPRESENTATION_CONTEXT(3)
GLOBAL_UNCERTAINTY_ASSIGNED_CONTEXT((#1365))
GLOBAL_UNIT_ASSIGNED_CONTEXT((#1368,#1370,#1371))
REPRESENTATION_CONTEXT('','3D')
);
#1368=(
LENGTH_UNIT()
NAMED_UNIT(*)
SI_UNIT(.MILLI.,.METRE.)
);
#1369=(
LENGTH_UNIT()
NAMED_UNIT(*)
SI_UNIT(.CENTI.,.METRE.)
);
#1370=(
NAMED_UNIT(*)
PLANE_ANGLE_UNIT()
SI_UNIT($,.RADIAN.)
);
#1371=(
NAMED_UNIT(*)
SI_UNIT($,.STERADIAN.)
SOLID_ANGLE_UNIT()
);
#1372=SHAPE_DEFINITION_REPRESENTATION(#1373,#1374);
#1373=PRODUCT_DEFINITION_SHAPE('',$,#1376);
#1374=SHAPE_REPRESENTATION('',(#364),#1366);
#1375=PRODUCT_DEFINITION_CONTEXT('part definition',#1380,'design');
#1376=PRODUCT_DEFINITION('Anchor-Lid_V2-01_26-02-24',
'Anchor-Lid_V2-01_26-02-24',#1377,#1375);
#1377=PRODUCT_DEFINITION_FORMATION('',$,#1382);
#1378=PRODUCT_RELATED_PRODUCT_CATEGORY('Anchor-Lid_V2-01_26-02-24',
'Anchor-Lid_V2-01_26-02-24',(#1382));
#1379=APPLICATION_PROTOCOL_DEFINITION('international standard',
'automotive_design',2009,#1380);
#1380=APPLICATION_CONTEXT(
'Core Data for Automotive Mechanical Design Process');
#1381=PRODUCT_CONTEXT('part definition',#1380,'mechanical');
#1382=PRODUCT('Anchor-Lid_V2-01_26-02-24','Anchor-Lid_V2-01_26-02-24',$,
(#1381));
#1383=PRESENTATION_STYLE_ASSIGNMENT((#1384));
#1384=SURFACE_STYLE_USAGE(.BOTH.,#1387);
#1385=SURFACE_STYLE_RENDERING_WITH_PROPERTIES($,#1391,(#1386));
#1386=SURFACE_STYLE_TRANSPARENT(0.);
#1387=SURFACE_SIDE_STYLE('',(#1388,#1385));
#1388=SURFACE_STYLE_FILL_AREA(#1389);
#1389=FILL_AREA_STYLE('',(#1390));
#1390=FILL_AREA_STYLE_COLOUR('',#1391);
#1391=COLOUR_RGB('',0.749019607843137,0.749019607843137,0.749019607843137);
ENDSEC;
END-ISO-10303-21;
