ISO-10303-21;
HEADER;
/* Generated by software containing ST-Developer
 * from STEP Tools, Inc. (www.steptools.com) 
 */

FILE_DESCRIPTION(
/* description */ (''),
/* implementation_level */ '2;1');

FILE_NAME(
/* name */ 'BTM cover_V2-00_26-02-24.stp',
/* time_stamp */ '2026-02-24T09:03:09+01:00',
/* author */ ('andre'),
/* organization */ (''),
/* preprocessor_version */ 'ST-DEVELOPER v20.1',
/* originating_system */ 'Autodesk Inventor 2026',
/* authorisation */ '');

FILE_SCHEMA (('AUTOMOTIVE_DESIGN { 1 0 10303 214 3 1 1 }'));
ENDSEC;

DATA;
#10=MECHANICAL_DESIGN_GEOMETRIC_PRESENTATION_REPRESENTATION('',(#13),#1769);
#11=SHAPE_REPRESENTATION_RELATIONSHIP('SRR','None',#1776,#12);
#12=ADVANCED_BREP_SHAPE_REPRESENTATION('',(#14),#1768);
#13=STYLED_ITEM('',(#1785),#14);
#14=MANIFOLD_SOLID_BREP('Solid1',#301);
#15=B_SPLINE_SURFACE_WITH_KNOTS('',3,3,((#532,#533,#534,#535,#536,#537,
#538,#539),(#540,#541,#542,#543,#544,#545,#546,#547),(#548,#549,#550,#551,
#552,#553,#554,#555),(#556,#557,#558,#559,#560,#561,#562,#563),(#564,#565,
#566,#567,#568,#569,#570,#571)),.UNSPECIFIED.,.F.,.F.,.F.,(4,1,4),(4,1,
1,1,1,4),(0.,0.5,1.),(3.97805586602387,4.68622155202489,6.10255292402692,
7.51888429602896,8.22704998202997,8.93521566803099),.UNSPECIFIED.);
#16=B_SPLINE_SURFACE_WITH_KNOTS('',3,3,((#641,#642,#643,#644,#645,#646,
#647,#648,#649,#650,#651,#652,#653,#654,#655,#656,#657,#658),(#659,#660,
#661,#662,#663,#664,#665,#666,#667,#668,#669,#670,#671,#672,#673,#674,#675,
#676),(#677,#678,#679,#680,#681,#682,#683,#684,#685,#686,#687,#688,#689,
#690,#691,#692,#693,#694),(#695,#696,#697,#698,#699,#700,#701,#702,#703,
#704,#705,#706,#707,#708,#709,#710,#711,#712),(#713,#714,#715,#716,#717,
#718,#719,#720,#721,#722,#723,#724,#725,#726,#727,#728,#729,#730)),
 .UNSPECIFIED.,.F.,.F.,.F.,(4,1,4),(4,1,1,1,1,1,1,1,1,1,1,1,1,1,1,4),(0.,
0.5,1.),(3.82067820782404,4.33024361996327,4.8398090321025,5.34937444424173,
6.3685052685202,6.87807068065943,7.00546203369424,7.13285338672905,7.19654906324645,
7.26024473976385,7.32394041628126,7.35578825453996,7.37171217366931,7.37967413323399,
7.38365511301632,7.38763609279866),.UNSPECIFIED.);
#17=B_SPLINE_SURFACE_WITH_KNOTS('',3,3,((#790,#791,#792,#793,#794,#795,
#796,#797,#798,#799,#800,#801,#802,#803,#804,#805,#806,#807,#808,#809,#810,
#811,#812,#813,#814,#815,#816,#817),(#818,#819,#820,#821,#822,#823,#824,
#825,#826,#827,#828,#829,#830,#831,#832,#833,#834,#835,#836,#837,#838,#839,
#840,#841,#842,#843,#844,#845),(#846,#847,#848,#849,#850,#851,#852,#853,
#854,#855,#856,#857,#858,#859,#860,#861,#862,#863,#864,#865,#866,#867,#868,
#869,#870,#871,#872,#873),(#874,#875,#876,#877,#878,#879,#880,#881,#882,
#883,#884,#885,#886,#887,#888,#889,#890,#891,#892,#893,#894,#895,#896,#897,
#898,#899,#900,#901),(#902,#903,#904,#905,#906,#907,#908,#909,#910,#911,
#912,#913,#914,#915,#916,#917,#918,#919,#920,#921,#922,#923,#924,#925,#926,
#927,#928,#929)),.UNSPECIFIED.,.F.,.F.,.F.,(4,1,4),(4,1,1,1,1,1,1,1,1,1,
1,1,1,1,1,1,1,1,1,1,1,1,1,1,1,4),(0.,0.5,1.),(1.06165610608232E-16,0.932264238266903,
1.8645284765338,2.79679271480071,3.72905695306761,4.97207593742348,6.21509492177935,
7.45811390613522,8.07962339831315,9.32264238266902,10.2549066209359,11.1871708592028,
12.1194350974697,13.0516993357366,13.9839635740035,14.9162278122704,16.1592467966263,
17.4022657809822,18.645284765338,19.8883037496939,21.1313227340498,22.3743417184057,
23.3066059566726,24.2388701949395,25.1711344332064,26.1033986714733),
 .UNSPECIFIED.);
#18=B_SPLINE_SURFACE_WITH_KNOTS('',3,3,((#1028,#1029,#1030,#1031,#1032,
#1033,#1034,#1035,#1036,#1037,#1038,#1039,#1040,#1041,#1042,#1043,#1044,
#1045,#1046,#1047,#1048,#1049,#1050,#1051,#1052,#1053,#1054,#1055,#1056,
#1057,#1058,#1059,#1060,#1061,#1062,#1063,#1064,#1065,#1066,#1067,#1068),
(#1069,#1070,#1071,#1072,#1073,#1074,#1075,#1076,#1077,#1078,#1079,#1080,
#1081,#1082,#1083,#1084,#1085,#1086,#1087,#1088,#1089,#1090,#1091,#1092,
#1093,#1094,#1095,#1096,#1097,#1098,#1099,#1100,#1101,#1102,#1103,#1104,
#1105,#1106,#1107,#1108,#1109),(#1110,#1111,#1112,#1113,#1114,#1115,#1116,
#1117,#1118,#1119,#1120,#1121,#1122,#1123,#1124,#1125,#1126,#1127,#1128,
#1129,#1130,#1131,#1132,#1133,#1134,#1135,#1136,#1137,#1138,#1139,#1140,
#1141,#1142,#1143,#1144,#1145,#1146,#1147,#1148,#1149,#1150),(#1151,#1152,
#1153,#1154,#1155,#1156,#1157,#1158,#1159,#1160,#1161,#1162,#1163,#1164,
#1165,#1166,#1167,#1168,#1169,#1170,#1171,#1172,#1173,#1174,#1175,#1176,
#1177,#1178,#1179,#1180,#1181,#1182,#1183,#1184,#1185,#1186,#1187,#1188,
#1189,#1190,#1191)),.UNSPECIFIED.,.F.,.F.,.F.,(4,4),(4,1,1,1,1,1,1,1,1,
1,1,1,1,1,1,1,1,1,1,1,1,1,1,1,1,1,1,1,1,1,1,1,1,1,1,1,1,1,4),(0.,0.193649167310372),
(0.,0.496040945303652,0.992081890607303,1.48812283591095,1.98416378121461,
2.48020472651826,2.97624567182191,3.47228661712556,3.96832756242921,4.46436850773286,
4.96040945303652,5.45645039834017,5.95249134364382,6.44853228894747,6.94457323425112,
7.44061417955477,7.93665512485842,8.43269607016208,8.92873701546573,9.42477796076938,
9.92081890607303,10.4168598513767,10.9129007966803,11.408941741984,11.9049826872876,
12.4010236325913,12.8970645778949,13.3931055231986,13.8891464685022,14.3851874138059,
14.8812283591095,15.3772693044132,15.8733102497168,16.3693511950205,16.8653921403242,
17.3614330856278,17.8574740309315,18.3535149762351,18.8495559215388),
 .UNSPECIFIED.);
#19=B_SPLINE_SURFACE_WITH_KNOTS('',3,3,((#1290,#1291,#1292,#1293,#1294,
#1295,#1296,#1297,#1298,#1299,#1300,#1301,#1302,#1303,#1304,#1305,#1306,
#1307,#1308,#1309,#1310,#1311,#1312,#1313,#1314,#1315,#1316,#1317,#1318,
#1319,#1320,#1321,#1322,#1323,#1324,#1325,#1326,#1327,#1328,#1329,#1330),
(#1331,#1332,#1333,#1334,#1335,#1336,#1337,#1338,#1339,#1340,#1341,#1342,
#1343,#1344,#1345,#1346,#1347,#1348,#1349,#1350,#1351,#1352,#1353,#1354,
#1355,#1356,#1357,#1358,#1359,#1360,#1361,#1362,#1363,#1364,#1365,#1366,
#1367,#1368,#1369,#1370,#1371),(#1372,#1373,#1374,#1375,#1376,#1377,#1378,
#1379,#1380,#1381,#1382,#1383,#1384,#1385,#1386,#1387,#1388,#1389,#1390,
#1391,#1392,#1393,#1394,#1395,#1396,#1397,#1398,#1399,#1400,#1401,#1402,
#1403,#1404,#1405,#1406,#1407,#1408,#1409,#1410,#1411,#1412),(#1413,#1414,
#1415,#1416,#1417,#1418,#1419,#1420,#1421,#1422,#1423,#1424,#1425,#1426,
#1427,#1428,#1429,#1430,#1431,#1432,#1433,#1434,#1435,#1436,#1437,#1438,
#1439,#1440,#1441,#1442,#1443,#1444,#1445,#1446,#1447,#1448,#1449,#1450,
#1451,#1452,#1453),(#1454,#1455,#1456,#1457,#1458,#1459,#1460,#1461,#1462,
#1463,#1464,#1465,#1466,#1467,#1468,#1469,#1470,#1471,#1472,#1473,#1474,
#1475,#1476,#1477,#1478,#1479,#1480,#1481,#1482,#1483,#1484,#1485,#1486,
#1487,#1488,#1489,#1490,#1491,#1492,#1493,#1494)),.UNSPECIFIED.,.F.,.F.,
 .F.,(4,1,4),(4,1,1,1,1,1,1,1,1,1,1,1,1,1,1,1,1,1,1,1,1,1,1,1,1,1,1,1,1,
1,1,1,1,1,1,1,1,1,4),(-1.64625517966417,-0.823127589832087,-7.54604712049911E-15),
(0.746162051855687,1.22256715368945,1.69897225552322,2.17537735735698,2.65178245919075,
3.12818756102451,3.60459266285828,4.08099776469204,4.55740286652581,5.03380796835957,
5.51021307019334,5.9866181720271,6.46302327386087,6.93942837569463,7.4158334775284,
7.89223857936216,8.36864368119593,8.84504878302969,9.32145388486346,9.79785898669722,
10.274264088531,10.7506691903647,11.2270742921985,11.7034793940323,12.179884495866,
12.6562895976998,13.1326946995336,13.6090998013673,14.0855049032011,14.5619100050349,
15.0383151068686,15.5147202087024,15.9911253105362,16.4675304123699,16.9439355142037,
17.4203406160375,17.8967457178712,18.373150819705,18.8495559215388),
 .UNSPECIFIED.);
#20=B_SPLINE_SURFACE_WITH_KNOTS('',3,3,((#1546,#1547,#1548,#1549,#1550,
#1551,#1552,#1553,#1554,#1555,#1556,#1557,#1558,#1559,#1560,#1561,#1562,
#1563,#1564,#1565,#1566,#1567,#1568,#1569,#1570,#1571,#1572,#1573,#1574,
#1575,#1576,#1577,#1578,#1579,#1580,#1581,#1582,#1583,#1584),(#1585,#1586,
#1587,#1588,#1589,#1590,#1591,#1592,#1593,#1594,#1595,#1596,#1597,#1598,
#1599,#1600,#1601,#1602,#1603,#1604,#1605,#1606,#1607,#1608,#1609,#1610,
#1611,#1612,#1613,#1614,#1615,#1616,#1617,#1618,#1619,#1620,#1621,#1622,
#1623),(#1624,#1625,#1626,#1627,#1628,#1629,#1630,#1631,#1632,#1633,#1634,
#1635,#1636,#1637,#1638,#1639,#1640,#1641,#1642,#1643,#1644,#1645,#1646,
#1647,#1648,#1649,#1650,#1651,#1652,#1653,#1654,#1655,#1656,#1657,#1658,
#1659,#1660,#1661,#1662),(#1663,#1664,#1665,#1666,#1667,#1668,#1669,#1670,
#1671,#1672,#1673,#1674,#1675,#1676,#1677,#1678,#1679,#1680,#1681,#1682,
#1683,#1684,#1685,#1686,#1687,#1688,#1689,#1690,#1691,#1692,#1693,#1694,
#1695,#1696,#1697,#1698,#1699,#1700,#1701)),.UNSPECIFIED.,.F.,.F.,.F.,(4,
4),(4,1,1,1,1,1,1,1,1,1,1,1,1,1,1,1,1,1,1,1,1,1,1,1,1,1,1,1,1,1,1,1,1,1,
1,1,4),(0.,0.12598535337039),(1.61003243833552,2.08890809064672,2.56778374295792,
3.04665939526912,3.52553504758032,4.00441069989152,4.48328635220272,4.96216200451392,
5.44103765682513,5.91991330913633,6.39878896144753,6.87766461375873,7.35654026606993,
7.83541591838113,8.31429157069233,8.79316722300353,9.27204287531474,9.75091852762594,
10.2297941799371,10.7086698322483,11.1875454845595,11.6664211368707,12.1452967891819,
12.6241724414931,13.1030480938043,13.5819237461155,14.0607993984267,14.5396750507379,
15.0185507030492,15.4974263553604,15.9763020076716,16.4551776599828,16.934053312294,
17.4129289646052,17.8918046169164,18.3706802692276,18.8495559215388),
 .UNSPECIFIED.);
#21=FACE_BOUND('',#53,.T.);
#22=FACE_BOUND('',#66,.T.);
#23=PLANE('',#336);
#24=PLANE('',#345);
#25=PLANE('',#347);
#26=PLANE('',#348);
#27=CONICAL_SURFACE('',#326,7.5,0.349065850398866);
#28=CONICAL_SURFACE('',#328,7.5085942851405,0.349065850398866);
#29=CONICAL_SURFACE('',#339,24.25,0.643501108793286);
#30=CONICAL_SURFACE('',#343,20.5,0.785398163397451);
#31=FACE_OUTER_BOUND('',#48,.T.);
#32=FACE_OUTER_BOUND('',#49,.T.);
#33=FACE_OUTER_BOUND('',#50,.T.);
#34=FACE_OUTER_BOUND('',#51,.T.);
#35=FACE_OUTER_BOUND('',#52,.T.);
#36=FACE_OUTER_BOUND('',#54,.T.);
#37=FACE_OUTER_BOUND('',#55,.T.);
#38=FACE_OUTER_BOUND('',#56,.T.);
#39=FACE_OUTER_BOUND('',#57,.T.);
#40=FACE_OUTER_BOUND('',#58,.T.);
#41=FACE_OUTER_BOUND('',#59,.T.);
#42=FACE_OUTER_BOUND('',#60,.T.);
#43=FACE_OUTER_BOUND('',#61,.T.);
#44=FACE_OUTER_BOUND('',#62,.T.);
#45=FACE_OUTER_BOUND('',#63,.T.);
#46=FACE_OUTER_BOUND('',#64,.T.);
#47=FACE_OUTER_BOUND('',#65,.T.);
#48=EDGE_LOOP('',(#193,#194,#195,#196));
#49=EDGE_LOOP('',(#197,#198));
#50=EDGE_LOOP('',(#199,#200));
#51=EDGE_LOOP('',(#201,#202,#203,#204,#205,#206,#207,#208,#209));
#52=EDGE_LOOP('',(#210,#211,#212,#213,#214));
#53=EDGE_LOOP('',(#215,#216));
#54=EDGE_LOOP('',(#217,#218,#219));
#55=EDGE_LOOP('',(#220,#221,#222,#223,#224));
#56=EDGE_LOOP('',(#225,#226,#227,#228,#229));
#57=EDGE_LOOP('',(#230,#231,#232,#233));
#58=EDGE_LOOP('',(#234,#235,#236));
#59=EDGE_LOOP('',(#237,#238,#239,#240,#241));
#60=EDGE_LOOP('',(#242,#243,#244,#245,#246));
#61=EDGE_LOOP('',(#247,#248,#249,#250,#251,#252,#253,#254,#255));
#62=EDGE_LOOP('',(#256,#257,#258,#259));
#63=EDGE_LOOP('',(#260,#261,#262,#263,#264,#265));
#64=EDGE_LOOP('',(#266,#267,#268,#269,#270,#271,#272));
#65=EDGE_LOOP('',(#273));
#66=EDGE_LOOP('',(#274,#275,#276,#277,#278,#279,#280));
#67=CIRCLE('',#325,20.);
#68=CIRCLE('',#327,7.5);
#69=CIRCLE('',#329,7.5085942851405);
#70=CIRCLE('',#331,25.);
#71=CIRCLE('',#332,25.);
#72=CIRCLE('',#333,25.);
#73=CIRCLE('',#334,25.);
#74=CIRCLE('',#335,25.);
#75=CIRCLE('',#337,20.);
#76=CIRCLE('',#340,23.5);
#77=CIRCLE('',#341,0.5);
#78=CIRCLE('',#342,21.);
#79=CIRCLE('',#344,21.);
#80=CIRCLE('',#346,0.250000000000001);
#81=B_SPLINE_CURVE_WITH_KNOTS('',3,(#416,#417,#418,#419,#420,#421,#422,
#423,#424,#425,#426,#427,#428,#429,#430,#431,#432,#433,#434,#435,#436,#437),
 .UNSPECIFIED.,.F.,.F.,(4,3,3,3,3,3,3,4),(-15.707963267949,-15.3772693044132,
-14.8812283591095,-14.3851874138059,-13.8891464685022,-13.3931055231986,
-12.8970645778949,-12.566370614359),.UNSPECIFIED.);
#82=B_SPLINE_CURVE_WITH_KNOTS('',3,(#444,#445,#446,#447,#448,#449,#450,
#451,#452,#453,#454,#455,#456,#457,#458,#459,#460,#461,#462,#463,#464,#465),
 .UNSPECIFIED.,.F.,.F.,(4,2,2,2,2,2,2,2,2,2,4),(1.01303099477719,1.01890482669343,
1.35853976892457,1.5532518348563,1.65060786782217,1.74796390078803,1.8453199337539,
1.94267596671977,2.1373880326515,2.47702297488264,2.48289680679889),
 .UNSPECIFIED.);
#83=B_SPLINE_CURVE_WITH_KNOTS('',3,(#470,#471,#472,#473,#474,#475,#476,
#477,#478,#479,#480,#481,#482,#483,#484,#485,#486,#487,#488,#489,#490,#491),
 .UNSPECIFIED.,.F.,.F.,(4,2,2,2,2,2,2,2,2,2,4),(1.00774013815691,1.08089901994817,
1.44119869326423,1.64552966282201,1.7476951476009,1.84986063237979,1.95202611715868,
2.05419160193757,2.25852257149535,2.61882224481141,2.69198112660267),
 .UNSPECIFIED.);
#84=B_SPLINE_CURVE_WITH_KNOTS('',3,(#506,#507,#508,#509,#510,#511,#512,
#513,#514,#515,#516,#517,#518,#519,#520,#521,#522,#523,#524,#525,#526,#527),
 .UNSPECIFIED.,.F.,.F.,(4,3,3,3,3,3,3,4),(-18.8495559215387,-18.353514976235,
-17.8574740309314,-17.3614330856277,-16.8653921403241,-16.3693511950205,
-15.8733102497168,-15.707963267949),.UNSPECIFIED.);
#85=B_SPLINE_CURVE_WITH_KNOTS('',3,(#574,#575,#576,#577,#578,#579,#580,
#581,#582,#583),.UNSPECIFIED.,.F.,.F.,(4,3,3,4),(0.0626345369954784,0.0696154311382144,
0.0774936579237673,0.0806364158258893),.UNSPECIFIED.);
#86=B_SPLINE_CURVE_WITH_KNOTS('',3,(#585,#586,#587,#588,#589,#590,#591,
#592),.UNSPECIFIED.,.F.,.F.,(4,1,1,1,1,4),(-8.38932085058017,-8.22704998202997,
-7.51888429602896,-6.10255292402692,-4.68622155202489,-3.97805586602387),
 .UNSPECIFIED.);
#87=B_SPLINE_CURVE_WITH_KNOTS('',3,(#596,#597,#598,#599,#600,#601,#602,
#603),.UNSPECIFIED.,.F.,.F.,(4,1,1,1,1,4),(3.97805586602387,4.68622155202489,
6.10255292402692,7.51888429602896,8.22704998202997,8.93521566803099),
 .UNSPECIFIED.);
#88=B_SPLINE_CURVE_WITH_KNOTS('',3,(#604,#605,#606,#607,#608,#609,#610,
#611,#612,#613,#614,#615,#616,#617,#618,#619,#620,#621,#622,#623,#624,#625,
#626,#627,#628,#629,#630,#631,#632,#633,#634,#635,#636,#637,#638,#639,#640),
 .UNSPECIFIED.,.F.,.F.,(4,3,3,3,3,3,3,3,3,3,3,3,4),(-0.00237423520280394,
5.63785129692462E-18,0.0370617486527802,0.0767255153922571,0.121569294927615,
0.192509821722218,0.239592808503813,0.26345034851682,0.304894109606982,
0.359408566212565,0.419821888897926,0.485008273982721,0.550194659067517),
 .UNSPECIFIED.);
#89=B_SPLINE_CURVE_WITH_KNOTS('',3,(#733,#734,#735,#736,#737,#738,#739,
#740,#741,#742,#743,#744,#745,#746,#747,#748,#749,#750,#751,#752,#753,#754),
 .UNSPECIFIED.,.F.,.F.,(4,2,2,2,2,2,2,2,2,2,4),(-6.07586108625941E-5,0.,
6.07601816863512E-5,0.000121521042690026,0.000243042780122662,0.000364564073844788,
0.000425324417083743,0.000486084566720574,0.000546844529991898,0.000607604318524823,
0.000668363930066622),.UNSPECIFIED.);
#90=B_SPLINE_CURVE_WITH_KNOTS('',3,(#755,#756,#757,#758,#759,#760,#761,
#762,#763,#764,#765,#766,#767,#768,#769,#770,#771,#772),.UNSPECIFIED.,.F.,
 .F.,(4,1,1,1,1,1,1,1,1,1,1,1,1,1,1,4),(-7.38763039363706,-7.38365511301632,
-7.37967413323399,-7.37171217366931,-7.35578825453996,-7.32394041628126,
-7.26024473976385,-7.19654906324645,-7.13285338672905,-7.00546203369424,
-6.87807068065943,-6.3685052685202,-5.34937444424173,-4.8398090321025,-4.33024361996327,
-3.82067820782404),.UNSPECIFIED.);
#91=B_SPLINE_CURVE_WITH_KNOTS('',3,(#780,#781,#782,#783,#784,#785,#786),
 .UNSPECIFIED.,.F.,.F.,(4,3,4),(0.0571611297672167,0.0638185766017939,0.0660392679230327),
 .UNSPECIFIED.);
#92=B_SPLINE_CURVE_WITH_KNOTS('',3,(#931,#932,#933,#934,#935,#936,#937,
#938,#939,#940,#941,#942,#943,#944,#945,#946,#947,#948,#949,#950,#951,#952,
#953,#954,#955,#956,#957,#958),.UNSPECIFIED.,.F.,.F.,(4,1,1,1,1,1,1,1,1,
1,1,1,1,1,1,1,1,1,1,1,1,1,1,1,1,4),(-25.559530438108,-25.1711344332064,
-24.2388701949395,-23.3066059566726,-22.3743417184057,-21.1313227340498,
-19.8883037496939,-18.645284765338,-17.4022657809822,-16.1592467966263,
-14.9162278122704,-13.9839635740035,-13.0516993357366,-12.1194350974697,
-11.1871708592028,-10.2549066209359,-9.32264238266902,-8.07962339831315,
-7.45811390613522,-6.21509492177935,-4.97207593742348,-3.72905695306761,
-2.79679271480071,-1.8645284765338,-0.932264238266903,-1.06165610608232E-16),
 .UNSPECIFIED.);
#93=B_SPLINE_CURVE_WITH_KNOTS('',3,(#960,#961,#962,#963,#964,#965,#966,
#967,#968,#969,#970,#971,#972,#973,#974,#975,#976,#977,#978,#979,#980,#981,
#982,#983,#984,#985,#986,#987,#988,#989,#990,#991,#992,#993,#994,#995,#996,
#997,#998,#999),.UNSPECIFIED.,.F.,.F.,(4,3,3,3,3,3,3,3,3,3,3,3,3,4),(0.,
0.00658149886936488,0.0133460744515561,0.0156275397624436,0.0223855645903051,
0.0290353245819088,0.031258405636332,0.0330345496181881,0.0399625656688334,
0.0468905817194787,0.0536368393616294,0.0564651431079889,0.0631336812851656,
0.0660392679231378),.UNSPECIFIED.);
#94=B_SPLINE_CURVE_WITH_KNOTS('',3,(#1000,#1001,#1002,#1003,#1004,#1005,
#1006,#1007,#1008,#1009,#1010,#1011,#1012,#1013,#1014,#1015,#1016,#1017,
#1018,#1019,#1020,#1021,#1022,#1023,#1024,#1025,#1026,#1027),
 .UNSPECIFIED.,.F.,.F.,(4,1,1,1,1,1,1,1,1,1,1,1,1,1,1,1,1,1,1,1,1,1,1,1,
1,4),(0.00121482655821997,0.932264238266903,1.8645284765338,2.79679271480071,
3.72905695306761,4.97207593742348,6.21509492177935,7.45811390613522,8.07962339831315,
9.32264238266902,10.2549066209359,11.1871708592028,12.1194350974697,13.0516993357366,
13.9839635740035,14.9162278122704,16.1592467966263,17.4022657809822,18.645284765338,
19.8883037496939,21.1313227340498,22.3743417184057,23.3066059566726,24.2388701949395,
25.1711344332064,26.1033986714733),.UNSPECIFIED.);
#95=B_SPLINE_CURVE_WITH_KNOTS('',3,(#1193,#1194,#1195,#1196),
 .UNSPECIFIED.,.F.,.F.,(4,4),(-0.169136881522524,-0.125985353370238),
 .UNSPECIFIED.);
#96=B_SPLINE_CURVE_WITH_KNOTS('',3,(#1197,#1198,#1199,#1200),
 .UNSPECIFIED.,.F.,.F.,(4,4),(0.169136881522528,0.193649167310372),
 .UNSPECIFIED.);
#97=B_SPLINE_CURVE_WITH_KNOTS('',3,(#1204,#1205,#1206,#1207,#1208,#1209,
#1210,#1211,#1212,#1213,#1214,#1215,#1216,#1217,#1218,#1219,#1220,#1221,
#1222,#1223,#1224,#1225,#1226,#1227,#1228,#1229,#1230,#1231,#1232,#1233,
#1234,#1235,#1236,#1237,#1238,#1239,#1240,#1241,#1242,#1243),
 .UNSPECIFIED.,.F.,.F.,(4,1,1,1,1,1,1,1,1,1,1,1,1,1,1,1,1,1,1,1,1,1,1,1,
1,1,1,1,1,1,1,1,1,1,1,1,1,4),(0.746162051855687,0.992081890607303,1.48812283591095,
1.98416378121461,2.48020472651826,2.97624567182191,3.47228661712556,3.96832756242921,
4.46436850773286,4.96040945303652,5.45645039834017,5.95249134364382,6.44853228894747,
6.94457323425112,7.44061417955477,7.93665512485842,8.43269607016208,8.92873701546573,
9.42477796076938,9.92081890607303,10.4168598513767,10.9129007966803,11.408941741984,
11.9049826872876,12.4010236325913,12.8970645778949,13.3931055231986,13.8891464685022,
14.3851874138059,14.8812283591095,15.3772693044132,15.8733102497168,16.3693511950205,
16.8653921403242,17.3614330856278,17.8574740309315,18.3535149762351,18.8495559215388),
 .UNSPECIFIED.);
#98=B_SPLINE_CURVE_WITH_KNOTS('',3,(#1244,#1245,#1246,#1247,#1248,#1249,
#1250,#1251,#1252,#1253,#1254,#1255,#1256,#1257,#1258,#1259,#1260,#1261,
#1262,#1263,#1264,#1265,#1266,#1267,#1268,#1269,#1270,#1271,#1272,#1273,
#1274,#1275,#1276,#1277,#1278,#1279,#1280,#1281,#1282,#1283,#1284,#1285,
#1286,#1287,#1288,#1289),.UNSPECIFIED.,.F.,.F.,(4,3,3,3,3,3,3,3,3,3,3,3,
3,3,3,4),(0.,0.131778830254109,0.262301758799889,0.393763047586435,0.525541868466318,
0.657714061857956,0.756843206901684,0.777382179904775,0.790416186486807,
0.802657245809934,0.935051964169783,1.05423064203287,1.18824190217964,1.32056663987786,
1.4554211612489,1.59027568261994),.UNSPECIFIED.);
#99=B_SPLINE_CURVE_WITH_KNOTS('',3,(#1496,#1497,#1498,#1499,#1500,#1501,
#1502,#1503),.UNSPECIFIED.,.F.,.F.,(4,2,2,4),(0.,0.721113087217427,1.20066807568201,
1.60188708122367),.UNSPECIFIED.);
#100=B_SPLINE_CURVE_WITH_KNOTS('',3,(#1506,#1507,#1508,#1509,#1510,#1511,
#1512,#1513,#1514,#1515,#1516,#1517,#1518,#1519,#1520,#1521,#1522,#1523,
#1524,#1525,#1526,#1527,#1528,#1529,#1530,#1531,#1532,#1533,#1534,#1535,
#1536,#1537,#1538,#1539,#1540,#1541,#1542,#1543,#1544,#1545),
 .UNSPECIFIED.,.F.,.F.,(4,1,1,1,1,1,1,1,1,1,1,1,1,1,1,1,1,1,1,1,1,1,1,1,
1,1,1,1,1,1,1,1,1,1,1,1,1,4),(1.6100324383356,1.69897225552322,2.17537735735698,
2.65178245919075,3.12818756102451,3.60459266285828,4.08099776469204,4.55740286652581,
5.03380796835957,5.51021307019334,5.9866181720271,6.46302327386087,6.93942837569463,
7.4158334775284,7.89223857936216,8.36864368119593,8.84504878302969,9.32145388486346,
9.79785898669722,10.274264088531,10.7506691903647,11.2270742921985,11.7034793940323,
12.179884495866,12.6562895976998,13.1326946995336,13.6090998013673,14.0855049032011,
14.5619100050349,15.0383151068686,15.5147202087024,15.9911253105362,16.4675304123699,
16.9439355142037,17.4203406160375,17.8967457178712,18.373150819705,18.8495559215388),
 .UNSPECIFIED.);
#101=B_SPLINE_CURVE_WITH_KNOTS('',3,(#1702,#1703,#1704,#1705,#1706,#1707,
#1708,#1709,#1710,#1711,#1712,#1713,#1714,#1715,#1716,#1717,#1718,#1719,
#1720,#1721,#1722,#1723,#1724,#1725,#1726,#1727,#1728,#1729,#1730,#1731,
#1732,#1733,#1734,#1735,#1736,#1737,#1738,#1739,#1740,#1741,#1742,#1743,
#1744,#1745,#1746,#1747,#1748,#1749,#1750,#1751,#1752,#1753,#1754,#1755,
#1756,#1757,#1758,#1759,#1760,#1761,#1762),.UNSPECIFIED.,.F.,.F.,(4,3,3,
3,3,3,3,3,3,3,3,3,3,3,3,3,3,3,3,3,4),(0.,0.130576116217912,0.262413858580946,
0.394930763314826,0.527459220619151,0.65872476684671,0.750003693592609,
0.818462888652033,0.831504589549707,0.843214103349358,0.974772744569701,
1.02384047383031,1.15479923914322,1.28647190065346,1.41818492747041,1.55180620680523,
1.65202216630634,1.66822448345848,1.79879679033117,1.92961174639593,1.95267004480968),
 .UNSPECIFIED.);
#102=LINE('',#414,#111);
#103=LINE('',#439,#112);
#104=LINE('',#499,#113);
#105=LINE('',#530,#114);
#106=LINE('',#776,#115);
#107=LINE('',#788,#116);
#108=LINE('',#789,#117);
#109=LINE('',#1202,#118);
#110=LINE('',#1763,#119);
#111=VECTOR('',#353,20.);
#112=VECTOR('',#354,10.);
#113=VECTOR('',#371,25.);
#114=VECTOR('',#386,24.25);
#115=VECTOR('',#395,10.);
#116=VECTOR('',#400,10.);
#117=VECTOR('',#401,10.);
#118=VECTOR('',#402,10.);
#119=VECTOR('',#405,10.);
#120=VERTEX_POINT('',#412);
#121=VERTEX_POINT('',#413);
#122=VERTEX_POINT('',#415);
#123=VERTEX_POINT('',#438);
#124=VERTEX_POINT('',#442);
#125=VERTEX_POINT('',#443);
#126=VERTEX_POINT('',#468);
#127=VERTEX_POINT('',#469);
#128=VERTEX_POINT('',#494);
#129=VERTEX_POINT('',#495);
#130=VERTEX_POINT('',#498);
#131=VERTEX_POINT('',#529);
#132=VERTEX_POINT('',#572);
#133=VERTEX_POINT('',#573);
#134=VERTEX_POINT('',#584);
#135=VERTEX_POINT('',#593);
#136=VERTEX_POINT('',#595);
#137=VERTEX_POINT('',#731);
#138=VERTEX_POINT('',#732);
#139=VERTEX_POINT('',#775);
#140=VERTEX_POINT('',#779);
#141=VERTEX_POINT('',#787);
#142=VERTEX_POINT('',#930);
#143=VERTEX_POINT('',#959);
#144=VERTEX_POINT('',#1192);
#145=VERTEX_POINT('',#1201);
#146=VERTEX_POINT('',#1203);
#147=VERTEX_POINT('',#1495);
#148=VERTEX_POINT('',#1504);
#149=EDGE_CURVE('',#120,#121,#102,.T.);
#150=EDGE_CURVE('',#120,#122,#81,.T.);
#151=EDGE_CURVE('',#122,#123,#103,.T.);
#152=EDGE_CURVE('',#123,#121,#67,.T.);
#153=EDGE_CURVE('',#124,#125,#82,.T.);
#154=EDGE_CURVE('',#124,#125,#68,.T.);
#155=EDGE_CURVE('',#126,#127,#83,.T.);
#156=EDGE_CURVE('',#126,#127,#69,.T.);
#157=EDGE_CURVE('',#128,#129,#70,.T.);
#158=EDGE_CURVE('',#129,#128,#71,.T.);
#159=EDGE_CURVE('',#129,#130,#104,.T.);
#160=EDGE_CURVE('',#130,#125,#72,.T.);
#161=EDGE_CURVE('',#124,#127,#73,.T.);
#162=EDGE_CURVE('',#126,#130,#74,.T.);
#163=EDGE_CURVE('',#121,#123,#75,.T.);
#164=EDGE_CURVE('',#123,#120,#84,.T.);
#165=EDGE_CURVE('',#128,#131,#105,.T.);
#166=EDGE_CURVE('',#131,#131,#76,.T.);
#167=EDGE_CURVE('',#132,#133,#85,.T.);
#168=EDGE_CURVE('',#133,#134,#86,.T.);
#169=EDGE_CURVE('',#134,#135,#77,.T.);
#170=EDGE_CURVE('',#135,#136,#87,.T.);
#171=EDGE_CURVE('',#136,#132,#88,.T.);
#172=EDGE_CURVE('',#137,#138,#89,.T.);
#173=EDGE_CURVE('',#138,#135,#90,.T.);
#174=EDGE_CURVE('',#134,#137,#78,.T.);
#175=EDGE_CURVE('',#133,#139,#106,.T.);
#176=EDGE_CURVE('',#139,#134,#79,.T.);
#177=EDGE_CURVE('',#140,#132,#91,.F.);
#178=EDGE_CURVE('',#141,#140,#107,.T.);
#179=EDGE_CURVE('',#139,#141,#108,.T.);
#180=EDGE_CURVE('',#136,#142,#92,.T.);
#181=EDGE_CURVE('',#142,#143,#93,.F.);
#182=EDGE_CURVE('',#143,#140,#94,.T.);
#183=EDGE_CURVE('',#144,#143,#95,.T.);
#184=EDGE_CURVE('',#144,#122,#96,.T.);
#185=EDGE_CURVE('',#123,#145,#109,.T.);
#186=EDGE_CURVE('',#146,#145,#97,.T.);
#187=EDGE_CURVE('',#141,#146,#98,.T.);
#188=EDGE_CURVE('',#146,#147,#99,.T.);
#189=EDGE_CURVE('',#145,#148,#80,.T.);
#190=EDGE_CURVE('',#147,#148,#100,.T.);
#191=EDGE_CURVE('',#147,#138,#101,.T.);
#192=EDGE_CURVE('',#148,#142,#110,.T.);
#193=ORIENTED_EDGE('',*,*,#149,.F.);
#194=ORIENTED_EDGE('',*,*,#150,.T.);
#195=ORIENTED_EDGE('',*,*,#151,.T.);
#196=ORIENTED_EDGE('',*,*,#152,.T.);
#197=ORIENTED_EDGE('',*,*,#153,.T.);
#198=ORIENTED_EDGE('',*,*,#154,.F.);
#199=ORIENTED_EDGE('',*,*,#155,.T.);
#200=ORIENTED_EDGE('',*,*,#156,.F.);
#201=ORIENTED_EDGE('',*,*,#157,.F.);
#202=ORIENTED_EDGE('',*,*,#158,.F.);
#203=ORIENTED_EDGE('',*,*,#159,.T.);
#204=ORIENTED_EDGE('',*,*,#160,.T.);
#205=ORIENTED_EDGE('',*,*,#153,.F.);
#206=ORIENTED_EDGE('',*,*,#161,.T.);
#207=ORIENTED_EDGE('',*,*,#155,.F.);
#208=ORIENTED_EDGE('',*,*,#162,.T.);
#209=ORIENTED_EDGE('',*,*,#159,.F.);
#210=ORIENTED_EDGE('',*,*,#154,.T.);
#211=ORIENTED_EDGE('',*,*,#160,.F.);
#212=ORIENTED_EDGE('',*,*,#162,.F.);
#213=ORIENTED_EDGE('',*,*,#156,.T.);
#214=ORIENTED_EDGE('',*,*,#161,.F.);
#215=ORIENTED_EDGE('',*,*,#152,.F.);
#216=ORIENTED_EDGE('',*,*,#163,.F.);
#217=ORIENTED_EDGE('',*,*,#149,.T.);
#218=ORIENTED_EDGE('',*,*,#163,.T.);
#219=ORIENTED_EDGE('',*,*,#164,.T.);
#220=ORIENTED_EDGE('',*,*,#157,.T.);
#221=ORIENTED_EDGE('',*,*,#158,.T.);
#222=ORIENTED_EDGE('',*,*,#165,.T.);
#223=ORIENTED_EDGE('',*,*,#166,.F.);
#224=ORIENTED_EDGE('',*,*,#165,.F.);
#225=ORIENTED_EDGE('',*,*,#167,.T.);
#226=ORIENTED_EDGE('',*,*,#168,.T.);
#227=ORIENTED_EDGE('',*,*,#169,.T.);
#228=ORIENTED_EDGE('',*,*,#170,.T.);
#229=ORIENTED_EDGE('',*,*,#171,.T.);
#230=ORIENTED_EDGE('',*,*,#172,.T.);
#231=ORIENTED_EDGE('',*,*,#173,.T.);
#232=ORIENTED_EDGE('',*,*,#169,.F.);
#233=ORIENTED_EDGE('',*,*,#174,.T.);
#234=ORIENTED_EDGE('',*,*,#168,.F.);
#235=ORIENTED_EDGE('',*,*,#175,.T.);
#236=ORIENTED_EDGE('',*,*,#176,.T.);
#237=ORIENTED_EDGE('',*,*,#167,.F.);
#238=ORIENTED_EDGE('',*,*,#177,.F.);
#239=ORIENTED_EDGE('',*,*,#178,.F.);
#240=ORIENTED_EDGE('',*,*,#179,.F.);
#241=ORIENTED_EDGE('',*,*,#175,.F.);
#242=ORIENTED_EDGE('',*,*,#171,.F.);
#243=ORIENTED_EDGE('',*,*,#180,.T.);
#244=ORIENTED_EDGE('',*,*,#181,.T.);
#245=ORIENTED_EDGE('',*,*,#182,.T.);
#246=ORIENTED_EDGE('',*,*,#177,.T.);
#247=ORIENTED_EDGE('',*,*,#182,.F.);
#248=ORIENTED_EDGE('',*,*,#183,.F.);
#249=ORIENTED_EDGE('',*,*,#184,.T.);
#250=ORIENTED_EDGE('',*,*,#150,.F.);
#251=ORIENTED_EDGE('',*,*,#164,.F.);
#252=ORIENTED_EDGE('',*,*,#185,.T.);
#253=ORIENTED_EDGE('',*,*,#186,.F.);
#254=ORIENTED_EDGE('',*,*,#187,.F.);
#255=ORIENTED_EDGE('',*,*,#178,.T.);
#256=ORIENTED_EDGE('',*,*,#188,.F.);
#257=ORIENTED_EDGE('',*,*,#186,.T.);
#258=ORIENTED_EDGE('',*,*,#189,.T.);
#259=ORIENTED_EDGE('',*,*,#190,.F.);
#260=ORIENTED_EDGE('',*,*,#173,.F.);
#261=ORIENTED_EDGE('',*,*,#191,.F.);
#262=ORIENTED_EDGE('',*,*,#190,.T.);
#263=ORIENTED_EDGE('',*,*,#192,.T.);
#264=ORIENTED_EDGE('',*,*,#180,.F.);
#265=ORIENTED_EDGE('',*,*,#170,.F.);
#266=ORIENTED_EDGE('',*,*,#184,.F.);
#267=ORIENTED_EDGE('',*,*,#183,.T.);
#268=ORIENTED_EDGE('',*,*,#181,.F.);
#269=ORIENTED_EDGE('',*,*,#192,.F.);
#270=ORIENTED_EDGE('',*,*,#189,.F.);
#271=ORIENTED_EDGE('',*,*,#185,.F.);
#272=ORIENTED_EDGE('',*,*,#151,.F.);
#273=ORIENTED_EDGE('',*,*,#166,.T.);
#274=ORIENTED_EDGE('',*,*,#172,.F.);
#275=ORIENTED_EDGE('',*,*,#174,.F.);
#276=ORIENTED_EDGE('',*,*,#176,.F.);
#277=ORIENTED_EDGE('',*,*,#179,.T.);
#278=ORIENTED_EDGE('',*,*,#187,.T.);
#279=ORIENTED_EDGE('',*,*,#188,.T.);
#280=ORIENTED_EDGE('',*,*,#191,.T.);
#281=CYLINDRICAL_SURFACE('',#324,20.);
#282=CYLINDRICAL_SURFACE('',#330,25.);
#283=CYLINDRICAL_SURFACE('',#338,20.);
#284=ADVANCED_FACE('',(#31),#281,.F.);
#285=ADVANCED_FACE('',(#32),#27,.F.);
#286=ADVANCED_FACE('',(#33),#28,.F.);
#287=ADVANCED_FACE('',(#34),#282,.T.);
#288=ADVANCED_FACE('',(#35,#21),#23,.F.);
#289=ADVANCED_FACE('',(#36),#283,.F.);
#290=ADVANCED_FACE('',(#37),#29,.F.);
#291=ADVANCED_FACE('',(#38),#15,.F.);
#292=ADVANCED_FACE('',(#39),#16,.F.);
#293=ADVANCED_FACE('',(#40),#30,.F.);
#294=ADVANCED_FACE('',(#41),#24,.F.);
#295=ADVANCED_FACE('',(#42),#17,.F.);
#296=ADVANCED_FACE('',(#43),#18,.F.);
#297=ADVANCED_FACE('',(#44),#19,.F.);
#298=ADVANCED_FACE('',(#45),#20,.F.);
#299=ADVANCED_FACE('',(#46),#25,.T.);
#300=ADVANCED_FACE('',(#47,#22),#26,.T.);
#301=CLOSED_SHELL('',(#284,#285,#286,#287,#288,#289,#290,#291,#292,#293,
#294,#295,#296,#297,#298,#299,#300));
#302=DERIVED_UNIT_ELEMENT(#305,1.);
#303=DERIVED_UNIT_ELEMENT(#1771,-3.);
#304=DIMENSIONAL_EXPONENTS(0.,1.,0.,0.,0.,0.,0.);
#305=(
CONVERSION_BASED_UNIT('gram',#307)
MASS_UNIT()
NAMED_UNIT(#304)
);
#306=(
MASS_UNIT()
NAMED_UNIT(*)
SI_UNIT(.KILO.,.GRAM.)
);
#307=MASS_MEASURE_WITH_UNIT(MASS_MEASURE(0.001),#306);
#308=DERIVED_UNIT((#302,#303));
#309=MEASURE_REPRESENTATION_ITEM('density measure',
POSITIVE_RATIO_MEASURE(1.),#308);
#310=PROPERTY_DEFINITION_REPRESENTATION(#315,#312);
#311=PROPERTY_DEFINITION_REPRESENTATION(#316,#313);
#312=REPRESENTATION('material name',(#314),#1768);
#313=REPRESENTATION('density',(#309),#1768);
#314=DESCRIPTIVE_REPRESENTATION_ITEM('Generic','Generic');
#315=PROPERTY_DEFINITION('material property','material name',#1778);
#316=PROPERTY_DEFINITION('material property','density of part',#1778);
#317=DATE_TIME_ROLE('creation_date');
#318=APPLIED_DATE_AND_TIME_ASSIGNMENT(#319,#317,(#1778));
#319=DATE_AND_TIME(#320,#321);
#320=CALENDAR_DATE(2026,20,1);
#321=LOCAL_TIME(0,0,0.,#322);
#322=COORDINATED_UNIVERSAL_TIME_OFFSET(0,0,.BEHIND.);
#323=AXIS2_PLACEMENT_3D('',#410,#349,#350);
#324=AXIS2_PLACEMENT_3D('',#411,#351,#352);
#325=AXIS2_PLACEMENT_3D('',#440,#355,#356);
#326=AXIS2_PLACEMENT_3D('',#441,#357,#358);
#327=AXIS2_PLACEMENT_3D('',#466,#359,#360);
#328=AXIS2_PLACEMENT_3D('',#467,#361,#362);
#329=AXIS2_PLACEMENT_3D('',#492,#363,#364);
#330=AXIS2_PLACEMENT_3D('',#493,#365,#366);
#331=AXIS2_PLACEMENT_3D('',#496,#367,#368);
#332=AXIS2_PLACEMENT_3D('',#497,#369,#370);
#333=AXIS2_PLACEMENT_3D('',#500,#372,#373);
#334=AXIS2_PLACEMENT_3D('',#501,#374,#375);
#335=AXIS2_PLACEMENT_3D('',#502,#376,#377);
#336=AXIS2_PLACEMENT_3D('',#503,#378,#379);
#337=AXIS2_PLACEMENT_3D('',#504,#380,#381);
#338=AXIS2_PLACEMENT_3D('',#505,#382,#383);
#339=AXIS2_PLACEMENT_3D('',#528,#384,#385);
#340=AXIS2_PLACEMENT_3D('',#531,#387,#388);
#341=AXIS2_PLACEMENT_3D('',#594,#389,#390);
#342=AXIS2_PLACEMENT_3D('',#773,#391,#392);
#343=AXIS2_PLACEMENT_3D('',#774,#393,#394);
#344=AXIS2_PLACEMENT_3D('',#777,#396,#397);
#345=AXIS2_PLACEMENT_3D('',#778,#398,#399);
#346=AXIS2_PLACEMENT_3D('',#1505,#403,#404);
#347=AXIS2_PLACEMENT_3D('',#1764,#406,#407);
#348=AXIS2_PLACEMENT_3D('',#1765,#408,#409);
#349=DIRECTION('axis',(0.,0.,1.));
#350=DIRECTION('refdir',(1.,0.,0.));
#351=DIRECTION('center_axis',(0.,1.,0.));
#352=DIRECTION('ref_axis',(1.12699038484594E-7,0.,-0.999999999999994));
#353=DIRECTION('',(0.,-1.,0.));
#354=DIRECTION('',(0.,-1.,0.));
#355=DIRECTION('center_axis',(0.,-1.,0.));
#356=DIRECTION('ref_axis',(-1.,0.,0.));
#357=DIRECTION('center_axis',(0.,-1.,0.));
#358=DIRECTION('ref_axis',(-0.790961335576031,0.,-0.611866133744777));
#359=DIRECTION('center_axis',(0.,1.,0.));
#360=DIRECTION('ref_axis',(1.,0.,0.));
#361=DIRECTION('center_axis',(0.,-1.,0.));
#362=DIRECTION('ref_axis',(1.,0.,0.));
#363=DIRECTION('center_axis',(0.,1.,0.));
#364=DIRECTION('ref_axis',(1.,0.,0.));
#365=DIRECTION('center_axis',(0.,1.,0.));
#366=DIRECTION('ref_axis',(1.,0.,0.));
#367=DIRECTION('center_axis',(0.,1.,0.));
#368=DIRECTION('ref_axis',(1.,0.,0.));
#369=DIRECTION('center_axis',(0.,1.,0.));
#370=DIRECTION('ref_axis',(1.,0.,0.));
#371=DIRECTION('',(0.,-1.,0.));
#372=DIRECTION('center_axis',(0.,1.,0.));
#373=DIRECTION('ref_axis',(1.,0.,0.));
#374=DIRECTION('center_axis',(0.,1.,0.));
#375=DIRECTION('ref_axis',(1.,0.,0.));
#376=DIRECTION('center_axis',(0.,1.,0.));
#377=DIRECTION('ref_axis',(1.,0.,0.));
#378=DIRECTION('center_axis',(0.,1.,0.));
#379=DIRECTION('ref_axis',(0.,0.,1.));
#380=DIRECTION('center_axis',(0.,-1.,0.));
#381=DIRECTION('ref_axis',(-1.,0.,0.));
#382=DIRECTION('center_axis',(0.,1.,0.));
#383=DIRECTION('ref_axis',(-1.,0.,0.));
#384=DIRECTION('center_axis',(0.,1.,0.));
#385=DIRECTION('ref_axis',(-1.,0.,0.));
#386=DIRECTION('',(-0.600000000000001,-0.799999999999999,7.34788079488413E-17));
#387=DIRECTION('center_axis',(0.,1.,0.));
#388=DIRECTION('ref_axis',(-1.,0.,0.));
#389=DIRECTION('center_axis',(-0.87412257418325,-0.0103117551348405,0.485595915354822));
#390=DIRECTION('ref_axis',(-0.349742515745097,0.707106781186546,-0.614556891329267));
#391=DIRECTION('center_axis',(0.,1.,0.));
#392=DIRECTION('ref_axis',(-1.,0.,0.));
#393=DIRECTION('center_axis',(0.,1.,0.));
#394=DIRECTION('ref_axis',(-1.,0.,0.));
#395=DIRECTION('',(-0.707106781186549,0.707106781186546,0.));
#396=DIRECTION('center_axis',(0.,1.,0.));
#397=DIRECTION('ref_axis',(-1.,0.,0.));
#398=DIRECTION('center_axis',(0.,0.,1.));
#399=DIRECTION('ref_axis',(1.,0.,0.));
#400=DIRECTION('',(0.733275958394642,-0.679931150073608,0.));
#401=DIRECTION('',(-1.,0.,0.));
#402=DIRECTION('',(-0.733275958394642,0.679931150073608,5.38802433203824E-16));
#403=DIRECTION('center_axis',(-7.34788079488412E-16,0.,-1.));
#404=DIRECTION('ref_axis',(-0.679931150073736,0.733275958394523,4.99605303947027E-16));
#405=DIRECTION('',(0.733275958394657,0.679931150073592,-5.38802433203835E-16));
#406=DIRECTION('center_axis',(7.34788079488412E-16,0.,1.));
#407=DIRECTION('ref_axis',(1.,0.,-7.34788079488412E-16));
#408=DIRECTION('center_axis',(0.,1.,0.));
#409=DIRECTION('ref_axis',(0.,0.,1.));
#410=CARTESIAN_POINT('',(0.,0.,0.));
#411=CARTESIAN_POINT('Origin',(0.,100.,0.));
#412=CARTESIAN_POINT('',(19.9990606933912,102.333333333333,0.000429861446645806));
#413=CARTESIAN_POINT('',(20.,101.,-2.44929359829471E-15));
#414=CARTESIAN_POINT('',(20.,100.,-2.44929359829471E-15));
#415=CARTESIAN_POINT('',(-19.9990569839763,103.666666666666,0.000425353617912182));
#416=CARTESIAN_POINT('Ctrl Pts',(19.9990606933912,102.333333333333,0.000429861446645806));
#417=CARTESIAN_POINT('Ctrl Pts',(19.9973295433326,102.380116959064,-2.20446179050957));
#418=CARTESIAN_POINT('Ctrl Pts',(19.6336056631228,102.426900584795,-4.40991295028594));
#419=CARTESIAN_POINT('Ctrl Pts',(18.9179506872812,102.473684210526,-6.49454286202109));
#420=CARTESIAN_POINT('Ctrl Pts',(17.8444682235189,102.543859649123,-9.62148772962398));
#421=CARTESIAN_POINT('Ctrl Pts',(15.979140794585,102.614035087719,-12.4765847891342));
#422=CARTESIAN_POINT('Ctrl Pts',(13.5467830115128,102.684210526315,-14.7157276338416));
#423=CARTESIAN_POINT('Ctrl Pts',(11.1144252284405,102.754385964912,-16.954870478549));
#424=CARTESIAN_POINT('Ctrl Pts',(8.11503709123,102.824561403508,-18.5780591084536));
#425=CARTESIAN_POINT('Ctrl Pts',(4.91012658826091,102.894736842105,-19.3896530238533));
#426=CARTESIAN_POINT('Ctrl Pts',(1.70521608529185,102.964912280701,-20.201246939253));
#427=CARTESIAN_POINT('Ctrl Pts',(-1.70521678343578,103.035087719298,-20.2012461401477));
#428=CARTESIAN_POINT('Ctrl Pts',(-4.91012675293879,103.105263157894,-19.3896524582906));
#429=CARTESIAN_POINT('Ctrl Pts',(-8.11503672244182,103.175438596491,-18.5780587764335));
#430=CARTESIAN_POINT('Ctrl Pts',(-11.1144237927202,103.245614035087,-16.9548722118245));
#431=CARTESIAN_POINT('Ctrl Pts',(-13.546782420926,103.315789473684,-14.7157285299951));
#432=CARTESIAN_POINT('Ctrl Pts',(-15.9791410491318,103.38596491228,-12.4765848481656));
#433=CARTESIAN_POINT('Ctrl Pts',(-17.8444712352649,103.456140350877,-9.62148404911577));
#434=CARTESIAN_POINT('Ctrl Pts',(-18.9179520469364,103.526315789473,-6.49454111160668));
#435=CARTESIAN_POINT('Ctrl Pts',(-19.6336059213842,103.573099415204,-4.40991248660001));
#436=CARTESIAN_POINT('Ctrl Pts',(-19.9973267405156,103.619883040935,-2.20446513338916));
#437=CARTESIAN_POINT('Ctrl Pts',(-19.9990569839763,103.666666666666,0.000425353617912182));
#438=CARTESIAN_POINT('',(-20.0000000000001,101.,1.46957615897683E-14));
#439=CARTESIAN_POINT('',(-20.,100.,1.46957615897682E-14));
#440=CARTESIAN_POINT('Origin',(0.,101.,0.));
#441=CARTESIAN_POINT('Origin',(24.124320735069,101.,18.6619170792157));
#442=CARTESIAN_POINT('',(22.2494775632936,101.,11.4000328140096));
#443=CARTESIAN_POINT('',(16.6243270933776,101.,18.6716830706927));
#444=CARTESIAN_POINT('Ctrl Pts',(22.2494775632936,101.,11.4000328140096));
#445=CARTESIAN_POINT('Ctrl Pts',(22.2453095068385,101.018777939325,11.4081676220485));
#446=CARTESIAN_POINT('Ctrl Pts',(22.2411333924255,101.037542667904,11.4163071583007));
#447=CARTESIAN_POINT('Ctrl Pts',(21.9950103405919,102.140527552679,11.8953699379084));
#448=CARTESIAN_POINT('Ctrl Pts',(21.7299686714989,103.183052339763,12.3771926561812));
#449=CARTESIAN_POINT('Ctrl Pts',(21.2249344133034,104.671671048275,13.2147330473602));
#450=CARTESIAN_POINT('Ctrl Pts',(21.0016139113781,105.24199077693,13.5705058122145));
#451=CARTESIAN_POINT('Ctrl Pts',(20.6028447233331,105.920247400565,14.1626074200421));
#452=CARTESIAN_POINT('Ctrl Pts',(20.4598845552212,106.115694822314,14.3689309777877));
#453=CARTESIAN_POINT('Ctrl Pts',(20.1444419770276,106.402227609389,14.8079205806399));
#454=CARTESIAN_POINT('Ctrl Pts',(19.9725962543593,106.494954838909,15.0399704840825));
#455=CARTESIAN_POINT('Ctrl Pts',(19.5754705244423,106.494954838909,15.5533362031563));
#456=CARTESIAN_POINT('Ctrl Pts',(19.3940381052828,106.402227609389,15.7779700994522));
#457=CARTESIAN_POINT('Ctrl Pts',(19.048380822886,106.115694822314,16.1935864305507));
#458=CARTESIAN_POINT('Ctrl Pts',(18.8845923773775,105.920247400565,16.3837978005192));
#459=CARTESIAN_POINT('Ctrl Pts',(18.4116691214043,105.24199077693,16.9185358422609));
#460=CARTESIAN_POINT('Ctrl Pts',(18.1234147694008,104.671671048275,17.2240775502867));
#461=CARTESIAN_POINT('Ctrl Pts',(17.4396232024899,103.183052339763,17.923336158978));
#462=CARTESIAN_POINT('Ctrl Pts',(17.0398439730537,102.140527552679,18.3009295724678));
#463=CARTESIAN_POINT('Ctrl Pts',(16.6379830498645,101.037542667904,18.6595177789984));
#464=CARTESIAN_POINT('Ctrl Pts',(16.6311537955827,101.018777939325,18.665604918552));
#465=CARTESIAN_POINT('Ctrl Pts',(16.6243270933776,101.,18.6716830706927));
#466=CARTESIAN_POINT('Origin',(24.124320735069,101.,18.6619170792157));
#467=CARTESIAN_POINT('Origin',(-23.8255363412717,101.,-18.4307856147139));
#468=CARTESIAN_POINT('',(-22.4232591671704,101.,-11.0542954692694));
#469=CARTESIAN_POINT('',(-16.3333401381356,101.,-18.9267535497234));
#470=CARTESIAN_POINT('Ctrl Pts',(-22.4232591671704,101.,-11.0542954692694));
#471=CARTESIAN_POINT('Ctrl Pts',(-22.3751254167162,101.238839781254,-11.1519331309477));
#472=CARTESIAN_POINT('Ctrl Pts',(-22.3259555708945,101.476137249792,-11.2500658939784));
#473=CARTESIAN_POINT('Ctrl Pts',(-22.0279503146369,102.871027800006,-11.8349976515117));
#474=CARTESIAN_POINT('Ctrl Pts',(-21.7570712701496,103.988269954291,-12.3302158674254));
#475=CARTESIAN_POINT('Ctrl Pts',(-21.243844413515,105.584900518956,-13.1844274980894));
#476=CARTESIAN_POINT('Ctrl Pts',(-21.0192472858651,106.193664333385,-13.543291208728));
#477=CARTESIAN_POINT('Ctrl Pts',(-20.6183885556212,106.92439525892,-14.1399984400279));
#478=CARTESIAN_POINT('Ctrl Pts',(-20.4750929364999,107.135923937876,-14.3473096700857));
#479=CARTESIAN_POINT('Ctrl Pts',(-20.156473303903,107.450401511003,-14.7915960206191));
#480=CARTESIAN_POINT('Ctrl Pts',(-19.9824053899802,107.556422693988,-15.0272901826511));
#481=CARTESIAN_POINT('Ctrl Pts',(-19.5656613888214,107.556422693988,-15.5660165045877));
#482=CARTESIAN_POINT('Ctrl Pts',(-19.3812599035943,107.450401511003,-15.7937168974716));
#483=CARTESIAN_POINT('Ctrl Pts',(-19.0312739692777,107.135923937876,-16.2137391317961));
#484=CARTESIAN_POINT('Ctrl Pts',(-18.8666138097372,106.92439525892,-16.4045233356169));
#485=CARTESIAN_POINT('Ctrl Pts',(-18.3897576319749,106.193664333385,-16.9424410126161));
#486=CARTESIAN_POINT('Ctrl Pts',(-18.0988322155795,105.584900518956,-17.2499949666748));
#487=CARTESIAN_POINT('Ctrl Pts',(-17.4009624464306,103.988269954291,-17.961371872148));
#488=CARTESIAN_POINT('Ctrl Pts',(-16.9896839614241,102.871027800006,-18.3479809070734));
#489=CARTESIAN_POINT('Ctrl Pts',(-16.4983846852977,101.476137249792,-18.7833856785284));
#490=CARTESIAN_POINT('Ctrl Pts',(-16.4157529553795,101.238839781254,-18.8556332399328));
#491=CARTESIAN_POINT('Ctrl Pts',(-16.3333401381356,101.,-18.9267535497234));
#492=CARTESIAN_POINT('Origin',(-23.8255363412717,101.,-18.4307856147139));
#493=CARTESIAN_POINT('Origin',(0.,10.,0.));
#494=CARTESIAN_POINT('',(25.,112.,0.));
#495=CARTESIAN_POINT('',(-25.,112.,3.06161699786838E-15));
#496=CARTESIAN_POINT('Origin',(0.,112.,0.));
#497=CARTESIAN_POINT('Origin',(0.,112.,0.));
#498=CARTESIAN_POINT('',(-25.,101.,3.06161699786838E-15));
#499=CARTESIAN_POINT('',(-25.,10.,3.06161699786838E-15));
#500=CARTESIAN_POINT('Origin',(0.,101.,0.));
#501=CARTESIAN_POINT('Origin',(0.,101.,0.));
#502=CARTESIAN_POINT('Origin',(0.,101.,0.));
#503=CARTESIAN_POINT('Origin',(0.,101.,0.));
#504=CARTESIAN_POINT('Origin',(0.,101.,0.));
#505=CARTESIAN_POINT('Origin',(0.,100.,0.));
#506=CARTESIAN_POINT('Ctrl Pts',(-20.0000000000001,101.,1.4432899320127E-14));
#507=CARTESIAN_POINT('Ctrl Pts',(-20.0000000000001,101.070175438596,3.30693963535769));
#508=CARTESIAN_POINT('Ctrl Pts',(-19.1638273259483,101.140350877193,6.61226320213176));
#509=CARTESIAN_POINT('Ctrl Pts',(-17.5907209729321,101.210526315789,9.51965109473794));
#510=CARTESIAN_POINT('Ctrl Pts',(-16.0176146199159,101.280701754386,12.4270389873441));
#511=CARTESIAN_POINT('Ctrl Pts',(-13.7075745879354,101.350877192982,14.9364912057825));
#512=CARTESIAN_POINT('Ctrl Pts',(-10.9397951962373,101.421052631579,16.7448254311764));
#513=CARTESIAN_POINT('Ctrl Pts',(-8.17201580453928,101.491228070175,18.5531596565703));
#514=CARTESIAN_POINT('Ctrl Pts',(-4.94649705312378,101.561403508772,19.6603758889197));
#515=CARTESIAN_POINT('Ctrl Pts',(-1.65174941984814,101.631578947368,19.9333498613027));
#516=CARTESIAN_POINT('Ctrl Pts',(1.64299821342749,101.701754385965,20.2063238336856));
#517=CARTESIAN_POINT('Ctrl Pts',(5.00697472856323,101.771929824561,19.645055546102));
#518=CARTESIAN_POINT('Ctrl Pts',(8.03460490450624,101.842105263158,18.3170388469611));
#519=CARTESIAN_POINT('Ctrl Pts',(11.0622350804493,101.912280701754,16.9890221478202));
#520=CARTESIAN_POINT('Ctrl Pts',(13.7535189171996,101.982456140351,14.8942570371221));
#521=CARTESIAN_POINT('Ctrl Pts',(15.784145067954,102.052631578947,12.2852903868645));
#522=CARTESIAN_POINT('Ctrl Pts',(17.8147712187084,102.122807017544,9.67632373660696));
#523=CARTESIAN_POINT('Ctrl Pts',(19.1847396834668,102.19298245614,6.55315554678996));
#524=CARTESIAN_POINT('Ctrl Pts',(19.7289051665506,102.263157894737,3.29217511403366));
#525=CARTESIAN_POINT('Ctrl Pts',(19.9102936609119,102.286549707602,2.20518163644813));
#526=CARTESIAN_POINT('Ctrl Pts',(19.9999262684205,102.309941520468,1.10287568742491));
#527=CARTESIAN_POINT('Ctrl Pts',(19.9990606933912,102.333333333333,0.000429861446645806));
#528=CARTESIAN_POINT('Origin',(0.,111.,0.));
#529=CARTESIAN_POINT('',(23.5,110.,-2.87791997799628E-15));
#530=CARTESIAN_POINT('',(24.25,111.,-2.96976848793233E-15));
#531=CARTESIAN_POINT('Origin',(0.,110.,0.));
#532=CARTESIAN_POINT('Ctrl Pts',(10.3998932990061,109.279848832124,18.2596441630786));
#533=CARTESIAN_POINT('Ctrl Pts',(8.3693607242119,109.255505302648,19.3881314395984));
#534=CARTESIAN_POINT('Ctrl Pts',(1.7175104108168,109.182355179941,21.7779230681639));
#535=CARTESIAN_POINT('Ctrl Pts',(-10.4130443088354,109.059801442587,19.8547233575569));
#536=CARTESIAN_POINT('Ctrl Pts',(-18.7138282893624,108.936394539407,10.7991547519749));
#537=CARTESIAN_POINT('Ctrl Pts',(-20.897710085618,108.837137893833,1.62583570082656));
#538=CARTESIAN_POINT('Ctrl Pts',(-20.4245211170609,108.787335675275,-3.05719701793875));
#539=CARTESIAN_POINT('Ctrl Pts',(-19.8006804702824,108.76238775176,-5.29393325672736));
#540=CARTESIAN_POINT('Ctrl Pts',(10.3513423170638,109.370990098362,18.1741828122267));
#541=CARTESIAN_POINT('Ctrl Pts',(8.33035296636038,109.346646570924,19.2972506152449));
#542=CARTESIAN_POINT('Ctrl Pts',(1.70942061485705,109.273496453176,21.6754722538744));
#543=CARTESIAN_POINT('Ctrl Pts',(-10.3637673107149,109.150942725377,19.7607832420553));
#544=CARTESIAN_POINT('Ctrl Pts',(-18.6247533030046,109.027535831105,10.7476344742122));
#545=CARTESIAN_POINT('Ctrl Pts',(-20.7977730711985,108.928279193779,1.61818110597351));
#546=CARTESIAN_POINT('Ctrl Pts',(-20.3266764887852,108.878476978718,-3.04256409822759));
#547=CARTESIAN_POINT('Ctrl Pts',(-19.705755000532,108.853529057467,-5.26843860225118));
#548=CARTESIAN_POINT('Ctrl Pts',(10.2916413688274,109.635983394454,18.0723421685801));
#549=CARTESIAN_POINT('Ctrl Pts',(8.28175541593834,109.611639846619,19.1888953314288));
#550=CARTESIAN_POINT('Ctrl Pts',(1.6981363563987,109.538489668837,21.5529183846998));
#551=CARTESIAN_POINT('Ctrl Pts',(-10.306421052718,109.415935837409,19.6473400472631));
#552=CARTESIAN_POINT('Ctrl Pts',(-18.5188193565299,109.292528837759,10.684780719147));
#553=CARTESIAN_POINT('Ctrl Pts',(-20.6781071553031,109.193272113025,1.60721074261374));
#554=CARTESIAN_POINT('Ctrl Pts',(-20.2090117232494,109.143469854531,-3.02632357688408));
#555=CARTESIAN_POINT('Ctrl Pts',(-19.5913296090709,109.118521910743,-5.23940887011743));
#556=CARTESIAN_POINT('Ctrl Pts',(10.3416460878286,109.905227246314,18.168073267003));
#557=CARTESIAN_POINT('Ctrl Pts',(8.32132834482358,109.880883647998,19.2900696275933));
#558=CARTESIAN_POINT('Ctrl Pts',(1.70293070182048,109.807733317281,21.6654034960559));
#559=CARTESIAN_POINT('Ctrl Pts',(-10.3639393558522,109.685179225983,19.7484037190551));
#560=CARTESIAN_POINT('Ctrl Pts',(-18.6184845019601,109.561771958658,10.7373722119316));
#561=CARTESIAN_POINT('Ctrl Pts',(-20.787941760169,109.462515015446,1.61177454647172));
#562=CARTESIAN_POINT('Ctrl Pts',(-20.3157932237656,109.412712645871,-3.04656603695365));
#563=CARTESIAN_POINT('Ctrl Pts',(-19.6945591448552,109.387764646317,-5.27117552132117));
#564=CARTESIAN_POINT('Ctrl Pts',(10.3868227912092,110.,18.2514085019216));
#565=CARTESIAN_POINT('Ctrl Pts',(8.35719336549449,109.975656377394,19.3784549487663));
#566=CARTESIAN_POINT('Ctrl Pts',(1.70876558036733,109.902505973386,21.7643537448659));
#567=CARTESIAN_POINT('Ctrl Pts',(-10.4132783400757,109.7799517573,19.8380397299036));
#568=CARTESIAN_POINT('Ctrl Pts',(-18.7053768162241,109.656544361686,10.7853282397457));
#569=CARTESIAN_POINT('Ctrl Pts',(-20.8844608387976,109.557287313552,1.61719981367422));
#570=CARTESIAN_POINT('Ctrl Pts',(-20.4098494718097,109.507484890801,-3.06258752655769));
#571=CARTESIAN_POINT('Ctrl Pts',(-19.7855884664933,109.482536864433,-5.29762262127149));
#572=CARTESIAN_POINT('',(-20.438328374773,109.393094286083,4.91360424570431E-15));
#573=CARTESIAN_POINT('',(-20.5401486676906,109.540148667691,-4.71844785465692E-15));
#574=CARTESIAN_POINT('Ctrl Pts',(-20.4362584231677,109.392744137482,-0.00102385717360366));
#575=CARTESIAN_POINT('Ctrl Pts',(-20.4458182931066,109.41393459464,-0.00102485791633816));
#576=CARTESIAN_POINT('Ctrl Pts',(-20.4568088114278,109.434467821705,-0.00102498869956883));
#577=CARTESIAN_POINT('Ctrl Pts',(-20.4691814283402,109.454177014788,-0.00102384120590462));
#578=CARTESIAN_POINT('Ctrl Pts',(-20.4831444316264,109.476419643791,-0.00102254621244908));
#579=CARTESIAN_POINT('Ctrl Pts',(-20.4988065650026,109.497517084509,-0.00101963804191556));
#580=CARTESIAN_POINT('Ctrl Pts',(-20.5160934843823,109.517232293941,-0.00101466392481408));
#581=CARTESIAN_POINT('Ctrl Pts',(-20.522989528881,109.52509702441,-0.00101267966537954));
#582=CARTESIAN_POINT('Ctrl Pts',(-20.5301446042844,109.532741475645,-0.00101036830100981));
#583=CARTESIAN_POINT('Ctrl Pts',(-20.537555763636,109.540149057459,-0.00100770312426184));
#584=CARTESIAN_POINT('',(10.3868227912092,110.,18.2514085019216));
#585=CARTESIAN_POINT('Ctrl Pts',(-20.537555763636,109.540149057459,-0.00100770312426231));
#586=CARTESIAN_POINT('Ctrl Pts',(-20.5433438982505,109.545849627419,0.530641378926752));
#587=CARTESIAN_POINT('Ctrl Pts',(-20.4645200331967,109.576415573097,3.3840299116482));
#588=CARTESIAN_POINT('Ctrl Pts',(-18.7053768162241,109.656544361686,10.7853282397457));
#589=CARTESIAN_POINT('Ctrl Pts',(-10.4132783400757,109.7799517573,19.8380397299036));
#590=CARTESIAN_POINT('Ctrl Pts',(1.70876558036733,109.902505973386,21.7643537448659));
#591=CARTESIAN_POINT('Ctrl Pts',(8.35719336549449,109.975656377394,19.3784549487663));
#592=CARTESIAN_POINT('Ctrl Pts',(10.3868227912092,110.,18.2514085019216));
#593=CARTESIAN_POINT('',(10.3998932990061,109.279848832124,18.2596441630786));
#594=CARTESIAN_POINT('Origin',(10.5616940490817,109.646446609407,18.5586869475863));
#595=CARTESIAN_POINT('',(-19.8006804702829,108.76238775176,-5.29393325672751));
#596=CARTESIAN_POINT('Ctrl Pts',(10.3998932990061,109.279848832124,18.2596441630786));
#597=CARTESIAN_POINT('Ctrl Pts',(8.3693607242119,109.255505302648,19.3881314395984));
#598=CARTESIAN_POINT('Ctrl Pts',(1.7175104108168,109.182355179941,21.7779230681639));
#599=CARTESIAN_POINT('Ctrl Pts',(-10.4130443088354,109.059801442587,19.8547233575569));
#600=CARTESIAN_POINT('Ctrl Pts',(-18.7138282893624,108.936394539407,10.7991547519749));
#601=CARTESIAN_POINT('Ctrl Pts',(-20.897710085618,108.837137893833,1.62583570082656));
#602=CARTESIAN_POINT('Ctrl Pts',(-20.4245211170609,108.787335675275,-3.05719701793875));
#603=CARTESIAN_POINT('Ctrl Pts',(-19.8006804702824,108.76238775176,-5.29393325672736));
#604=CARTESIAN_POINT('Ctrl Pts',(-19.8006804702824,108.76238775176,-5.29393325672736));
#605=CARTESIAN_POINT('Ctrl Pts',(-19.8020151605591,108.763212273384,-5.28617619415309));
#606=CARTESIAN_POINT('Ctrl Pts',(-19.8033477474143,108.764039553166,-5.27841923143768));
#607=CARTESIAN_POINT('Ctrl Pts',(-19.8046782931324,108.764869586174,-5.27066213320065));
#608=CARTESIAN_POINT('Ctrl Pts',(-19.8254480765416,108.77782637943,-5.14957403523592));
#609=CARTESIAN_POINT('Ctrl Pts',(-19.8461244331235,108.791657643285,-5.02629435419904));
#610=CARTESIAN_POINT('Ctrl Pts',(-19.8665884990753,108.806214059316,-4.90158580752052));
#611=CARTESIAN_POINT('Ctrl Pts',(-19.8884892989015,108.821792447033,-4.76812176748784));
#612=CARTESIAN_POINT('Ctrl Pts',(-19.9101472304613,108.838200978124,-4.63302127016157));
#613=CARTESIAN_POINT('Ctrl Pts',(-19.9314391481633,108.855198683852,-4.49720430639987));
#614=CARTESIAN_POINT('Ctrl Pts',(-19.9555117499811,108.874416257748,-4.34364990446685));
#615=CARTESIAN_POINT('Ctrl Pts',(-19.9791169840839,108.894386074442,-4.1891797481849));
#616=CARTESIAN_POINT('Ctrl Pts',(-20.0020988392267,108.914697301847,-4.03510313264997));
#617=CARTESIAN_POINT('Ctrl Pts',(-20.0384549387222,108.946828607166,-3.7913619407605));
#618=CARTESIAN_POINT('Ctrl Pts',(-20.0732533949745,108.979808445597,-3.54860627988244));
#619=CARTESIAN_POINT('Ctrl Pts',(-20.1059105917771,109.011889797524,-3.31195444045576));
#620=CARTESIAN_POINT('Ctrl Pts',(-20.1275850624197,109.033182081877,-3.15488941809094));
#621=CARTESIAN_POINT('Ctrl Pts',(-20.148316521685,109.054076048937,-3.00051128049161));
#622=CARTESIAN_POINT('Ctrl Pts',(-20.1679280772109,109.074088616656,-2.85031634962522));
#623=CARTESIAN_POINT('Ctrl Pts',(-20.177865498404,109.084229235757,-2.77421069410431));
#624=CARTESIAN_POINT('Ctrl Pts',(-20.187515244645,109.094144228315,-2.69917923087483));
#625=CARTESIAN_POINT('Ctrl Pts',(-20.1968537817418,109.103775933818,-2.62541794087207));
#626=CARTESIAN_POINT('Ctrl Pts',(-20.213076078766,109.120507503859,-2.49728464301977));
#627=CARTESIAN_POINT('Ctrl Pts',(-20.2287316551136,109.136875706295,-2.36996311745378));
#628=CARTESIAN_POINT('Ctrl Pts',(-20.2438030568148,109.152843301005,-2.24320205301927));
#629=CARTESIAN_POINT('Ctrl Pts',(-20.2636277361492,109.173846818205,-2.07646258814881));
#630=CARTESIAN_POINT('Ctrl Pts',(-20.2824395757664,109.19415603623,-1.91069133876361));
#631=CARTESIAN_POINT('Ctrl Pts',(-20.3000905734926,109.213730650782,-1.74532330132331));
#632=CARTESIAN_POINT('Ctrl Pts',(-20.3196515392941,109.235423382929,-1.56206122315555));
#633=CARTESIAN_POINT('Ctrl Pts',(-20.3377874903133,109.256214298637,-1.37929439344975));
#634=CARTESIAN_POINT('Ctrl Pts',(-20.3542959428328,109.276104127065,-1.19628660346975));
#635=CARTESIAN_POINT('Ctrl Pts',(-20.3721086751119,109.297565386893,-0.998819956364697));
#636=CARTESIAN_POINT('Ctrl Pts',(-20.388027743663,109.317978408233,-0.801072958293564));
#637=CARTESIAN_POINT('Ctrl Pts',(-20.4017830370091,109.337395151447,-0.602154692993883));
#638=CARTESIAN_POINT('Ctrl Pts',(-20.4155383303551,109.356811894662,-0.403236427694201));
#639=CARTESIAN_POINT('Ctrl Pts',(-20.4271309490459,109.375233589644,-0.203147280554954));
#640=CARTESIAN_POINT('Ctrl Pts',(-20.4362584231677,109.392744137482,-0.00102385717360366));
#641=CARTESIAN_POINT('Ctrl Pts',(10.38682279121,110.,18.2514085019212));
#642=CARTESIAN_POINT('Ctrl Pts',(11.8384621432065,110.,17.4252848247076));
#643=CARTESIAN_POINT('Ctrl Pts',(14.5746906114685,110.,15.3993724797476));
#644=CARTESIAN_POINT('Ctrl Pts',(17.7946641704653,110.,11.5215004272314));
#645=CARTESIAN_POINT('Ctrl Pts',(20.769036156755,110.,5.45456548709302));
#646=CARTESIAN_POINT('Ctrl Pts',(21.4201345661886,110.,-1.33499169239196));
#647=CARTESIAN_POINT('Ctrl Pts',(20.0308505250514,110.,-6.58587501331929));
#648=CARTESIAN_POINT('Ctrl Pts',(19.044088087452,110.,-8.87870823768571));
#649=CARTESIAN_POINT('Ctrl Pts',(18.5766010138725,110.,-9.80816640439833));
#650=CARTESIAN_POINT('Ctrl Pts',(18.1707074878232,110.,-10.5331479176326));
#651=CARTESIAN_POINT('Ctrl Pts',(17.8494520704977,110.,-11.0688730891045));
#652=CARTESIAN_POINT('Ctrl Pts',(17.5696432794412,110.,-11.5056617114401));
#653=CARTESIAN_POINT('Ctrl Pts',(17.3654345506505,110.,-11.8092385987184));
#654=CARTESIAN_POINT('Ctrl Pts',(17.2637311510432,110.,-11.9569017609569));
#655=CARTESIAN_POINT('Ctrl Pts',(17.2111522187049,110.,-12.0323192242491));
#656=CARTESIAN_POINT('Ctrl Pts',(17.1837611876407,110.,-12.0714022282713));
#657=CARTESIAN_POINT('Ctrl Pts',(17.1665918166247,110.,-12.0957895732934));
#658=CARTESIAN_POINT('Ctrl Pts',(17.1665926866927,110.000000092598,-12.0957934764213));
#659=CARTESIAN_POINT('Ctrl Pts',(10.3416460878294,109.905227246314,18.1680732670026));
#660=CARTESIAN_POINT('Ctrl Pts',(11.7903464665693,109.903330034717,17.3523217280764));
#661=CARTESIAN_POINT('Ctrl Pts',(14.5246841796954,109.901476282875,15.3465689351743));
#662=CARTESIAN_POINT('Ctrl Pts',(17.7518463169952,109.902775978466,11.4939045825419));
#663=CARTESIAN_POINT('Ctrl Pts',(20.7447851136583,109.910458853912,5.45059079073819));
#664=CARTESIAN_POINT('Ctrl Pts',(21.4197965949181,109.926517749661,-1.33374844702177));
#665=CARTESIAN_POINT('Ctrl Pts',(20.041265448465,109.948825171815,-6.59045863560623));
#666=CARTESIAN_POINT('Ctrl Pts',(19.0559914067927,109.962629328775,-8.88562454936429));
#667=CARTESIAN_POINT('Ctrl Pts',(18.5883048037512,109.96924051762,-9.81576033728915));
#668=CARTESIAN_POINT('Ctrl Pts',(18.181518710199,109.975343865682,-10.5408490169622));
#669=CARTESIAN_POINT('Ctrl Pts',(17.8590675165487,109.980536043233,-11.0762960541842));
#670=CARTESIAN_POINT('Ctrl Pts',(17.5775236789262,109.985714562004,-11.5123030546955));
#671=CARTESIAN_POINT('Ctrl Pts',(17.3712061205284,109.990409844312,-11.8146447084672));
#672=CARTESIAN_POINT('Ctrl Pts',(17.2677125033925,109.993586217043,-11.9611408015083));
#673=CARTESIAN_POINT('Ctrl Pts',(17.2138506945387,109.995636857548,-12.0356887633915));
#674=CARTESIAN_POINT('Ctrl Pts',(17.1851782923529,109.997401716572,-12.0738827728366));
#675=CARTESIAN_POINT('Ctrl Pts',(17.1672269406961,109.998485967527,-12.0977229732054));
#676=CARTESIAN_POINT('Ctrl Pts',(17.1658918715576,110.,-12.0967829496405));
#677=CARTESIAN_POINT('Ctrl Pts',(10.2916415744948,109.635983402422,18.0723425389699));
#678=CARTESIAN_POINT('Ctrl Pts',(11.7394576661237,109.639799627418,17.2723906008178));
#679=CARTESIAN_POINT('Ctrl Pts',(14.4779287789327,109.650674626966,15.2961996210875));
#680=CARTESIAN_POINT('Ctrl Pts',(17.7226852918556,109.675331486146,11.4738095706803));
#681=CARTESIAN_POINT('Ctrl Pts',(20.746486243621,109.719683279379,5.45304588545155));
#682=CARTESIAN_POINT('Ctrl Pts',(21.4502513228835,109.7804234889,-1.33611108811391));
#683=CARTESIAN_POINT('Ctrl Pts',(20.0767735416701,109.850179330022,-6.60495688499492));
#684=CARTESIAN_POINT('Ctrl Pts',(19.08778832437,109.891183947604,-8.90327232624435));
#685=CARTESIAN_POINT('Ctrl Pts',(18.6171369706619,109.910532127902,-9.83385909208402));
#686=CARTESIAN_POINT('Ctrl Pts',(18.206673395875,109.92824026428,-10.5583211271145));
#687=CARTESIAN_POINT('Ctrl Pts',(17.8805056163646,109.943244026837,-11.0925302658609));
#688=CARTESIAN_POINT('Ctrl Pts',(17.5944857764348,109.958191065607,-11.5263824334455));
#689=CARTESIAN_POINT('Ctrl Pts',(17.3833063170064,109.971781977476,-11.8258379760915));
#690=CARTESIAN_POINT('Ctrl Pts',(17.2759377353493,109.981043116163,-11.9698012295344));
#691=CARTESIAN_POINT('Ctrl Pts',(17.219367310828,109.987047923587,-12.0425115765653));
#692=CARTESIAN_POINT('Ctrl Pts',(17.1880602338783,109.992263490615,-12.0788774467074));
#693=CARTESIAN_POINT('Ctrl Pts',(17.1685022509783,109.99546423269,-12.1015933398743));
#694=CARTESIAN_POINT('Ctrl Pts',(17.1644969061576,110.000006497066,-12.0987731723624));
#695=CARTESIAN_POINT('Ctrl Pts',(10.3513423170646,109.370990098362,18.1741828122262));
#696=CARTESIAN_POINT('Ctrl Pts',(11.8069017204729,109.385772852827,17.36893852817));
#697=CARTESIAN_POINT('Ctrl Pts',(14.559119656645,109.418007089362,15.3789214529121));
#698=CARTESIAN_POINT('Ctrl Pts',(17.8168363925237,109.473379101618,11.5320409490542));
#699=CARTESIAN_POINT('Ctrl Pts',(20.8463108924142,109.558271975217,5.47556700066917));
#700=CARTESIAN_POINT('Ctrl Pts',(21.5368881759754,109.659533290435,-1.34657895113968));
#701=CARTESIAN_POINT('Ctrl Pts',(20.1383414975219,109.767572896032,-6.62860505521787));
#702=CARTESIAN_POINT('Ctrl Pts',(19.1338209165946,109.830214348402,-8.92751577575815));
#703=CARTESIAN_POINT('Ctrl Pts',(18.6556835031253,109.859732259433,-9.85703573684029));
#704=CARTESIAN_POINT('Ctrl Pts',(18.2382166634075,109.886826519493,-10.5794417596393));
#705=CARTESIAN_POINT('Ctrl Pts',(17.9059871676467,109.909875907394,-11.1112443322225));
#706=CARTESIAN_POINT('Ctrl Pts',(17.6136848717059,109.933030889762,-11.5419108353623));
#707=CARTESIAN_POINT('Ctrl Pts',(17.3964630247358,109.954348418972,-11.8377376382941));
#708=CARTESIAN_POINT('Ctrl Pts',(17.2846686687165,109.969098794518,-11.9788050835774));
#709=CARTESIAN_POINT('Ctrl Pts',(17.2251171133537,109.978743472396,-12.0494939268504));
#710=CARTESIAN_POINT('Ctrl Pts',(17.1910365274356,109.987244130706,-12.0839370044687));
#711=CARTESIAN_POINT('Ctrl Pts',(17.1697876176684,109.992455318712,-12.1054706345717));
#712=CARTESIAN_POINT('Ctrl Pts',(17.1631118643806,110.000025987912,-12.1007702293332));
#713=CARTESIAN_POINT('Ctrl Pts',(10.3998932990069,109.279848832124,18.2596441630781));
#714=CARTESIAN_POINT('Ctrl Pts',(11.8608455871909,109.297363810968,17.4477064038499));
#715=CARTESIAN_POINT('Ctrl Pts',(14.621745765426,109.335375522511,15.4436945886771));
#716=CARTESIAN_POINT('Ctrl Pts',(17.885250560699,109.39917818896,11.5747991750247));
#717=CARTESIAN_POINT('Ctrl Pts',(20.9135501646065,109.496028389684,5.49054829068747));
#718=CARTESIAN_POINT('Ctrl Pts',(21.5906753857288,109.610280298573,-1.35318583411627));
#719=CARTESIAN_POINT('Ctrl Pts',(20.1742830392175,109.732117641625,-6.64217211775262));
#720=CARTESIAN_POINT('Ctrl Pts',(19.1597611832503,109.803184016384,-8.94095661760088));
#721=CARTESIAN_POINT('Ctrl Pts',(18.6770056766321,109.836809570356,-9.86966708018728));
#722=CARTESIAN_POINT('Ctrl Pts',(18.2553686619367,109.867822976698,-10.5907714934165));
#723=CARTESIAN_POINT('Ctrl Pts',(17.9196247422468,109.894318719913,-11.1211385125269));
#724=CARTESIAN_POINT('Ctrl Pts',(17.6237959572373,109.921103306518,-11.5499985076471));
#725=CARTESIAN_POINT('Ctrl Pts',(17.4032895511763,109.945951188185,-11.8438494873522));
#726=CARTESIAN_POINT('Ctrl Pts',(17.2891553426347,109.96328344687,-11.9833873946869));
#727=CARTESIAN_POINT('Ctrl Pts',(17.2280486782312,109.974664726991,-12.0530229667836));
#728=CARTESIAN_POINT('Ctrl Pts',(17.1925479570997,109.984764695824,-12.0864824288513));
#729=CARTESIAN_POINT('Ctrl Pts',(17.1704327980167,109.990954106928,-12.1074109624219));
#730=CARTESIAN_POINT('Ctrl Pts',(17.1624218428068,110.000038981523,-12.1017704398399));
#731=CARTESIAN_POINT('',(17.1665918166247,110.,-12.0957895732934));
#732=CARTESIAN_POINT('',(17.1624563401846,110.,-12.1017944582615));
#733=CARTESIAN_POINT('Ctrl Pts',(17.1665918166247,110.,-12.0957895732934));
#734=CARTESIAN_POINT('Ctrl Pts',(17.1664751621213,110.,-12.0959551317493));
#735=CARTESIAN_POINT('Ctrl Pts',(17.1663586474092,109.999999999984,-12.0961208060741));
#736=CARTESIAN_POINT('Ctrl Pts',(17.1661259275449,109.999999999984,-12.0964523437169));
#737=CARTESIAN_POINT('Ctrl Pts',(17.1660097142693,109.999999999982,-12.0966182186318));
#738=CARTESIAN_POINT('Ctrl Pts',(17.1657775872441,109.999999999982,-12.0969501717322));
#739=CARTESIAN_POINT('Ctrl Pts',(17.1656616714215,109.999999999982,-12.0971162528906));
#740=CARTESIAN_POINT('Ctrl Pts',(17.1653143703325,109.999999999982,-12.0976148054282));
#741=CARTESIAN_POINT('Ctrl Pts',(17.1650834304303,109.999999999985,-12.0979475873147));
#742=CARTESIAN_POINT('Ctrl Pts',(17.164622738609,109.999999999985,-12.0986139786187));
#743=CARTESIAN_POINT('Ctrl Pts',(17.1643929887398,109.999999999992,-12.0989475850358));
#744=CARTESIAN_POINT('Ctrl Pts',(17.164049254338,109.999999999992,-12.0994486161852));
#745=CARTESIAN_POINT('Ctrl Pts',(17.1639348258341,109.999999999993,-12.0996157283553));
#746=CARTESIAN_POINT('Ctrl Pts',(17.1637062654648,109.999999999993,-12.0999501601154));
#747=CARTESIAN_POINT('Ctrl Pts',(17.1635921348929,109.999999999995,-12.1001174778053));
#748=CARTESIAN_POINT('Ctrl Pts',(17.1633641703509,109.999999999995,-12.1004523206744));
#749=CARTESIAN_POINT('Ctrl Pts',(17.1632503378678,109.999999999996,-12.1006198436615));
#750=CARTESIAN_POINT('Ctrl Pts',(17.1630229695517,109.999999999996,-12.1009550970738));
#751=CARTESIAN_POINT('Ctrl Pts',(17.1629094353523,109.999999999998,-12.1011228250814));
#752=CARTESIAN_POINT('Ctrl Pts',(17.162682663545,109.999999999998,-12.1014584886459));
#753=CARTESIAN_POINT('Ctrl Pts',(17.1625694277846,110.,-12.1016264214587));
#754=CARTESIAN_POINT('Ctrl Pts',(17.1624563401845,110.,-12.1017944582617));
#755=CARTESIAN_POINT('Ctrl Pts',(17.1624562669223,110.000000000679,-12.1017945657492));
#756=CARTESIAN_POINT('Ctrl Pts',(17.1704644557918,109.990945246765,-12.1073810033321));
#757=CARTESIAN_POINT('Ctrl Pts',(17.1925606627876,109.984761081051,-12.0864704537288));
#758=CARTESIAN_POINT('Ctrl Pts',(17.2280486782312,109.974664726991,-12.0530229667836));
#759=CARTESIAN_POINT('Ctrl Pts',(17.2891553426347,109.96328344687,-11.9833873946869));
#760=CARTESIAN_POINT('Ctrl Pts',(17.4032895511763,109.945951188185,-11.8438494873522));
#761=CARTESIAN_POINT('Ctrl Pts',(17.6237959572373,109.921103306518,-11.5499985076471));
#762=CARTESIAN_POINT('Ctrl Pts',(17.9196247422468,109.894318719913,-11.1211385125269));
#763=CARTESIAN_POINT('Ctrl Pts',(18.2553686619367,109.867822976698,-10.5907714934165));
#764=CARTESIAN_POINT('Ctrl Pts',(18.6770056766321,109.836809570356,-9.86966708018728));
#765=CARTESIAN_POINT('Ctrl Pts',(19.1597611832503,109.803184016384,-8.94095661760088));
#766=CARTESIAN_POINT('Ctrl Pts',(20.1742830392175,109.732117641625,-6.64217211775262));
#767=CARTESIAN_POINT('Ctrl Pts',(21.5906753857288,109.610280298573,-1.35318583411627));
#768=CARTESIAN_POINT('Ctrl Pts',(20.9135501646065,109.496028389684,5.49054829068747));
#769=CARTESIAN_POINT('Ctrl Pts',(17.885250560699,109.39917818896,11.5747991750247));
#770=CARTESIAN_POINT('Ctrl Pts',(14.621745765426,109.335375522511,15.4436945886771));
#771=CARTESIAN_POINT('Ctrl Pts',(11.8608455871909,109.297363810968,17.4477064038499));
#772=CARTESIAN_POINT('Ctrl Pts',(10.3998932990069,109.279848832124,18.2596441630781));
#773=CARTESIAN_POINT('Origin',(0.,110.,0.));
#774=CARTESIAN_POINT('Origin',(0.,109.5,0.));
#775=CARTESIAN_POINT('',(-21.,110.,0.));
#776=CARTESIAN_POINT('',(-20.5,109.5,0.));
#777=CARTESIAN_POINT('Origin',(0.,110.,0.));
#778=CARTESIAN_POINT('Origin',(-20.4461882384293,110.5,0.));
#779=CARTESIAN_POINT('',(-20.4961624801558,109.460067348306,3.86044458030419E-15));
#780=CARTESIAN_POINT('Ctrl Pts',(-20.4386102785075,109.392902381399,4.01267613908359E-6));
#781=CARTESIAN_POINT('Ctrl Pts',(-20.4510688238371,109.41125413824,2.68071436243235E-6));
#782=CARTESIAN_POINT('Ctrl Pts',(-20.4650049047494,109.42853334957,1.13043544133829E-6));
#783=CARTESIAN_POINT('Ctrl Pts',(-20.4803445208704,109.444516167562,3.95223178034794E-7));
#784=CARTESIAN_POINT('Ctrl Pts',(-20.4854612800782,109.449847476408,1.49982091931538E-7));
#785=CARTESIAN_POINT('Ctrl Pts',(-20.4907345353041,109.45503427891,1.47586111762004E-14));
#786=CARTESIAN_POINT('Ctrl Pts',(-20.4961624801558,109.460067348306,3.5527136788005E-15));
#787=CARTESIAN_POINT('',(-21.0784561912121,110.,0.));
#788=CARTESIAN_POINT('',(-21.4199827875184,110.316681010401,0.));
#789=CARTESIAN_POINT('',(-10.2230941192147,110.,0.));
#790=CARTESIAN_POINT('Ctrl Pts',(-20.4961589750898,104.126485807019,-0.0119866924009857));
#791=CARTESIAN_POINT('Ctrl Pts',(-20.497952178699,104.189977821626,3.05422915928347));
#792=CARTESIAN_POINT('Ctrl Pts',(-19.1041641552738,104.31697181423,9.18482226262455));
#793=CARTESIAN_POINT('Ctrl Pts',(-13.223731085993,104.507454545189,16.5676246752868));
#794=CARTESIAN_POINT('Ctrl Pts',(-4.73026402191876,104.697941088188,20.6588065858627));
#795=CARTESIAN_POINT('Ctrl Pts',(5.76064397661259,104.909590743823,20.6783512597857));
#796=CARTESIAN_POINT('Ctrl Pts',(15.9399219174073,105.142406057977,14.8119071184744));
#797=CARTESIAN_POINT('Ctrl Pts',(21.523423617398,105.396385668436,3.24615902471828));
#798=CARTESIAN_POINT('Ctrl Pts',(19.9162081291017,105.608036439828,-7.30746956810088));
#799=CARTESIAN_POINT('Ctrl Pts',(14.0965333928137,105.819686167314,-15.8632633807305));
#800=CARTESIAN_POINT('Ctrl Pts',(5.78244539490519,106.010171650572,-20.6746636991609));
#801=CARTESIAN_POINT('Ctrl Pts',(-4.71376353802847,106.221821088169,-20.6622016680996));
#802=CARTESIAN_POINT('Ctrl Pts',(-13.2089615772691,106.412307017498,-16.5790190689347));
#803=CARTESIAN_POINT('Ctrl Pts',(-19.0951224146771,106.602791564998,-9.20284099288594));
#804=CARTESIAN_POINT('Ctrl Pts',(-21.1987679396138,106.79327795329,-0.00454623540061464));
#805=CARTESIAN_POINT('Ctrl Pts',(-19.0979907168385,106.983761653909,9.18862024573773));
#806=CARTESIAN_POINT('Ctrl Pts',(-12.5726183338435,107.195411724038,17.3978235351078));
#807=CARTESIAN_POINT('Ctrl Pts',(-1.63297718481754,107.428227996025,21.7012289119681));
#808=CARTESIAN_POINT('Ctrl Pts',(10.8772434009265,107.682207421178,18.8457523867343));
#809=CARTESIAN_POINT('Ctrl Pts',(19.6024306487833,107.936187520196,9.44457381331968));
#810=CARTESIAN_POINT('Ctrl Pts',(21.5202250547084,108.190167419469,-3.23950238130224));
#811=CARTESIAN_POINT('Ctrl Pts',(15.9507426538823,108.444148309919,-14.8000855038978));
#812=CARTESIAN_POINT('Ctrl Pts',(5.77147955694439,108.676963082707,-20.6764027145373));
#813=CARTESIAN_POINT('Ctrl Pts',(-4.71766861970921,108.888613146344,-20.6609101424562));
#814=CARTESIAN_POINT('Ctrl Pts',(-13.2143489687707,109.079099269533,-16.5756560069392));
#815=CARTESIAN_POINT('Ctrl Pts',(-19.0986561903051,109.269582483417,-9.19576675508467));
#816=CARTESIAN_POINT('Ctrl Pts',(-20.4961624801558,109.3965753337,-3.0662163760407));
#817=CARTESIAN_POINT('Ctrl Pts',(-20.4961624801558,109.460067348306,4.30211422042248E-15));
#818=CARTESIAN_POINT('Ctrl Pts',(-20.415664748114,104.05187768059,-0.0104384767534945));
#819=CARTESIAN_POINT('Ctrl Pts',(-20.4172280680162,104.115369695196,3.04360467562647));
#820=CARTESIAN_POINT('Ctrl Pts',(-19.0284283935953,104.242363687801,9.15020216993035));
#821=CARTESIAN_POINT('Ctrl Pts',(-13.1705626141199,104.43284641876,16.5034652284415));
#822=CARTESIAN_POINT('Ctrl Pts',(-4.71017890529366,104.623332961758,20.5780124107275));
#823=CARTESIAN_POINT('Ctrl Pts',(5.73956362391547,104.834982617393,20.5966551046466));
#824=CARTESIAN_POINT('Ctrl Pts',(15.8783749592109,105.067797931547,14.7525621957875));
#825=CARTESIAN_POINT('Ctrl Pts',(21.4390808262111,105.321777542006,3.23188656600175));
#826=CARTESIAN_POINT('Ctrl Pts',(19.8374114817896,105.533428313399,-7.28028322312678));
#827=CARTESIAN_POINT('Ctrl Pts',(14.0399803940628,105.745078040884,-15.8019620358301));
#828=CARTESIAN_POINT('Ctrl Pts',(5.75824985841974,105.935563524142,-20.5938581547153));
#829=CARTESIAN_POINT('Ctrl Pts',(-4.69676326522314,106.147212961739,-20.5806801804859));
#830=CARTESIAN_POINT('Ctrl Pts',(-13.1582726634743,106.337698891069,-16.5129057787785));
#831=CARTESIAN_POINT('Ctrl Pts',(-19.0207851737715,106.528183438569,-9.1653093782645));
#832=CARTESIAN_POINT('Ctrl Pts',(-21.1154608719166,106.718669826861,-0.00292054883257342));
#833=CARTESIAN_POINT('Ctrl Pts',(-19.0223159159812,106.90915352748,9.15388211504021));
#834=CARTESIAN_POINT('Ctrl Pts',(-12.5219331803328,107.120803597608,17.3303990250306));
#835=CARTESIAN_POINT('Ctrl Pts',(-1.62496474575118,107.353619869595,21.6160827452168));
#836=CARTESIAN_POINT('Ctrl Pts',(10.8358642222614,107.607599294748,18.7709288735446));
#837=CARTESIAN_POINT('Ctrl Pts',(19.5261159609775,107.861579393766,9.40604456834097));
#838=CARTESIAN_POINT('Ctrl Pts',(21.4354155716821,108.115559293039,-3.22838242800796));
#839=CARTESIAN_POINT('Ctrl Pts',(15.886985757682,108.369540183489,-14.7431324912656));
#840=CARTESIAN_POINT('Ctrl Pts',(5.74732890854249,108.602354956277,-20.5955537560748));
#841=CARTESIAN_POINT('Ctrl Pts',(-4.70065875815013,108.814005019914,-20.5794182946237));
#842=CARTESIAN_POINT('Ctrl Pts',(-13.1636432466745,109.004491143103,-16.509527959815));
#843=CARTESIAN_POINT('Ctrl Pts',(-19.0242896112729,109.194974356987,-9.15830733795637));
#844=CARTESIAN_POINT('Ctrl Pts',(-20.4158901262628,109.32196720727,-3.05254240412436));
#845=CARTESIAN_POINT('Ctrl Pts',(-20.4156673615084,109.385459221877,0.00150114025148671));
#846=CARTESIAN_POINT('Ctrl Pts',(-20.3207449102553,103.833209229356,-0.0059420523149372));
#847=CARTESIAN_POINT('Ctrl Pts',(-20.3216338611437,103.896701243962,3.03410931105149));
#848=CARTESIAN_POINT('Ctrl Pts',(-18.9380174551752,104.023695236567,9.1117206022449));
#849=CARTESIAN_POINT('Ctrl Pts',(-13.1057649054546,104.214177967526,16.4296996130734));
#850=CARTESIAN_POINT('Ctrl Pts',(-4.68378754720254,104.404664510525,20.4833724011853));
#851=CARTESIAN_POINT('Ctrl Pts',(5.71731833439126,104.61631416616,20.4997417358398));
#852=CARTESIAN_POINT('Ctrl Pts',(15.8078113115123,104.849129480313,14.6805213835302));
#853=CARTESIAN_POINT('Ctrl Pts',(21.3401858729932,105.103109090773,3.21210599437192));
#854=CARTESIAN_POINT('Ctrl Pts',(19.743661212306,105.314759862165,-7.25066991666509));
#855=CARTESIAN_POINT('Ctrl Pts',(13.9713061924029,105.526409589651,-15.7316030889111));
#856=CARTESIAN_POINT('Ctrl Pts',(5.72694577424978,105.716895072909,-20.4994144917772));
#857=CARTESIAN_POINT('Ctrl Pts',(-4.67941112439544,105.928544510506,-20.4840136584949));
#858=CARTESIAN_POINT('Ctrl Pts',(-13.1007342068451,106.119030439835,-16.4333178860839));
#859=CARTESIAN_POINT('Ctrl Pts',(-18.9343747314971,106.309514987335,-9.11853662466443));
#860=CARTESIAN_POINT('Ctrl Pts',(-21.0173692573183,106.500001375627,0.00160532914013731));
#861=CARTESIAN_POINT('Ctrl Pts',(-18.9318746920414,106.690485076246,9.11554530888742));
#862=CARTESIAN_POINT('Ctrl Pts',(-12.4599914058334,106.902135146375,17.2525788176639));
#863=CARTESIAN_POINT('Ctrl Pts',(-1.6127159457313,107.134951418362,21.5159935014975));
#864=CARTESIAN_POINT('Ctrl Pts',(10.7896375939788,107.388930843515,18.6813147967005));
#865=CARTESIAN_POINT('Ctrl Pts',(19.4374127794023,107.642910942533,9.3580600810326));
#866=CARTESIAN_POINT('Ctrl Pts',(21.3351363016655,107.896890841806,-3.21799974801423));
#867=CARTESIAN_POINT('Ctrl Pts',(15.8099538390331,108.150871732256,-14.6780401049865));
#868=CARTESIAN_POINT('Ctrl Pts',(5.71607241701555,108.383686505044,-20.501156622535));
#869=CARTESIAN_POINT('Ctrl Pts',(-4.68327915294698,108.595336568681,-20.4827173082979));
#870=CARTESIAN_POINT('Ctrl Pts',(-13.1060715765124,108.78582269187,-16.4299983145686));
#871=CARTESIAN_POINT('Ctrl Pts',(-18.9378854062309,108.976305905754,-9.11149560540948));
#872=CARTESIAN_POINT('Ctrl Pts',(-20.3216338611437,109.103298756037,-3.0341093110514));
#873=CARTESIAN_POINT('Ctrl Pts',(-20.3207449102553,109.166790770643,0.00594205231495829));
#874=CARTESIAN_POINT('Ctrl Pts',(-20.4156673615084,103.614540778123,-0.00150114025146699));
#875=CARTESIAN_POINT('Ctrl Pts',(-20.4158901262628,103.678032792729,3.05254240412444));
#876=CARTESIAN_POINT('Ctrl Pts',(-19.0244223538399,103.805026785334,9.15853227571002));
#877=CARTESIAN_POINT('Ctrl Pts',(-13.1633349744171,103.995509516293,16.5092299078771));
#878=CARTESIAN_POINT('Ctrl Pts',(-4.70116986071371,104.185996059291,20.5800722660201));
#879=CARTESIAN_POINT('Ctrl Pts',(5.74858137682325,104.397645714926,20.5941413525153));
#880=CARTESIAN_POINT('Ctrl Pts',(15.8848318289249,104.63046102908,14.7456088942213));
#881=CARTESIAN_POINT('Ctrl Pts',(21.440492163697,104.884440639539,3.22249948147451));
#882=CARTESIAN_POINT('Ctrl Pts',(19.8342239951442,105.096091410932,-7.28896790806729));
#883=CARTESIAN_POINT('Ctrl Pts',(14.0330605365322,105.307741138417,-15.8081076048275));
#884=CARTESIAN_POINT('Ctrl Pts',(5.74923305031298,105.498226621675,-20.5963761991414));
#885=CARTESIAN_POINT('Ctrl Pts',(-4.70577318683784,105.709876059272,-20.5786220940729));
#886=CARTESIAN_POINT('Ctrl Pts',(-13.1655011940711,105.900361988602,-16.5071431832279));
#887=CARTESIAN_POINT('Ctrl Pts',(-19.0247953818906,106.090846536102,-9.15698128818115));
#888=CARTESIAN_POINT('Ctrl Pts',(-21.115461662559,106.281332924394,0.00632456817242219));
#889=CARTESIAN_POINT('Ctrl Pts',(-19.0183054341236,106.471816625013,9.16220856660944));
#890=CARTESIAN_POINT('Ctrl Pts',(-12.5143447846265,106.683466695141,17.3358800170782));
#891=CARTESIAN_POINT('Ctrl Pts',(-1.61550071096816,106.916282967128,21.6167923153726));
#892=CARTESIAN_POINT('Ctrl Pts',(10.8440808898199,107.170262392281,18.7661823551957));
#893=CARTESIAN_POINT('Ctrl Pts',(19.530231812983,107.424242491299,9.39749516484259));
#894=CARTESIAN_POINT('Ctrl Pts',(21.4340009807214,107.678222390572,-3.23776737658747));
#895=CARTESIAN_POINT('Ctrl Pts',(15.8805302632213,107.932203281022,-14.7500867002232));
#896=CARTESIAN_POINT('Ctrl Pts',(5.73831037631771,108.165018053811,-20.5980669790431));
#897=CARTESIAN_POINT('Ctrl Pts',(-4.70966744263133,108.376668117447,-20.5773586543108));
#898=CARTESIAN_POINT('Ctrl Pts',(-13.1708710531638,108.567154240636,-16.503763149732));
#899=CARTESIAN_POINT('Ctrl Pts',(-19.0282955329738,108.75763745452,-9.14997728797402));
#900=CARTESIAN_POINT('Ctrl Pts',(-20.4172280680163,108.884630304803,-3.04360467562641));
#901=CARTESIAN_POINT('Ctrl Pts',(-20.415664748114,108.94812231941,0.0104384767535164));
#902=CARTESIAN_POINT('Ctrl Pts',(-20.4961624801558,103.539932651693,1.4772254600115E-14));
#903=CARTESIAN_POINT('Ctrl Pts',(-20.4961624801558,103.603424666299,3.06621637604077));
#904=CARTESIAN_POINT('Ctrl Pts',(-19.0987893637399,103.730418658904,9.19599330725889));
#905=CARTESIAN_POINT('Ctrl Pts',(-13.2140396439467,103.920901389863,16.5753554261753));
#906=CARTESIAN_POINT('Ctrl Pts',(-4.71818140206033,104.111387932861,20.6615694352195));
#907=CARTESIAN_POINT('Ctrl Pts',(5.77273623264897,104.323037588496,20.6749787481542));
#908=CARTESIAN_POINT('Ctrl Pts',(15.9485815825614,104.55585290265,14.8025825018386));
#909=CARTESIAN_POINT('Ctrl Pts',(21.5253183754402,104.80983251311,3.23357100798248));
#910=CARTESIAN_POINT('Ctrl Pts',(19.9119311237036,105.021483284502,-7.31911583835783));
#911=CARTESIAN_POINT('Ctrl Pts',(14.0872537304337,105.233133011987,-15.871504689711));
#912=CARTESIAN_POINT('Ctrl Pts',(5.77035332145734,105.423618495245,-20.6780418890186));
#913=CARTESIAN_POINT('Ctrl Pts',(-4.72584652838875,105.635267932843,-20.6594414023172));
#914=CARTESIAN_POINT('Ctrl Pts',(-13.2186551627781,105.825753862172,-16.5712912872062));
#915=CARTESIAN_POINT('Ctrl Pts',(-19.100501211544,106.016238409672,-9.19167209160836));
#916=CARTESIAN_POINT('Ctrl Pts',(-21.198766973152,106.206724797964,0.00785135984450398));
#917=CARTESIAN_POINT('Ctrl Pts',(-19.0926137052003,106.397208498583,9.19978767933418));
#918=CARTESIAN_POINT('Ctrl Pts',(-12.562441481117,106.608858568711,17.4051733562398));
#919=CARTESIAN_POINT('Ctrl Pts',(-1.62028545876218,106.841674840699,21.7021802086311));
#920=CARTESIAN_POINT('Ctrl Pts',(10.8882630301711,107.095654265851,18.8393878672028));
#921=CARTESIAN_POINT('Ctrl Pts',(19.6079507305769,107.34963436487,9.43310818356672));
#922=CARTESIAN_POINT('Ctrl Pts',(21.5183268287149,107.603614264142,-3.25208741831642));
#923=CARTESIAN_POINT('Ctrl Pts',(15.9420844486684,107.857595154593,-14.8094113848117));
#924=CARTESIAN_POINT('Ctrl Pts',(5.75938646835009,108.090409927381,-20.6797744909884));
#925=CARTESIAN_POINT('Ctrl Pts',(-4.72975085408368,108.302059991017,-20.6581475931007));
#926=CARTESIAN_POINT('Ctrl Pts',(-13.2240405865516,108.492546114206,-16.5679250750981));
#927=CARTESIAN_POINT('Ctrl Pts',(-19.1040308493682,108.683029328091,-9.18459578837239));
#928=CARTESIAN_POINT('Ctrl Pts',(-20.497952178699,108.810022178374,-3.05422915928342));
#929=CARTESIAN_POINT('Ctrl Pts',(-20.4961589750898,108.87351419298,0.0119866924010077));
#930=CARTESIAN_POINT('',(-20.4961624801559,103.539932651693,1.70236096929475E-14));
#931=CARTESIAN_POINT('Ctrl Pts',(-19.7992111822874,108.762390050279,-5.29354120339367));
#932=CARTESIAN_POINT('Ctrl Pts',(-19.4698314485537,108.735936898943,-6.52779390342343));
#933=CARTESIAN_POINT('Ctrl Pts',(-17.9605996971347,108.645987695197,-10.6203683553828));
#934=CARTESIAN_POINT('Ctrl Pts',(-13.2240405865516,108.492546114206,-16.5679250750981));
#935=CARTESIAN_POINT('Ctrl Pts',(-4.72975085408368,108.302059991017,-20.6581475931007));
#936=CARTESIAN_POINT('Ctrl Pts',(5.75938646835009,108.090409927381,-20.6797744909884));
#937=CARTESIAN_POINT('Ctrl Pts',(15.9420844486684,107.857595154593,-14.8094113848117));
#938=CARTESIAN_POINT('Ctrl Pts',(21.5183268287149,107.603614264142,-3.25208741831642));
#939=CARTESIAN_POINT('Ctrl Pts',(19.6079507305769,107.34963436487,9.43310818356672));
#940=CARTESIAN_POINT('Ctrl Pts',(10.8882630301711,107.095654265851,18.8393878672028));
#941=CARTESIAN_POINT('Ctrl Pts',(-1.62028545876218,106.841674840699,21.7021802086311));
#942=CARTESIAN_POINT('Ctrl Pts',(-12.562441481117,106.608858568711,17.4051733562398));
#943=CARTESIAN_POINT('Ctrl Pts',(-19.0926137052003,106.397208498583,9.19978767933418));
#944=CARTESIAN_POINT('Ctrl Pts',(-21.198766973152,106.206724797964,0.00785135984450398));
#945=CARTESIAN_POINT('Ctrl Pts',(-19.100501211544,106.016238409672,-9.19167209160836));
#946=CARTESIAN_POINT('Ctrl Pts',(-13.2186551627781,105.825753862172,-16.5712912872062));
#947=CARTESIAN_POINT('Ctrl Pts',(-4.72584652838875,105.635267932843,-20.6594414023172));
#948=CARTESIAN_POINT('Ctrl Pts',(5.77035332145734,105.423618495245,-20.6780418890186));
#949=CARTESIAN_POINT('Ctrl Pts',(14.0872537304337,105.233133011987,-15.871504689711));
#950=CARTESIAN_POINT('Ctrl Pts',(19.9119311237036,105.021483284502,-7.31911583835783));
#951=CARTESIAN_POINT('Ctrl Pts',(21.5253183754402,104.80983251311,3.23357100798248));
#952=CARTESIAN_POINT('Ctrl Pts',(15.9485815825614,104.55585290265,14.8025825018386));
#953=CARTESIAN_POINT('Ctrl Pts',(5.77273623264897,104.323037588496,20.6749787481542));
#954=CARTESIAN_POINT('Ctrl Pts',(-4.71818140206033,104.111387932861,20.6615694352195));
#955=CARTESIAN_POINT('Ctrl Pts',(-13.2140396439467,103.920901389863,16.5753554261753));
#956=CARTESIAN_POINT('Ctrl Pts',(-19.0987893637399,103.730418658904,9.19599330725889));
#957=CARTESIAN_POINT('Ctrl Pts',(-20.4961624801558,103.603424666299,3.06621637604077));
#958=CARTESIAN_POINT('Ctrl Pts',(-20.4961624801558,103.539932651693,1.4772254600115E-14));
#959=CARTESIAN_POINT('',(-20.4961624801559,104.126734014973,6.0524849021526E-12));
#960=CARTESIAN_POINT('Ctrl Pts',(-20.4961624261511,104.126734014953,-8.90722748510264E-9));
#961=CARTESIAN_POINT('Ctrl Pts',(-20.4800755805863,104.111817461303,-1.10421677931238E-7));
#962=CARTESIAN_POINT('Ctrl Pts',(-20.4653694176891,104.095576354077,1.06578864149667E-6));
#963=CARTESIAN_POINT('Ctrl Pts',(-20.4520899096799,104.078248873134,2.3402129645275E-6));
#964=CARTESIAN_POINT('Ctrl Pts',(-20.4384410072939,104.060439395868,3.65008778605988E-6));
#965=CARTESIAN_POINT('Ctrl Pts',(-20.4262984958305,104.041481064882,5.08837272760239E-6));
#966=CARTESIAN_POINT('Ctrl Pts',(-20.4157534453702,104.021597760322,5.98619966225801E-6));
#967=CARTESIAN_POINT('Ctrl Pts',(-20.4121969522046,104.014891786079,6.28900668713476E-6));
#968=CARTESIAN_POINT('Ctrl Pts',(-20.4088225570509,104.008080394171,6.53367121095294E-6));
#969=CARTESIAN_POINT('Ctrl Pts',(-20.4056350051578,104.001171698168,6.7017595691294E-6));
#970=CARTESIAN_POINT('Ctrl Pts',(-20.3961930229671,103.980707157728,7.19966119945822E-6));
#971=CARTESIAN_POINT('Ctrl Pts',(-20.3884640551594,103.959557593893,7.05727552388514E-6));
#972=CARTESIAN_POINT('Ctrl Pts',(-20.3825203671741,103.937954922263,6.33090560137268E-6));
#973=CARTESIAN_POINT('Ctrl Pts',(-20.3766718981947,103.91669832952,5.61617226243701E-6));
#974=CARTESIAN_POINT('Ctrl Pts',(-20.3725515535356,103.895001666136,4.36318226181935E-6));
#975=CARTESIAN_POINT('Ctrl Pts',(-20.3702751842314,103.873071382861,2.85996002551744E-6));
#976=CARTESIAN_POINT('Ctrl Pts',(-20.3695141712806,103.865739870547,2.35741784680272E-6));
#977=CARTESIAN_POINT('Ctrl Pts',(-20.3689596682038,103.858382215221,1.82710786658174E-6));
#978=CARTESIAN_POINT('Ctrl Pts',(-20.3686173306746,103.851006160684,1.27779342205814E-6));
#979=CARTESIAN_POINT('Ctrl Pts',(-20.3683438180461,103.845113017539,8.38915342086235E-7));
#980=CARTESIAN_POINT('Ctrl Pts',(-20.3682063394228,103.839220737225,3.95245043409146E-7));
#981=CARTESIAN_POINT('Ctrl Pts',(-20.3682063398747,103.833333333455,-4.82692839596024E-8));
#982=CARTESIAN_POINT('Ctrl Pts',(-20.3682063416371,103.810368963319,-1.77823848132863E-6));
#983=CARTESIAN_POINT('Ctrl Pts',(-20.3702930752437,103.787478948078,-3.5135044650656E-6));
#984=CARTESIAN_POINT('Ctrl Pts',(-20.3743246692171,103.764897011745,-4.83342282531153E-6));
#985=CARTESIAN_POINT('Ctrl Pts',(-20.3783562631906,103.742315075411,-6.15334118555747E-6));
#986=CARTESIAN_POINT('Ctrl Pts',(-20.3843333663855,103.720039632191,-7.02628939495285E-6));
#987=CARTESIAN_POINT('Ctrl Pts',(-20.39217135671,103.698315758562,-7.20505711594537E-6));
#988=CARTESIAN_POINT('Ctrl Pts',(-20.3998037152004,103.677161816739,-7.37913481655959E-6));
#989=CARTESIAN_POINT('Ctrl Pts',(-20.4091504392254,103.656670428843,-6.8786612460945E-6));
#990=CARTESIAN_POINT('Ctrl Pts',(-20.4201136521478,103.637063520525,-5.88537011170231E-6));
#991=CARTESIAN_POINT('Ctrl Pts',(-20.4247098739089,103.628843512456,-5.46894234009241E-6));
#992=CARTESIAN_POINT('Ctrl Pts',(-20.4295908006672,103.620779185215,-4.96939060038285E-6));
#993=CARTESIAN_POINT('Ctrl Pts',(-20.4347516047596,103.612888238325,-4.42294661808559E-6));
#994=CARTESIAN_POINT('Ctrl Pts',(-20.4469196822371,103.594283065293,-3.13454802853225E-6));
#995=CARTESIAN_POINT('Ctrl Pts',(-20.4605803541017,103.576732241253,-1.54822288195814E-6));
#996=CARTESIAN_POINT('Ctrl Pts',(-20.4756549896637,103.560457590837,-6.47978198839091E-7));
#997=CARTESIAN_POINT('Ctrl Pts',(-20.4822232447291,103.553366470485,-2.55727475715282E-7));
#998=CARTESIAN_POINT('Ctrl Pts',(-20.4890604743143,103.546517996466,1.80997245821369E-14));
#999=CARTESIAN_POINT('Ctrl Pts',(-20.4961624801558,103.539932651693,1.81061762805079E-14));
#1000=CARTESIAN_POINT('Ctrl Pts',(-20.4961624261511,104.126734014953,-8.90118662544986E-9));
#1001=CARTESIAN_POINT('Ctrl Pts',(-20.496134871416,104.190143306546,3.06221737619833));
#1002=CARTESIAN_POINT('Ctrl Pts',(-19.1016099058193,104.317054553105,9.18802908749846));
#1003=CARTESIAN_POINT('Ctrl Pts',(-13.223731085993,104.507454545189,16.5676246752868));
#1004=CARTESIAN_POINT('Ctrl Pts',(-4.73026402191876,104.697941088188,20.6588065858627));
#1005=CARTESIAN_POINT('Ctrl Pts',(5.76064397661259,104.909590743823,20.6783512597857));
#1006=CARTESIAN_POINT('Ctrl Pts',(15.9399219174073,105.142406057977,14.8119071184744));
#1007=CARTESIAN_POINT('Ctrl Pts',(21.523423617398,105.396385668436,3.24615902471828));
#1008=CARTESIAN_POINT('Ctrl Pts',(19.9162081291017,105.608036439828,-7.30746956810088));
#1009=CARTESIAN_POINT('Ctrl Pts',(14.0965333928137,105.819686167314,-15.8632633807305));
#1010=CARTESIAN_POINT('Ctrl Pts',(5.78244539490519,106.010171650572,-20.6746636991609));
#1011=CARTESIAN_POINT('Ctrl Pts',(-4.71376353802847,106.221821088169,-20.6622016680996));
#1012=CARTESIAN_POINT('Ctrl Pts',(-13.2089615772691,106.412307017498,-16.5790190689347));
#1013=CARTESIAN_POINT('Ctrl Pts',(-19.0951224146771,106.602791564998,-9.20284099288594));
#1014=CARTESIAN_POINT('Ctrl Pts',(-21.1987679396138,106.79327795329,-0.00454623540061464));
#1015=CARTESIAN_POINT('Ctrl Pts',(-19.0979907168385,106.983761653909,9.18862024573773));
#1016=CARTESIAN_POINT('Ctrl Pts',(-12.5726183338435,107.195411724038,17.3978235351078));
#1017=CARTESIAN_POINT('Ctrl Pts',(-1.63297718481754,107.428227996025,21.7012289119681));
#1018=CARTESIAN_POINT('Ctrl Pts',(10.8772434009265,107.682207421178,18.8457523867343));
#1019=CARTESIAN_POINT('Ctrl Pts',(19.6024306487833,107.936187520196,9.44457381331968));
#1020=CARTESIAN_POINT('Ctrl Pts',(21.5202250547084,108.190167419469,-3.23950238130224));
#1021=CARTESIAN_POINT('Ctrl Pts',(15.9507426538823,108.444148309919,-14.8000855038978));
#1022=CARTESIAN_POINT('Ctrl Pts',(5.77147955694439,108.676963082707,-20.6764027145373));
#1023=CARTESIAN_POINT('Ctrl Pts',(-4.71766861970921,108.888613146344,-20.6609101424562));
#1024=CARTESIAN_POINT('Ctrl Pts',(-13.2143489687707,109.079099269533,-16.5756560069392));
#1025=CARTESIAN_POINT('Ctrl Pts',(-19.0986561903051,109.269582483417,-9.19576675508467));
#1026=CARTESIAN_POINT('Ctrl Pts',(-20.4961624801558,109.3965753337,-3.0662163760407));
#1027=CARTESIAN_POINT('Ctrl Pts',(-20.4961624801558,109.460067348306,4.30211422042248E-15));
#1028=CARTESIAN_POINT('Ctrl Pts',(-20.0000000000001,109.,0.));
#1029=CARTESIAN_POINT('Ctrl Pts',(-20.0000000000001,108.929824561403,-3.30693963535769));
#1030=CARTESIAN_POINT('Ctrl Pts',(-18.3276546518965,108.78947368421,-9.9175867689058));
#1031=CARTESIAN_POINT('Ctrl Pts',(-11.3975345559548,108.578947368421,-17.4459434242208));
#1032=CARTESIAN_POINT('Ctrl Pts',(-1.72097830170823,108.368421052631,-20.7675921212693));
#1033=CARTESIAN_POINT('Ctrl Pts',(8.37095124369897,108.157894736842,-19.0837872585184));
#1034=CARTESIAN_POINT('Ctrl Pts',(16.44480275395,107.947368421052,-12.799491926424));
#1035=CARTESIAN_POINT('Ctrl Pts',(20.5547081482253,107.736842105263,-3.42998735697296));
#1036=CARTESIAN_POINT('Ctrl Pts',(19.7097956524528,107.526315789473,6.76639067011379));
#1037=CARTESIAN_POINT('Ctrl Pts',(14.1138133656511,107.315789473684,15.3316818486445));
#1038=CARTESIAN_POINT('Ctrl Pts',(5.11564895401948,107.105263157894,20.2012477383583));
#1039=CARTESIAN_POINT('Ctrl Pts',(-5.11564965216337,106.894736842105,20.2012453410425));
#1040=CARTESIAN_POINT('Ctrl Pts',(-14.1138108629987,106.684210526316,15.3316856472156));
#1041=CARTESIAN_POINT('Ctrl Pts',(-19.709801421398,106.473684210526,6.76638325006592));
#1042=CARTESIAN_POINT('Ctrl Pts',(-20.5546957330277,106.263157894737,-3.42997197783907));
#1043=CARTESIAN_POINT('Ctrl Pts',(-16.4448290107148,106.052631578947,-12.7995242497407));
#1044=CARTESIAN_POINT('Ctrl Pts',(-8.37089532059914,105.842105263158,-19.0837190647734));
#1045=CARTESIAN_POINT('Ctrl Pts',(1.7208636589154,105.631578947368,-20.7677358156865));
#1046=CARTESIAN_POINT('Ctrl Pts',(11.3978041242201,105.421052631579,-17.4456379415768));
#1047=CARTESIAN_POINT('Ctrl Pts',(18.3272754537372,105.210526315789,-9.91822548668081));
#1048=CARTESIAN_POINT('Ctrl Pts',(20.8389112526807,105.,-6.34120094401721E-15));
#1049=CARTESIAN_POINT('Ctrl Pts',(18.3272754537372,104.78947368421,9.9182254866808));
#1050=CARTESIAN_POINT('Ctrl Pts',(11.3978041242201,104.578947368421,17.4456379415768));
#1051=CARTESIAN_POINT('Ctrl Pts',(1.7208636589154,104.368421052631,20.7677358156865));
#1052=CARTESIAN_POINT('Ctrl Pts',(-8.37089532059912,104.157894736842,19.0837190647734));
#1053=CARTESIAN_POINT('Ctrl Pts',(-16.4448290107148,103.947368421052,12.7995242497407));
#1054=CARTESIAN_POINT('Ctrl Pts',(-20.5546957330277,103.736842105263,3.42997197783907));
#1055=CARTESIAN_POINT('Ctrl Pts',(-19.709801421398,103.526315789473,-6.76638325006592));
#1056=CARTESIAN_POINT('Ctrl Pts',(-14.1138108629987,103.315789473684,-15.3316856472155));
#1057=CARTESIAN_POINT('Ctrl Pts',(-5.1156496521634,103.105263157894,-20.2012453410425));
#1058=CARTESIAN_POINT('Ctrl Pts',(5.11564895401948,102.894736842105,-20.2012477383583));
#1059=CARTESIAN_POINT('Ctrl Pts',(14.1138133656511,102.684210526316,-15.3316818486444));
#1060=CARTESIAN_POINT('Ctrl Pts',(19.7097956524528,102.473684210526,-6.7663906701138));
#1061=CARTESIAN_POINT('Ctrl Pts',(20.5547081482253,102.263157894737,3.42998735697297));
#1062=CARTESIAN_POINT('Ctrl Pts',(16.44480275395,102.052631578947,12.799491926424));
#1063=CARTESIAN_POINT('Ctrl Pts',(8.37095124369896,101.842105263158,19.0837872585184));
#1064=CARTESIAN_POINT('Ctrl Pts',(-1.72097830170824,101.631578947368,20.7675921212693));
#1065=CARTESIAN_POINT('Ctrl Pts',(-11.3975345559548,101.421052631579,17.4459434242208));
#1066=CARTESIAN_POINT('Ctrl Pts',(-18.3276546518965,101.210526315789,9.91758676890581));
#1067=CARTESIAN_POINT('Ctrl Pts',(-20.0000000000001,101.070175438596,3.3069396353577));
#1068=CARTESIAN_POINT('Ctrl Pts',(-20.0000000000001,101.,1.46957615897683E-14));
#1069=CARTESIAN_POINT('Ctrl Pts',(-20.4733275958395,109.438893670134,0.));
#1070=CARTESIAN_POINT('Ctrl Pts',(-20.4733275958395,109.368718231537,-3.38520292471719));
#1071=CARTESIAN_POINT('Ctrl Pts',(-18.7614038875844,109.228367354344,-10.1523001439986));
#1072=CARTESIAN_POINT('Ctrl Pts',(-11.6672729374482,109.017841038555,-17.8588257471277));
#1073=CARTESIAN_POINT('Ctrl Pts',(-1.76170762781019,108.807314722765,-21.259085843776));
#1074=CARTESIAN_POINT('Ctrl Pts',(8.56906135505243,108.596788406976,-19.5354314156477));
#1075=CARTESIAN_POINT('Ctrl Pts',(16.833991701529,108.386262091186,-13.102409563499));
#1076=CARTESIAN_POINT('Ctrl Pts',(21.0411636777744,108.175735775397,-3.51116274044474));
#1077=CARTESIAN_POINT('Ctrl Pts',(20.176255161986,107.965209459607,6.92652664153355));
#1078=CARTESIAN_POINT('Ctrl Pts',(14.4478362330756,107.754683143818,15.6945272541242));
#1079=CARTESIAN_POINT('Ctrl Pts',(5.23671784504771,107.544156828028,20.679338139606));
#1080=CARTESIAN_POINT('Ctrl Pts',(-5.23671855971415,107.333630512239,20.6793356855545));
#1081=CARTESIAN_POINT('Ctrl Pts',(-14.4478336711945,107.123104196449,15.6945311425937));
#1082=CARTESIAN_POINT('Ctrl Pts',(-20.1762610674612,106.91257788066,6.92651904588001));
#1083=CARTESIAN_POINT('Ctrl Pts',(-21.041150968754,106.70205156487,-3.51114699734243));
#1084=CARTESIAN_POINT('Ctrl Pts',(-16.8340185796964,106.491525249081,-13.1024426517917));
#1085=CARTESIAN_POINT('Ctrl Pts',(-8.56900410845528,106.280998933292,-19.5353616080036));
#1086=CARTESIAN_POINT('Ctrl Pts',(1.76159027183749,106.070472617502,-21.2592329389199));
#1087=CARTESIAN_POINT('Ctrl Pts',(11.6675488854185,105.859946301712,-17.8585130348154));
#1088=CARTESIAN_POINT('Ctrl Pts',(18.7610157151774,105.649419985923,-10.152953977911));
#1089=CARTESIAN_POINT('Ctrl Pts',(21.3320928408378,105.438893670134,-9.51180141602582E-15));
#1090=CARTESIAN_POINT('Ctrl Pts',(18.7610157151774,105.228367354344,10.152953977911));
#1091=CARTESIAN_POINT('Ctrl Pts',(11.6675488854185,105.017841038555,17.8585130348154));
#1092=CARTESIAN_POINT('Ctrl Pts',(1.76159027183749,104.807314722765,21.2592329389199));
#1093=CARTESIAN_POINT('Ctrl Pts',(-8.56900410845526,104.596788406976,19.5353616080036));
#1094=CARTESIAN_POINT('Ctrl Pts',(-16.8340185796964,104.386262091186,13.1024426517917));
#1095=CARTESIAN_POINT('Ctrl Pts',(-21.041150968754,104.175735775397,3.51114699734243));
#1096=CARTESIAN_POINT('Ctrl Pts',(-20.1762610674612,103.965209459607,-6.92651904588002));
#1097=CARTESIAN_POINT('Ctrl Pts',(-14.4478336711945,103.754683143818,-15.6945311425937));
#1098=CARTESIAN_POINT('Ctrl Pts',(-5.23671855971417,103.544156828028,-20.6793356855544));
#1099=CARTESIAN_POINT('Ctrl Pts',(5.23671784504771,103.333630512239,-20.679338139606));
#1100=CARTESIAN_POINT('Ctrl Pts',(14.4478362330756,103.123104196449,-15.6945272541242));
#1101=CARTESIAN_POINT('Ctrl Pts',(20.176255161986,102.91257788066,-6.92652664153357));
#1102=CARTESIAN_POINT('Ctrl Pts',(21.0411636777744,102.70205156487,3.51116274044475));
#1103=CARTESIAN_POINT('Ctrl Pts',(16.833991701529,102.491525249081,13.102409563499));
#1104=CARTESIAN_POINT('Ctrl Pts',(8.56906135505242,102.280998933291,19.5354314156477));
#1105=CARTESIAN_POINT('Ctrl Pts',(-1.76170762781021,102.070472617502,21.259085843776));
#1106=CARTESIAN_POINT('Ctrl Pts',(-11.6672729374482,101.859946301713,17.8588257471277));
#1107=CARTESIAN_POINT('Ctrl Pts',(-18.7614038875844,101.649419985923,10.1523001439986));
#1108=CARTESIAN_POINT('Ctrl Pts',(-20.4733275958395,101.50906910873,3.3852029247172));
#1109=CARTESIAN_POINT('Ctrl Pts',(-20.4733275958395,101.438893670134,1.5043557064884E-14));
#1110=CARTESIAN_POINT('Ctrl Pts',(-20.946655191679,109.877787340267,0.));
#1111=CARTESIAN_POINT('Ctrl Pts',(-20.946655191679,109.807611901671,-3.46346621407669));
#1112=CARTESIAN_POINT('Ctrl Pts',(-19.1951531232723,109.667261024478,-10.3870135190913));
#1113=CARTESIAN_POINT('Ctrl Pts',(-11.9370113189416,109.456734708688,-18.2717080700345));
#1114=CARTESIAN_POINT('Ctrl Pts',(-1.80243695391217,109.246208392899,-21.7505795662828));
#1115=CARTESIAN_POINT('Ctrl Pts',(8.7671714664059,109.035682077109,-19.987075572777));
#1116=CARTESIAN_POINT('Ctrl Pts',(17.2231806491081,108.82515576132,-13.4053272005741));
#1117=CARTESIAN_POINT('Ctrl Pts',(21.5276192073235,108.61462944553,-3.59233812391653));
#1118=CARTESIAN_POINT('Ctrl Pts',(20.6427146715191,108.404103129741,7.08666261295333));
#1119=CARTESIAN_POINT('Ctrl Pts',(14.7818591005001,108.193576813952,16.0573726596039));
#1120=CARTESIAN_POINT('Ctrl Pts',(5.35778673607595,107.983050498162,21.1574285408537));
#1121=CARTESIAN_POINT('Ctrl Pts',(-5.35778746726492,107.772524182373,21.1574260300664));
#1122=CARTESIAN_POINT('Ctrl Pts',(-14.7818564793903,107.561997866583,16.0573766379718));
#1123=CARTESIAN_POINT('Ctrl Pts',(-20.6427207135243,107.351471550794,7.08665484169413));
#1124=CARTESIAN_POINT('Ctrl Pts',(-21.5276062044803,107.140945235004,-3.5923220168458));
#1125=CARTESIAN_POINT('Ctrl Pts',(-17.223208148678,106.930418919215,-13.4053610538426));
#1126=CARTESIAN_POINT('Ctrl Pts',(-8.76711289631143,106.719892603425,-19.9870041512339));
#1127=CARTESIAN_POINT('Ctrl Pts',(1.80231688475959,106.509366287636,-21.7507300621533));
#1128=CARTESIAN_POINT('Ctrl Pts',(11.9372936466167,106.298839971846,-18.2713881280541));
#1129=CARTESIAN_POINT('Ctrl Pts',(19.1947559766177,106.088313656057,-10.3876824691412));
#1130=CARTESIAN_POINT('Ctrl Pts',(21.825274428995,105.877787340267,-3.69903388401004E-15));
#1131=CARTESIAN_POINT('Ctrl Pts',(19.1947559766177,105.667261024478,10.3876824691412));
#1132=CARTESIAN_POINT('Ctrl Pts',(11.9372936466168,105.456734708688,18.2713881280541));
#1133=CARTESIAN_POINT('Ctrl Pts',(1.80231688475959,105.246208392899,21.7507300621533));
#1134=CARTESIAN_POINT('Ctrl Pts',(-8.76711289631141,105.035682077109,19.9870041512339));
#1135=CARTESIAN_POINT('Ctrl Pts',(-17.2232081486781,104.82515576132,13.4053610538426));
#1136=CARTESIAN_POINT('Ctrl Pts',(-21.5276062044803,104.614629445531,3.59232201684579));
#1137=CARTESIAN_POINT('Ctrl Pts',(-20.6427207135244,104.404103129741,-7.08665484169412));
#1138=CARTESIAN_POINT('Ctrl Pts',(-14.7818564793903,104.193576813952,-16.0573766379718));
#1139=CARTESIAN_POINT('Ctrl Pts',(-5.35778746726494,103.983050498162,-21.1574260300664));
#1140=CARTESIAN_POINT('Ctrl Pts',(5.35778673607595,103.772524182373,-21.1574285408537));
#1141=CARTESIAN_POINT('Ctrl Pts',(14.7818591005001,103.561997866583,-16.0573726596039));
#1142=CARTESIAN_POINT('Ctrl Pts',(20.6427146715191,103.351471550794,-7.08666261295335));
#1143=CARTESIAN_POINT('Ctrl Pts',(21.5276192073235,103.140945235004,3.59233812391655));
#1144=CARTESIAN_POINT('Ctrl Pts',(17.2231806491081,102.930418919215,13.4053272005741));
#1145=CARTESIAN_POINT('Ctrl Pts',(8.76717146640589,102.719892603425,19.987075572777));
#1146=CARTESIAN_POINT('Ctrl Pts',(-1.80243695391217,102.509366287636,21.7505795662827));
#1147=CARTESIAN_POINT('Ctrl Pts',(-11.9370113189416,102.298839971846,18.2717080700345));
#1148=CARTESIAN_POINT('Ctrl Pts',(-19.1951531232723,102.088313656057,10.3870135190913));
#1149=CARTESIAN_POINT('Ctrl Pts',(-20.946655191679,101.947962778864,3.46346621407671));
#1150=CARTESIAN_POINT('Ctrl Pts',(-20.946655191679,101.877787340267,1.53913525399998E-14));
#1151=CARTESIAN_POINT('Ctrl Pts',(-21.4199827875184,110.316681010401,0.));
#1152=CARTESIAN_POINT('Ctrl Pts',(-21.4199827875184,110.246505571805,-3.5417295034362));
#1153=CARTESIAN_POINT('Ctrl Pts',(-19.6289023589602,110.106154694612,-10.6217268941841));
#1154=CARTESIAN_POINT('Ctrl Pts',(-12.2067497004349,109.895628378822,-18.6845903929414));
#1155=CARTESIAN_POINT('Ctrl Pts',(-1.84316628001414,109.685102063033,-22.2420732887895));
#1156=CARTESIAN_POINT('Ctrl Pts',(8.96528157775937,109.474575747243,-20.4387197299063));
#1157=CARTESIAN_POINT('Ctrl Pts',(17.6123695966871,109.264049431454,-13.7082448376491));
#1158=CARTESIAN_POINT('Ctrl Pts',(22.0140747368725,109.053523115664,-3.67351350738832));
#1159=CARTESIAN_POINT('Ctrl Pts',(21.1091741810522,108.842996799875,7.24679858437312));
#1160=CARTESIAN_POINT('Ctrl Pts',(15.1158819679247,108.632470484085,16.4202180650836));
#1161=CARTESIAN_POINT('Ctrl Pts',(5.47885562710418,108.421944168296,21.6355189421014));
#1162=CARTESIAN_POINT('Ctrl Pts',(-5.47885637481569,108.211417852506,21.6355163745783));
#1163=CARTESIAN_POINT('Ctrl Pts',(-15.1158792875861,108.000891536717,16.42022213335));
#1164=CARTESIAN_POINT('Ctrl Pts',(-21.1091803595875,107.790365220927,7.24679063750822));
#1165=CARTESIAN_POINT('Ctrl Pts',(-22.0140614402065,107.579838905138,-3.67349703634916));
#1166=CARTESIAN_POINT('Ctrl Pts',(-17.6123977176597,107.369312589348,-13.7082794558935));
#1167=CARTESIAN_POINT('Ctrl Pts',(-8.96522168416757,107.158786273559,-20.4386466944641));
#1168=CARTESIAN_POINT('Ctrl Pts',(1.84304349768168,106.94825995777,-22.2422271853867));
#1169=CARTESIAN_POINT('Ctrl Pts',(12.2070384078151,106.73773364198,-18.6842632212927));
#1170=CARTESIAN_POINT('Ctrl Pts',(19.6284962380579,106.527207326191,-10.6224109603714));
#1171=CARTESIAN_POINT('Ctrl Pts',(22.3184560171522,106.316681010401,-8.45493459202295E-15));
#1172=CARTESIAN_POINT('Ctrl Pts',(19.6284962380579,106.106154694612,10.6224109603714));
#1173=CARTESIAN_POINT('Ctrl Pts',(12.2070384078151,105.895628378822,18.6842632212927));
#1174=CARTESIAN_POINT('Ctrl Pts',(1.84304349768168,105.685102063033,22.2422271853867));
#1175=CARTESIAN_POINT('Ctrl Pts',(-8.96522168416755,105.474575747243,20.4386466944641));
#1176=CARTESIAN_POINT('Ctrl Pts',(-17.6123977176597,105.264049431454,13.7082794558935));
#1177=CARTESIAN_POINT('Ctrl Pts',(-22.0140614402065,105.053523115664,3.67349703634916));
#1178=CARTESIAN_POINT('Ctrl Pts',(-21.1091803595875,104.842996799875,-7.24679063750823));
#1179=CARTESIAN_POINT('Ctrl Pts',(-15.1158792875861,104.632470484085,-16.42022213335));
#1180=CARTESIAN_POINT('Ctrl Pts',(-5.47885637481571,104.421944168296,-21.6355163745783));
#1181=CARTESIAN_POINT('Ctrl Pts',(5.47885562710417,104.211417852506,-21.6355189421014));
#1182=CARTESIAN_POINT('Ctrl Pts',(15.1158819679247,104.000891536717,-16.4202180650836));
#1183=CARTESIAN_POINT('Ctrl Pts',(21.1091741810522,103.790365220927,-7.24679858437312));
#1184=CARTESIAN_POINT('Ctrl Pts',(22.0140747368725,103.579838905138,3.67351350738833));
#1185=CARTESIAN_POINT('Ctrl Pts',(17.6123695966871,103.369312589349,13.7082448376491));
#1186=CARTESIAN_POINT('Ctrl Pts',(8.96528157775936,103.158786273559,20.4387197299063));
#1187=CARTESIAN_POINT('Ctrl Pts',(-1.84316628001415,102.94825995777,22.2420732887895));
#1188=CARTESIAN_POINT('Ctrl Pts',(-12.2067497004349,102.73773364198,18.6845903929414));
#1189=CARTESIAN_POINT('Ctrl Pts',(-19.6289023589602,102.527207326191,10.6217268941841));
#1190=CARTESIAN_POINT('Ctrl Pts',(-21.4199827875184,102.386856448998,3.54172950343621));
#1191=CARTESIAN_POINT('Ctrl Pts',(-21.4199827875184,102.316681010401,1.57391480151155E-14));
#1192=CARTESIAN_POINT('',(-20.1797426985353,103.833333333333,1.48278343820271E-14));
#1193=CARTESIAN_POINT('Ctrl Pts',(-20.1797426985353,103.833333333333,1.48278343820271E-14));
#1194=CARTESIAN_POINT('Ctrl Pts',(-20.2852159590755,103.931133560546,1.48760286996734E-14));
#1195=CARTESIAN_POINT('Ctrl Pts',(-20.3906892196156,104.02893378776,6.05385488192174E-12));
#1196=CARTESIAN_POINT('Ctrl Pts',(-20.4961624801559,104.126734014973,6.0524849021526E-12));
#1197=CARTESIAN_POINT('Ctrl Pts',(-20.1797426985353,103.833333333333,1.48278343820271E-14));
#1198=CARTESIAN_POINT('Ctrl Pts',(-20.1198284656903,103.777777777778,1.48004575326296E-14));
#1199=CARTESIAN_POINT('Ctrl Pts',(-20.0599142328451,103.722222222222,9.84119865726511E-15));
#1200=CARTESIAN_POINT('Ctrl Pts',(-20.0000000000001,103.666666666666,9.79717439317886E-15));
#1201=CARTESIAN_POINT('',(-21.4199827875184,102.316681010401,1.57391480151155E-14));
#1202=CARTESIAN_POINT('',(-21.4199827875184,102.316681010401,1.57391480151155E-14));
#1203=CARTESIAN_POINT('',(-15.7286841040141,110.,-14.5404318702617));
#1204=CARTESIAN_POINT('Ctrl Pts',(-15.7273732888209,110.,-14.5391045681057));
#1205=CARTESIAN_POINT('Ctrl Pts',(-14.5352018998434,109.965209459607,-15.8288147445248));
#1206=CARTESIAN_POINT('Ctrl Pts',(-10.4648565647294,109.860243480618,-19.2825259510667));
#1207=CARTESIAN_POINT('Ctrl Pts',(-1.84316628001414,109.685102063033,-22.2420732887895));
#1208=CARTESIAN_POINT('Ctrl Pts',(8.96528157775937,109.474575747243,-20.4387197299063));
#1209=CARTESIAN_POINT('Ctrl Pts',(17.6123695966871,109.264049431454,-13.7082448376491));
#1210=CARTESIAN_POINT('Ctrl Pts',(22.0140747368725,109.053523115664,-3.67351350738832));
#1211=CARTESIAN_POINT('Ctrl Pts',(21.1091741810522,108.842996799875,7.24679858437312));
#1212=CARTESIAN_POINT('Ctrl Pts',(15.1158819679247,108.632470484085,16.4202180650836));
#1213=CARTESIAN_POINT('Ctrl Pts',(5.47885562710418,108.421944168296,21.6355189421014));
#1214=CARTESIAN_POINT('Ctrl Pts',(-5.47885637481569,108.211417852506,21.6355163745783));
#1215=CARTESIAN_POINT('Ctrl Pts',(-15.1158792875861,108.000891536717,16.42022213335));
#1216=CARTESIAN_POINT('Ctrl Pts',(-21.1091803595875,107.790365220927,7.24679063750822));
#1217=CARTESIAN_POINT('Ctrl Pts',(-22.0140614402065,107.579838905138,-3.67349703634916));
#1218=CARTESIAN_POINT('Ctrl Pts',(-17.6123977176597,107.369312589348,-13.7082794558935));
#1219=CARTESIAN_POINT('Ctrl Pts',(-8.96522168416757,107.158786273559,-20.4386466944641));
#1220=CARTESIAN_POINT('Ctrl Pts',(1.84304349768168,106.94825995777,-22.2422271853867));
#1221=CARTESIAN_POINT('Ctrl Pts',(12.2070384078151,106.73773364198,-18.6842632212927));
#1222=CARTESIAN_POINT('Ctrl Pts',(19.6284962380579,106.527207326191,-10.6224109603714));
#1223=CARTESIAN_POINT('Ctrl Pts',(22.3184560171522,106.316681010401,-8.45493459202295E-15));
#1224=CARTESIAN_POINT('Ctrl Pts',(19.6284962380579,106.106154694612,10.6224109603714));
#1225=CARTESIAN_POINT('Ctrl Pts',(12.2070384078151,105.895628378822,18.6842632212927));
#1226=CARTESIAN_POINT('Ctrl Pts',(1.84304349768168,105.685102063033,22.2422271853867));
#1227=CARTESIAN_POINT('Ctrl Pts',(-8.96522168416755,105.474575747243,20.4386466944641));
#1228=CARTESIAN_POINT('Ctrl Pts',(-17.6123977176597,105.264049431454,13.7082794558935));
#1229=CARTESIAN_POINT('Ctrl Pts',(-22.0140614402065,105.053523115664,3.67349703634916));
#1230=CARTESIAN_POINT('Ctrl Pts',(-21.1091803595875,104.842996799875,-7.24679063750823));
#1231=CARTESIAN_POINT('Ctrl Pts',(-15.1158792875861,104.632470484085,-16.42022213335));
#1232=CARTESIAN_POINT('Ctrl Pts',(-5.47885637481571,104.421944168296,-21.6355163745783));
#1233=CARTESIAN_POINT('Ctrl Pts',(5.47885562710417,104.211417852506,-21.6355189421014));
#1234=CARTESIAN_POINT('Ctrl Pts',(15.1158819679247,104.000891536717,-16.4202180650836));
#1235=CARTESIAN_POINT('Ctrl Pts',(21.1091741810522,103.790365220927,-7.24679858437312));
#1236=CARTESIAN_POINT('Ctrl Pts',(22.0140747368725,103.579838905138,3.67351350738833));
#1237=CARTESIAN_POINT('Ctrl Pts',(17.6123695966871,103.369312589349,13.7082448376491));
#1238=CARTESIAN_POINT('Ctrl Pts',(8.96528157775936,103.158786273559,20.4387197299063));
#1239=CARTESIAN_POINT('Ctrl Pts',(-1.84316628001415,102.94825995777,22.2420732887895));
#1240=CARTESIAN_POINT('Ctrl Pts',(-12.2067497004349,102.73773364198,18.6845903929414));
#1241=CARTESIAN_POINT('Ctrl Pts',(-19.6289023589602,102.527207326191,10.6217268941841));
#1242=CARTESIAN_POINT('Ctrl Pts',(-21.4199827875184,102.386856448998,3.54172950343621));
#1243=CARTESIAN_POINT('Ctrl Pts',(-21.4199827875184,102.316681010401,1.57391480151155E-14));
#1244=CARTESIAN_POINT('Ctrl Pts',(-21.0784561912121,110.,0.));
#1245=CARTESIAN_POINT('Ctrl Pts',(-21.0879923747153,110.,-0.439159242334696));
#1246=CARTESIAN_POINT('Ctrl Pts',(-21.0835212202495,110.,-0.8779602287089));
#1247=CARTESIAN_POINT('Ctrl Pts',(-21.0653481243849,110.,-1.31578060845485));
#1248=CARTESIAN_POINT('Ctrl Pts',(-21.0473482249441,110.,-1.74942839566979));
#1249=CARTESIAN_POINT('Ctrl Pts',(-21.0159061003118,110.,-2.18211471387451));
#1250=CARTESIAN_POINT('Ctrl Pts',(-20.9712646848838,110.,-2.61324526270993));
#1251=CARTESIAN_POINT('Ctrl Pts',(-20.9263023317494,110.,-3.04747531115138));
#1252=CARTESIAN_POINT('Ctrl Pts',(-20.867950168105,110.,-3.48012765875));
#1253=CARTESIAN_POINT('Ctrl Pts',(-20.7964032877812,110.,-3.9105978512809));
#1254=CARTESIAN_POINT('Ctrl Pts',(-20.7246835928524,110.,-4.34210780314031));
#1255=CARTESIAN_POINT('Ctrl Pts',(-20.6397052748242,110.,-4.77142558044105));
#1256=CARTESIAN_POINT('Ctrl Pts',(-20.5416127799998,110.,-5.19793715785627));
#1257=CARTESIAN_POINT('Ctrl Pts',(-20.4432274696014,110.,-5.62572191353626));
#1258=CARTESIAN_POINT('Ctrl Pts',(-20.3316494935014,110.,-6.05068424215562));
#1259=CARTESIAN_POINT('Ctrl Pts',(-20.2069735256289,110.,-6.47219122651374));
#1260=CARTESIAN_POINT('Ctrl Pts',(-20.1134665497246,110.,-6.78832146478234));
#1261=CARTESIAN_POINT('Ctrl Pts',(-20.0125908964696,110.,-7.10250784963304));
#1262=CARTESIAN_POINT('Ctrl Pts',(-19.9043681408318,110.,-7.41447560665602));
#1263=CARTESIAN_POINT('Ctrl Pts',(-19.8819450254565,110.,-7.47911348219205));
#1264=CARTESIAN_POINT('Ctrl Pts',(-19.8592064503471,110.,-7.543656086006));
#1265=CARTESIAN_POINT('Ctrl Pts',(-19.8361525244648,110.,-7.60810092915058));
#1266=CARTESIAN_POINT('Ctrl Pts',(-19.8215225319308,110.,-7.64899754601638));
#1267=CARTESIAN_POINT('Ctrl Pts',(-19.8067655421623,110.,-7.68985479280923));
#1268=CARTESIAN_POINT('Ctrl Pts',(-19.7918815771124,110.,-7.73067202990115));
#1269=CARTESIAN_POINT('Ctrl Pts',(-19.7779031048757,110.,-7.76900607688078));
#1270=CARTESIAN_POINT('Ctrl Pts',(-19.7638146159318,110.,-7.80729936528126));
#1271=CARTESIAN_POINT('Ctrl Pts',(-19.7496188487812,110.,-7.84554443581807));
#1272=CARTESIAN_POINT('Ctrl Pts',(-19.5960827417991,110.,-8.25918881157953));
#1273=CARTESIAN_POINT('Ctrl Pts',(-19.4299100260619,110.,-8.66744517470218));
#1274=CARTESIAN_POINT('Ctrl Pts',(-19.2513180501932,110.,-9.06971266312746));
#1275=CARTESIAN_POINT('Ctrl Pts',(-19.0905536645388,110.,-9.43182459638089));
#1276=CARTESIAN_POINT('Ctrl Pts',(-18.9197249758443,110.,-9.78908389130422));
#1277=CARTESIAN_POINT('Ctrl Pts',(-18.7389549325275,110.,-10.1410461295007));
#1278=CARTESIAN_POINT('Ctrl Pts',(-18.5356868502159,110.,-10.5368124184923));
#1279=CARTESIAN_POINT('Ctrl Pts',(-18.3198498423061,110.,-10.9258819541533));
#1280=CARTESIAN_POINT('Ctrl Pts',(-18.0919547972157,110.,-11.3078058347168));
#1281=CARTESIAN_POINT('Ctrl Pts',(-17.8669277955199,110.,-11.6849232296349));
#1282=CARTESIAN_POINT('Ctrl Pts',(-17.6301438884131,110.,-12.0550740629806));
#1283=CARTESIAN_POINT('Ctrl Pts',(-17.3820472529499,110.,-12.4178018761753));
#1284=CARTESIAN_POINT('Ctrl Pts',(-17.1292075072521,110.,-12.7874643178865));
#1285=CARTESIAN_POINT('Ctrl Pts',(-16.8646181175752,110.,-13.1494177507891));
#1286=CARTESIAN_POINT('Ctrl Pts',(-16.5887042294527,110.,-13.5031464930597));
#1287=CARTESIAN_POINT('Ctrl Pts',(-16.3127903413302,110.,-13.8568752353302));
#1288=CARTESIAN_POINT('Ctrl Pts',(-16.0255515790776,110.,-14.2023797595731));
#1289=CARTESIAN_POINT('Ctrl Pts',(-15.7273732888207,110.,-14.539104568106));
#1290=CARTESIAN_POINT('Ctrl Pts',(-15.7286841040141,110.,-14.5404318702617));
#1291=CARTESIAN_POINT('Ctrl Pts',(-13.4196387953944,109.932602465004,-17.0381736543563));
#1292=CARTESIAN_POINT('Ctrl Pts',(-7.59212533277274,109.797807395011,-20.9117586146559));
#1293=CARTESIAN_POINT('Ctrl Pts',(2.84411993103786,109.595614790021,-22.0648062766243));
#1294=CARTESIAN_POINT('Ctrl Pts',(12.6455813435905,109.393422185032,-18.3037050919461));
#1295=CARTESIAN_POINT('Ctrl Pts',(19.6315638616938,109.191229580042,-10.4664276453223));
#1296=CARTESIAN_POINT('Ctrl Pts',(22.2452400170558,108.989036975053,-0.29821277746035));
#1297=CARTESIAN_POINT('Ctrl Pts',(19.9050229475916,108.786844370063,9.93639281699079));
#1298=CARTESIAN_POINT('Ctrl Pts',(13.1318535267962,108.584651765074,17.9581589573534));
#1299=CARTESIAN_POINT('Ctrl Pts',(3.43423495547571,108.382459160084,21.9806108001309));
#1300=CARTESIAN_POINT('Ctrl Pts',(-7.02820935478281,108.180266555095,21.1079493815913));
#1301=CARTESIAN_POINT('Ctrl Pts',(-15.9254529813896,107.978073950106,15.5345143281812));
#1302=CARTESIAN_POINT('Ctrl Pts',(-21.2760775753331,107.775881345116,6.50151973988137));
#1303=CARTESIAN_POINT('Ctrl Pts',(-21.8884854954286,107.573688740127,-3.97937346095535));
#1304=CARTESIAN_POINT('Ctrl Pts',(-17.6262951031514,107.371496135137,-13.5740540035115));
#1305=CARTESIAN_POINT('Ctrl Pts',(-9.43870150435408,107.169303530148,-20.1457720563358));
#1306=CARTESIAN_POINT('Ctrl Pts',(0.850905143477809,106.967110925158,-22.230995899099));
#1307=CARTESIAN_POINT('Ctrl Pts',(10.9510140031455,106.764918320169,-19.3653430369696));
#1308=CARTESIAN_POINT('Ctrl Pts',(18.6123152894646,106.562725715179,-12.1869987187309));
#1309=CARTESIAN_POINT('Ctrl Pts',(22.128625573485,106.36053311019,-2.29459118735016));
#1310=CARTESIAN_POINT('Ctrl Pts',(20.7168571580849,106.158340505201,8.10882530327717));
#1311=CARTESIAN_POINT('Ctrl Pts',(14.6914130414222,105.956147900211,16.7063940254889));
#1312=CARTESIAN_POINT('Ctrl Pts',(5.39416880983475,105.753955295222,21.5834232932544));
#1313=CARTESIAN_POINT('Ctrl Pts',(-5.10436503538654,105.551762690232,21.6537912667071));
#1314=CARTESIAN_POINT('Ctrl Pts',(-14.4661490230156,105.349570085243,16.9018268442455));
#1315=CARTESIAN_POINT('Ctrl Pts',(-20.6062994891965,105.147377480253,8.38579985425814));
#1316=CARTESIAN_POINT('Ctrl Pts',(-22.1573957248681,104.945184875264,-1.99775770433267));
#1317=CARTESIAN_POINT('Ctrl Pts',(-18.7740058690696,104.742992270274,-11.9364112719647));
#1318=CARTESIAN_POINT('Ctrl Pts',(-11.2096167726111,104.540799665285,-19.2168084689122));
#1319=CARTESIAN_POINT('Ctrl Pts',(-1.14882781070319,104.338607060296,-22.2175917402465));
#1320=CARTESIAN_POINT('Ctrl Pts',(9.16780452597429,104.136414455306,-20.2704862794163));
#1321=CARTESIAN_POINT('Ctrl Pts',(17.4427577400946,103.934221850317,-13.8091065350591));
#1322=CARTESIAN_POINT('Ctrl Pts',(21.8331717302032,103.732029245327,-4.27243050104484));
#1323=CARTESIAN_POINT('Ctrl Pts',(21.3613271941588,103.529836640338,6.21574945294485));
#1324=CARTESIAN_POINT('Ctrl Pts',(16.1322356745355,103.327644035348,15.3196150871459));
#1325=CARTESIAN_POINT('Ctrl Pts',(7.31057022313657,103.125451430359,21.0119006832585));
#1326=CARTESIAN_POINT('Ctrl Pts',(-3.13937799413353,102.923258825369,22.0245466110031));
#1327=CARTESIAN_POINT('Ctrl Pts',(-12.8897185018952,102.72106622038,18.1328390261699));
#1328=CARTESIAN_POINT('Ctrl Pts',(-19.7703306609467,102.518873615391,10.2017665618752));
#1329=CARTESIAN_POINT('Ctrl Pts',(-21.4199827875184,102.384078545398,3.40152969372176));
#1330=CARTESIAN_POINT('Ctrl Pts',(-21.4199827875184,102.316681010401,1.57391480151155E-14));
#1331=CARTESIAN_POINT('Ctrl Pts',(-15.7656181283922,110.046639174068,-14.5745756461563));
#1332=CARTESIAN_POINT('Ctrl Pts',(-13.4510918499044,109.979241639071,-17.0782463080456));
#1333=CARTESIAN_POINT('Ctrl Pts',(-7.60999436835801,109.844446569078,-20.9608694122184));
#1334=CARTESIAN_POINT('Ctrl Pts',(2.85081957223593,109.642253964089,-22.116661658266));
#1335=CARTESIAN_POINT('Ctrl Pts',(12.6752860940852,109.440061359099,-18.346706554233));
#1336=CARTESIAN_POINT('Ctrl Pts',(19.6776942539629,109.23786875411,-10.4910223133674));
#1337=CARTESIAN_POINT('Ctrl Pts',(22.297506206138,109.03567614912,-0.298912274971929));
#1338=CARTESIAN_POINT('Ctrl Pts',(19.9517930327344,108.833483544131,9.95973901993954));
#1339=CARTESIAN_POINT('Ctrl Pts',(13.1627080337381,108.631290939142,18.0003541043363));
#1340=CARTESIAN_POINT('Ctrl Pts',(3.44230428928574,108.429098334152,22.0322567967597));
#1341=CARTESIAN_POINT('Ctrl Pts',(-7.04472307386815,108.226905729163,21.1575451385386));
#1342=CARTESIAN_POINT('Ctrl Pts',(-15.9628717323966,108.024713124173,15.5710145335153));
#1343=CARTESIAN_POINT('Ctrl Pts',(-21.3260683297503,107.822520519184,6.5167958655157));
#1344=CARTESIAN_POINT('Ctrl Pts',(-21.9399151488316,107.620327914194,-3.98872348977367));
#1345=CARTESIAN_POINT('Ctrl Pts',(-17.6677102343791,107.418135309205,-13.6059478935789));
#1346=CARTESIAN_POINT('Ctrl Pts',(-9.46087888103774,107.215942704215,-20.1931070026497));
#1347=CARTESIAN_POINT('Ctrl Pts',(0.85290444779374,107.013750099226,-22.2832303307378));
#1348=CARTESIAN_POINT('Ctrl Pts',(10.9767447446766,106.811557494237,-19.4108442691711));
#1349=CARTESIAN_POINT('Ctrl Pts',(18.6560471907464,106.609364889247,-12.2156335562947));
#1350=CARTESIAN_POINT('Ctrl Pts',(22.1806194743367,106.407172284258,-2.29998260883719));
#1351=CARTESIAN_POINT('Ctrl Pts',(20.7655339369456,106.204979679268,8.12787797584695));
#1352=CARTESIAN_POINT('Ctrl Pts',(14.7259323056228,106.002787074279,16.7456477329631));
#1353=CARTESIAN_POINT('Ctrl Pts',(5.40684306632276,105.800594469289,21.6341361746012));
#1354=CARTESIAN_POINT('Ctrl Pts',(-5.11635836255592,105.5984018643,21.7046694869491));
#1355=CARTESIAN_POINT('Ctrl Pts',(-14.5001390021736,105.39620925931,16.9415397437017));
#1356=CARTESIAN_POINT('Ctrl Pts',(-20.6547164988813,105.194016654321,8.40550331467212));
#1357=CARTESIAN_POINT('Ctrl Pts',(-22.2094572257046,104.991824049332,-2.00245168440227));
#1358=CARTESIAN_POINT('Ctrl Pts',(-18.818117679912,104.789631444342,-11.9644573132584));
#1359=CARTESIAN_POINT('Ctrl Pts',(-11.235955137395,104.587438839353,-19.2619607233643));
#1360=CARTESIAN_POINT('Ctrl Pts',(-1.15152711096964,104.385246234363,-22.26979462996));
#1361=CARTESIAN_POINT('Ctrl Pts',(9.18934537680724,104.183053629374,-20.3181143569608));
#1362=CARTESIAN_POINT('Ctrl Pts',(17.4837416711504,103.980861024384,-13.8415524979996));
#1363=CARTESIAN_POINT('Ctrl Pts',(21.8844713257134,103.778668419395,-4.28246955120045));
#1364=CARTESIAN_POINT('Ctrl Pts',(21.4115184468223,103.576475814405,6.23035507557675));
#1365=CARTESIAN_POINT('Ctrl Pts',(16.1701398777992,103.374283209416,15.3556083530839));
#1366=CARTESIAN_POINT('Ctrl Pts',(7.3277482608671,103.172090604426,21.0612750268681));
#1367=CARTESIAN_POINT('Ctrl Pts',(-3.14675630051934,102.969897999437,22.0762869101484));
#1368=CARTESIAN_POINT('Ctrl Pts',(-12.9199997168843,102.767705394448,18.1754642982061));
#1369=CARTESIAN_POINT('Ctrl Pts',(-19.8167895508481,102.565512789458,10.2256986411643));
#1370=CARTESIAN_POINT('Ctrl Pts',(-21.4702810935447,102.430717719465,3.40960388857947));
#1371=CARTESIAN_POINT('Ctrl Pts',(-21.4702810935447,102.363320184469,1.57761066108021E-14));
#1372=CARTESIAN_POINT('Ctrl Pts',(-15.8092167778267,110.183318989599,-14.614880555807));
#1373=CARTESIAN_POINT('Ctrl Pts',(-13.4883906144817,110.115921454602,-17.1253659326714));
#1374=CARTESIAN_POINT('Ctrl Pts',(-7.63096866458272,109.981126384609,-21.0188250451358));
#1375=CARTESIAN_POINT('Ctrl Pts',(2.8586672067626,109.77893377962,-22.1777502233134));
#1376=CARTESIAN_POINT('Ctrl Pts',(12.7103207684398,109.57674117463,-18.3974074410092));
#1377=CARTESIAN_POINT('Ctrl Pts',(19.7320573064197,109.374548569641,-10.520004594618));
#1378=CARTESIAN_POINT('Ctrl Pts',(22.359116936609,109.172355964651,-0.299740202864921));
#1379=CARTESIAN_POINT('Ctrl Pts',(20.0069182651135,108.970163359662,9.98725864780279));
#1380=CARTESIAN_POINT('Ctrl Pts',(13.1990771272166,108.767970754673,18.0500884603591));
#1381=CARTESIAN_POINT('Ctrl Pts',(3.45181503492478,108.565778149683,22.0931319311449));
#1382=CARTESIAN_POINT('Ctrl Pts',(-7.0641874320193,108.363585544694,21.2160031368607));
#1383=CARTESIAN_POINT('Ctrl Pts',(-16.006977066868,108.161392939704,15.6140371491487));
#1384=CARTESIAN_POINT('Ctrl Pts',(-21.3849920248682,107.959200334715,6.53480168903643));
#1385=CARTESIAN_POINT('Ctrl Pts',(-22.0005349449067,107.757007729725,-3.99974428485531));
#1386=CARTESIAN_POINT('Ctrl Pts',(-17.7165259455288,107.554815124736,-13.6435410056104));
#1387=CARTESIAN_POINT('Ctrl Pts',(-9.48701920447876,107.352622519746,-20.2489003663723));
#1388=CARTESIAN_POINT('Ctrl Pts',(0.855261016440287,107.150429914757,-22.3447986892002));
#1389=CARTESIAN_POINT('Ctrl Pts',(11.0070733871474,106.948237309768,-19.4644762501237));
#1390=CARTESIAN_POINT('Ctrl Pts',(18.7075936753064,106.746044704778,-12.2493852379812));
#1391=CARTESIAN_POINT('Ctrl Pts',(22.24190431866,106.543852099789,-2.30633743923687));
#1392=CARTESIAN_POINT('Ctrl Pts',(20.8229089134244,106.341659494799,8.15033522684289));
#1393=CARTESIAN_POINT('Ctrl Pts',(14.7666199190022,106.13946688981,16.7919158011163));
#1394=CARTESIAN_POINT('Ctrl Pts',(5.42178212334353,105.93727428482,21.6939110912677));
#1395=CARTESIAN_POINT('Ctrl Pts',(-5.1304948131491,105.735081679831,21.7646392851783));
#1396=CARTESIAN_POINT('Ctrl Pts',(-14.5402027504169,105.532889074841,16.9883490617509));
#1397=CARTESIAN_POINT('Ctrl Pts',(-20.7117852886152,105.330696469852,8.42872763777118));
#1398=CARTESIAN_POINT('Ctrl Pts',(-22.2708217467366,105.128503864863,-2.00798443107701));
#1399=CARTESIAN_POINT('Ctrl Pts',(-18.870111967396,104.926311259873,-11.9975150153785));
#1400=CARTESIAN_POINT('Ctrl Pts',(-11.266999967971,104.724118654884,-19.3151813022931));
#1401=CARTESIAN_POINT('Ctrl Pts',(-1.15470878774217,104.521926049894,-22.3313259465206));
#1402=CARTESIAN_POINT('Ctrl Pts',(9.21473549063798,104.319733444905,-20.3742529437415));
#1403=CARTESIAN_POINT('Ctrl Pts',(17.5320490049207,104.117540839915,-13.87979694561));
#1404=CARTESIAN_POINT('Ctrl Pts',(21.9449380875536,103.915348234926,-4.29430119698684));
#1405=CARTESIAN_POINT('Ctrl Pts',(21.4706779080068,103.713155629936,6.24756784162223));
#1406=CARTESIAN_POINT('Ctrl Pts',(16.2148185919405,103.510963024947,15.3980392389626));
#1407=CARTESIAN_POINT('Ctrl Pts',(7.34799311341234,103.308770419958,21.1194597331433));
#1408=CARTESIAN_POINT('Ctrl Pts',(-3.15544741228009,103.106577814968,22.1372989819324));
#1409=CARTESIAN_POINT('Ctrl Pts',(-12.9557056817899,102.904385209979,18.2256487800444));
#1410=CARTESIAN_POINT('Ctrl Pts',(-19.8715327326325,102.702192604989,10.254017548931));
#1411=CARTESIAN_POINT('Ctrl Pts',(-21.5296555659588,102.567397534996,3.41888445372414));
#1412=CARTESIAN_POINT('Ctrl Pts',(-21.5296555659589,102.5,1.58197342653579E-14));
#1413=CARTESIAN_POINT('Ctrl Pts',(-15.7656181283923,110.31999880513,-14.5745756461563));
#1414=CARTESIAN_POINT('Ctrl Pts',(-13.4510918499044,110.252601270133,-17.0782463080457));
#1415=CARTESIAN_POINT('Ctrl Pts',(-7.60999436835802,110.11780620014,-20.9608694122184));
#1416=CARTESIAN_POINT('Ctrl Pts',(2.85081957223593,109.915613595151,-22.116661658266));
#1417=CARTESIAN_POINT('Ctrl Pts',(12.6752860940852,109.713420990161,-18.346706554233));
#1418=CARTESIAN_POINT('Ctrl Pts',(19.6776942539629,109.511228385172,-10.4910223133675));
#1419=CARTESIAN_POINT('Ctrl Pts',(22.297506206138,109.309035780182,-0.298912274971926));
#1420=CARTESIAN_POINT('Ctrl Pts',(19.9517930327344,109.106843175193,9.95973901993955));
#1421=CARTESIAN_POINT('Ctrl Pts',(13.1627080337381,108.904650570204,18.0003541043363));
#1422=CARTESIAN_POINT('Ctrl Pts',(3.44230428928574,108.702457965214,22.0322567967597));
#1423=CARTESIAN_POINT('Ctrl Pts',(-7.04472307386815,108.500265360225,21.1575451385386));
#1424=CARTESIAN_POINT('Ctrl Pts',(-15.9628717323966,108.298072755235,15.5710145335153));
#1425=CARTESIAN_POINT('Ctrl Pts',(-21.3260683297503,108.095880150246,6.51679586551571));
#1426=CARTESIAN_POINT('Ctrl Pts',(-21.9399151488316,107.893687545256,-3.98872348977367));
#1427=CARTESIAN_POINT('Ctrl Pts',(-17.6677102343791,107.691494940267,-13.6059478935789));
#1428=CARTESIAN_POINT('Ctrl Pts',(-9.46087888103775,107.489302335277,-20.1931070026497));
#1429=CARTESIAN_POINT('Ctrl Pts',(0.852904447793741,107.287109730288,-22.2832303307378));
#1430=CARTESIAN_POINT('Ctrl Pts',(10.9767447446766,107.084917125299,-19.4108442691711));
#1431=CARTESIAN_POINT('Ctrl Pts',(18.6560471907465,106.882724520309,-12.2156335562947));
#1432=CARTESIAN_POINT('Ctrl Pts',(22.1806194743367,106.68053191532,-2.2999826088372));
#1433=CARTESIAN_POINT('Ctrl Pts',(20.7655339369456,106.47833931033,8.12787797584696));
#1434=CARTESIAN_POINT('Ctrl Pts',(14.7259323056228,106.276146705341,16.7456477329631));
#1435=CARTESIAN_POINT('Ctrl Pts',(5.40684306632277,106.073954100351,21.6341361746012));
#1436=CARTESIAN_POINT('Ctrl Pts',(-5.11635836255592,105.871761495362,21.7046694869492));
#1437=CARTESIAN_POINT('Ctrl Pts',(-14.5001390021736,105.669568890372,16.9415397437017));
#1438=CARTESIAN_POINT('Ctrl Pts',(-20.6547164988814,105.467376285383,8.40550331467212));
#1439=CARTESIAN_POINT('Ctrl Pts',(-22.2094572257046,105.265183680394,-2.00245168440227));
#1440=CARTESIAN_POINT('Ctrl Pts',(-18.818117679912,105.062991075404,-11.9644573132585));
#1441=CARTESIAN_POINT('Ctrl Pts',(-11.235955137395,104.860798470415,-19.2619607233643));
#1442=CARTESIAN_POINT('Ctrl Pts',(-1.15152711096963,104.658605865425,-22.26979462996));
#1443=CARTESIAN_POINT('Ctrl Pts',(9.18934537680725,104.456413260436,-20.3181143569609));
#1444=CARTESIAN_POINT('Ctrl Pts',(17.4837416711504,104.254220655446,-13.8415524979996));
#1445=CARTESIAN_POINT('Ctrl Pts',(21.8844713257134,104.052028050457,-4.28246955120046));
#1446=CARTESIAN_POINT('Ctrl Pts',(21.4115184468223,103.849835445467,6.23035507557675));
#1447=CARTESIAN_POINT('Ctrl Pts',(16.1701398777992,103.647642840478,15.3556083530839));
#1448=CARTESIAN_POINT('Ctrl Pts',(7.32774826086712,103.445450235489,21.0612750268681));
#1449=CARTESIAN_POINT('Ctrl Pts',(-3.14675630051935,103.243257630499,22.0762869101484));
#1450=CARTESIAN_POINT('Ctrl Pts',(-12.9199997168843,103.04106502551,18.1754642982062));
#1451=CARTESIAN_POINT('Ctrl Pts',(-19.8167895508481,102.83887242052,10.2256986411643));
#1452=CARTESIAN_POINT('Ctrl Pts',(-21.4702810935447,102.704077350527,3.40960388857948));
#1453=CARTESIAN_POINT('Ctrl Pts',(-21.4702810935447,102.636679815531,1.57761066108021E-14));
#1454=CARTESIAN_POINT('Ctrl Pts',(-15.7286841040141,110.366637979197,-14.5404318702617));
#1455=CARTESIAN_POINT('Ctrl Pts',(-13.4196387953945,110.299240444201,-17.0381736543563));
#1456=CARTESIAN_POINT('Ctrl Pts',(-7.59212533277275,110.164445374208,-20.9117586146559));
#1457=CARTESIAN_POINT('Ctrl Pts',(2.84411993103786,109.962252769218,-22.0648062766244));
#1458=CARTESIAN_POINT('Ctrl Pts',(12.6455813435905,109.760060164229,-18.3037050919461));
#1459=CARTESIAN_POINT('Ctrl Pts',(19.6315638616939,109.55786755924,-10.4664276453223));
#1460=CARTESIAN_POINT('Ctrl Pts',(22.2452400170559,109.35567495425,-0.298212777460352));
#1461=CARTESIAN_POINT('Ctrl Pts',(19.9050229475916,109.153482349261,9.93639281699081));
#1462=CARTESIAN_POINT('Ctrl Pts',(13.1318535267962,108.951289744271,17.9581589573534));
#1463=CARTESIAN_POINT('Ctrl Pts',(3.43423495547572,108.749097139282,21.980610800131));
#1464=CARTESIAN_POINT('Ctrl Pts',(-7.02820935478283,108.546904534292,21.1079493815914));
#1465=CARTESIAN_POINT('Ctrl Pts',(-15.9254529813896,108.344711929303,15.5345143281812));
#1466=CARTESIAN_POINT('Ctrl Pts',(-21.2760775753332,108.142519324313,6.50151973988138));
#1467=CARTESIAN_POINT('Ctrl Pts',(-21.8884854954287,107.940326719324,-3.97937346095536));
#1468=CARTESIAN_POINT('Ctrl Pts',(-17.6262951031514,107.738134114335,-13.5740540035115));
#1469=CARTESIAN_POINT('Ctrl Pts',(-9.4387015043541,107.535941509345,-20.1457720563358));
#1470=CARTESIAN_POINT('Ctrl Pts',(0.850905143477816,107.333748904356,-22.230995899099));
#1471=CARTESIAN_POINT('Ctrl Pts',(10.9510140031455,107.131556299366,-19.3653430369696));
#1472=CARTESIAN_POINT('Ctrl Pts',(18.6123152894647,106.929363694377,-12.186998718731));
#1473=CARTESIAN_POINT('Ctrl Pts',(22.1286255734851,106.727171089387,-2.29459118735016));
#1474=CARTESIAN_POINT('Ctrl Pts',(20.7168571580849,106.524978484398,8.10882530327718));
#1475=CARTESIAN_POINT('Ctrl Pts',(14.6914130414222,106.322785879409,16.7063940254889));
#1476=CARTESIAN_POINT('Ctrl Pts',(5.39416880983476,106.120593274419,21.5834232932544));
#1477=CARTESIAN_POINT('Ctrl Pts',(-5.10436503538655,105.91840066943,21.6537912667071));
#1478=CARTESIAN_POINT('Ctrl Pts',(-14.4661490230156,105.71620806444,16.9018268442455));
#1479=CARTESIAN_POINT('Ctrl Pts',(-20.6062994891965,105.514015459451,8.38579985425815));
#1480=CARTESIAN_POINT('Ctrl Pts',(-22.1573957248682,105.311822854461,-1.99775770433267));
#1481=CARTESIAN_POINT('Ctrl Pts',(-18.7740058690696,105.109630249472,-11.9364112719647));
#1482=CARTESIAN_POINT('Ctrl Pts',(-11.2096167726111,104.907437644482,-19.2168084689122));
#1483=CARTESIAN_POINT('Ctrl Pts',(-1.14882781070319,104.705245039493,-22.2175917402466));
#1484=CARTESIAN_POINT('Ctrl Pts',(9.1678045259743,104.503052434503,-20.2704862794163));
#1485=CARTESIAN_POINT('Ctrl Pts',(17.4427577400946,104.300859829514,-13.8091065350592));
#1486=CARTESIAN_POINT('Ctrl Pts',(21.8331717302032,104.098667224525,-4.27243050104485));
#1487=CARTESIAN_POINT('Ctrl Pts',(21.3613271941589,103.896474619535,6.21574945294487));
#1488=CARTESIAN_POINT('Ctrl Pts',(16.1322356745355,103.694282014546,15.3196150871459));
#1489=CARTESIAN_POINT('Ctrl Pts',(7.31057022313658,103.492089409556,21.0119006832585));
#1490=CARTESIAN_POINT('Ctrl Pts',(-3.13937799413353,103.289896804567,22.0245466110031));
#1491=CARTESIAN_POINT('Ctrl Pts',(-12.8897185018952,103.087704199577,18.1328390261699));
#1492=CARTESIAN_POINT('Ctrl Pts',(-19.7703306609467,102.885511594588,10.2017665618753));
#1493=CARTESIAN_POINT('Ctrl Pts',(-21.4199827875185,102.750716524595,3.40152969372177));
#1494=CARTESIAN_POINT('Ctrl Pts',(-21.4199827875185,102.683318989598,1.57391480151155E-14));
#1495=CARTESIAN_POINT('',(0.840221212223831,110.,-21.4034971659333));
#1496=CARTESIAN_POINT('Ctrl Pts',(-15.7286841040138,110.,-14.5404318702619));
#1497=CARTESIAN_POINT('Ctrl Pts',(-14.1350640779726,110.,-16.3399313490994));
#1498=CARTESIAN_POINT('Ctrl Pts',(-12.023664328458,110.,-18.0484700682546));
#1499=CARTESIAN_POINT('Ctrl Pts',(-7.69590775699613,110.,-20.170311828616));
#1500=CARTESIAN_POINT('Ctrl Pts',(-5.85557728255933,110.,-20.7748069809775));
#1501=CARTESIAN_POINT('Ctrl Pts',(-2.37691813208304,110.,-21.400745882981));
#1502=CARTESIAN_POINT('Ctrl Pts',(-0.758626200861723,110.,-21.500508140652));
#1503=CARTESIAN_POINT('Ctrl Pts',(0.840221212223733,110.,-21.4034971659333));
#1504=CARTESIAN_POINT('',(-21.4199827875185,102.683318989598,1.57391480151155E-14));
#1505=CARTESIAN_POINT('Origin',(-21.25,102.5,1.56142466891288E-14));
#1506=CARTESIAN_POINT('Ctrl Pts',(0.840703681540177,110.,-21.4038717291983));
#1507=CARTESIAN_POINT('Ctrl Pts',(1.47524634478949,109.98741758974,-21.3795347428589));
#1508=CARTESIAN_POINT('Ctrl Pts',(5.5013305147371,109.907437644482,-21.045158547206));
#1509=CARTESIAN_POINT('Ctrl Pts',(12.6455813435905,109.760060164229,-18.3037050919461));
#1510=CARTESIAN_POINT('Ctrl Pts',(19.6315638616939,109.55786755924,-10.4664276453223));
#1511=CARTESIAN_POINT('Ctrl Pts',(22.2452400170559,109.35567495425,-0.298212777460352));
#1512=CARTESIAN_POINT('Ctrl Pts',(19.9050229475916,109.153482349261,9.93639281699081));
#1513=CARTESIAN_POINT('Ctrl Pts',(13.1318535267962,108.951289744271,17.9581589573534));
#1514=CARTESIAN_POINT('Ctrl Pts',(3.43423495547572,108.749097139282,21.980610800131));
#1515=CARTESIAN_POINT('Ctrl Pts',(-7.02820935478283,108.546904534292,21.1079493815914));
#1516=CARTESIAN_POINT('Ctrl Pts',(-15.9254529813896,108.344711929303,15.5345143281812));
#1517=CARTESIAN_POINT('Ctrl Pts',(-21.2760775753332,108.142519324313,6.50151973988138));
#1518=CARTESIAN_POINT('Ctrl Pts',(-21.8884854954287,107.940326719324,-3.97937346095536));
#1519=CARTESIAN_POINT('Ctrl Pts',(-17.6262951031514,107.738134114335,-13.5740540035115));
#1520=CARTESIAN_POINT('Ctrl Pts',(-9.4387015043541,107.535941509345,-20.1457720563358));
#1521=CARTESIAN_POINT('Ctrl Pts',(0.850905143477816,107.333748904356,-22.230995899099));
#1522=CARTESIAN_POINT('Ctrl Pts',(10.9510140031455,107.131556299366,-19.3653430369696));
#1523=CARTESIAN_POINT('Ctrl Pts',(18.6123152894647,106.929363694377,-12.186998718731));
#1524=CARTESIAN_POINT('Ctrl Pts',(22.1286255734851,106.727171089387,-2.29459118735016));
#1525=CARTESIAN_POINT('Ctrl Pts',(20.7168571580849,106.524978484398,8.10882530327718));
#1526=CARTESIAN_POINT('Ctrl Pts',(14.6914130414222,106.322785879409,16.7063940254889));
#1527=CARTESIAN_POINT('Ctrl Pts',(5.39416880983476,106.120593274419,21.5834232932544));
#1528=CARTESIAN_POINT('Ctrl Pts',(-5.10436503538655,105.91840066943,21.6537912667071));
#1529=CARTESIAN_POINT('Ctrl Pts',(-14.4661490230156,105.71620806444,16.9018268442455));
#1530=CARTESIAN_POINT('Ctrl Pts',(-20.6062994891965,105.514015459451,8.38579985425815));
#1531=CARTESIAN_POINT('Ctrl Pts',(-22.1573957248682,105.311822854461,-1.99775770433267));
#1532=CARTESIAN_POINT('Ctrl Pts',(-18.7740058690696,105.109630249472,-11.9364112719647));
#1533=CARTESIAN_POINT('Ctrl Pts',(-11.2096167726111,104.907437644482,-19.2168084689122));
#1534=CARTESIAN_POINT('Ctrl Pts',(-1.14882781070319,104.705245039493,-22.2175917402466));
#1535=CARTESIAN_POINT('Ctrl Pts',(9.1678045259743,104.503052434503,-20.2704862794163));
#1536=CARTESIAN_POINT('Ctrl Pts',(17.4427577400946,104.300859829514,-13.8091065350592));
#1537=CARTESIAN_POINT('Ctrl Pts',(21.8331717302032,104.098667224525,-4.27243050104485));
#1538=CARTESIAN_POINT('Ctrl Pts',(21.3613271941589,103.896474619535,6.21574945294487));
#1539=CARTESIAN_POINT('Ctrl Pts',(16.1322356745355,103.694282014546,15.3196150871459));
#1540=CARTESIAN_POINT('Ctrl Pts',(7.31057022313658,103.492089409556,21.0119006832585));
#1541=CARTESIAN_POINT('Ctrl Pts',(-3.13937799413353,103.289896804567,22.0245466110031));
#1542=CARTESIAN_POINT('Ctrl Pts',(-12.8897185018952,103.087704199577,18.1328390261699));
#1543=CARTESIAN_POINT('Ctrl Pts',(-19.7703306609467,102.885511594588,10.2017665618753));
#1544=CARTESIAN_POINT('Ctrl Pts',(-21.4199827875185,102.750716524595,3.40152969372177));
#1545=CARTESIAN_POINT('Ctrl Pts',(-21.4199827875185,102.683318989598,1.57391480151155E-14));
#1546=CARTESIAN_POINT('Ctrl Pts',(0.840221212221938,110.,-21.4034971659334));
#1547=CARTESIAN_POINT('Ctrl Pts',(4.2567591012477,109.932252953607,-21.2693766722372));
#1548=CARTESIAN_POINT('Ctrl Pts',(11.0215460950471,109.796758860822,-19.3353986172781));
#1549=CARTESIAN_POINT('Ctrl Pts',(18.6917806004012,109.593517721644,-12.0811119523825));
#1550=CARTESIAN_POINT('Ctrl Pts',(22.1557222511365,109.390276582466,-2.10977097519384));
#1551=CARTESIAN_POINT('Ctrl Pts',(20.6357682190786,109.187035443289,8.33669772197388));
#1552=CARTESIAN_POINT('Ctrl Pts',(14.4730714785099,108.983794304111,16.9074188144096));
#1553=CARTESIAN_POINT('Ctrl Pts',(5.05444632708234,108.780553164933,21.6745332736389));
#1554=CARTESIAN_POINT('Ctrl Pts',(-5.50134877151998,108.577312025755,21.565416888503));
#1555=CARTESIAN_POINT('Ctrl Pts',(-14.8194629168587,108.374070886577,16.6046896975979));
#1556=CARTESIAN_POINT('Ctrl Pts',(-20.8036124714029,108.1708297474,7.90834686451988));
#1557=CARTESIAN_POINT('Ctrl Pts',(-22.1075075747718,107.967588608222,-2.56715438026358));
#1558=CARTESIAN_POINT('Ctrl Pts',(-18.4378159340389,107.764347469044,-12.4651179375967));
#1559=CARTESIAN_POINT('Ctrl Pts',(-10.6201145086967,107.561106329866,-19.5587669332808));
#1560=CARTESIAN_POINT('Ctrl Pts',(-0.413176009360258,107.357865190688,-22.2522244323933));
#1561=CARTESIAN_POINT('Ctrl Pts',(9.88671617851326,107.15462405151,-19.9395347665617));
#1562=CARTESIAN_POINT('Ctrl Pts',(17.9623652620646,106.951382912333,-13.1409907526173));
#1563=CARTESIAN_POINT('Ctrl Pts',(21.9969694519401,106.748141773155,-3.38608020819338));
#1564=CARTESIAN_POINT('Ctrl Pts',(21.0828521450797,106.544900633977,7.13060650842001));
#1565=CARTESIAN_POINT('Ctrl Pts',(15.4256649895455,106.341659494799,16.043100192312));
#1566=CARTESIAN_POINT('Ctrl Pts',(6.29812161597673,106.138418355621,21.3463314848145));
#1567=CARTESIAN_POINT('Ctrl Pts',(-4.24632827113238,105.935177216444,21.847217224619));
#1568=CARTESIAN_POINT('Ctrl Pts',(-13.8354695046139,105.731936077266,17.4330716557667));
#1569=CARTESIAN_POINT('Ctrl Pts',(-20.3120053285974,105.528694938088,9.09695789989328));
#1570=CARTESIAN_POINT('Ctrl Pts',(-22.2188910256419,105.32545379891,-1.28572477418807));
#1571=CARTESIAN_POINT('Ctrl Pts',(-19.1271286818181,105.122212659732,-11.3791539455884));
#1572=CARTESIAN_POINT('Ctrl Pts',(-11.7322817150904,104.918971520554,-18.9125827790244));
#1573=CARTESIAN_POINT('Ctrl Pts',(-1.69798851145662,104.715730381377,-22.1911921220033));
#1574=CARTESIAN_POINT('Ctrl Pts',(8.71830374672875,104.512489242199,-20.4773880602397));
#1575=CARTESIAN_POINT('Ctrl Pts',(17.1732190277282,104.309248103021,-14.1567209947551));
#1576=CARTESIAN_POINT('Ctrl Pts',(21.764615490754,104.106006963843,-4.6511887104766));
#1577=CARTESIAN_POINT('Ctrl Pts',(21.459585800557,103.902765824665,5.90076245683267));
#1578=CARTESIAN_POINT('Ctrl Pts',(16.3266848757226,103.699524685488,15.1251436342522));
#1579=CARTESIAN_POINT('Ctrl Pts',(7.52082191080086,103.49628354631,20.9469018397738));
#1580=CARTESIAN_POINT('Ctrl Pts',(-2.97722857802635,103.293042407132,22.055912405327));
#1581=CARTESIAN_POINT('Ctrl Pts',(-12.805018505833,103.089801267954,18.2035004624058));
#1582=CARTESIAN_POINT('Ctrl Pts',(-19.7528490346963,102.886560128776,10.254612280666));
#1583=CARTESIAN_POINT('Ctrl Pts',(-21.4199827875184,102.751066035991,3.41916940995589));
#1584=CARTESIAN_POINT('Ctrl Pts',(-21.4199827875184,102.683318989598,1.57391480151155E-14));
#1585=CARTESIAN_POINT('Ctrl Pts',(0.828141939855442,110.285537887365,-21.0957940657234));
#1586=CARTESIAN_POINT('Ctrl Pts',(4.19556265460413,110.217790840973,-20.9636017285053));
#1587=CARTESIAN_POINT('Ctrl Pts',(10.8630970399109,110.082296748187,-19.0574271226104));
#1588=CARTESIAN_POINT('Ctrl Pts',(18.4230619515468,109.879055609009,-11.9074302604183));
#1589=CARTESIAN_POINT('Ctrl Pts',(21.8372049372969,109.675814469832,-2.0794402743384));
#1590=CARTESIAN_POINT('Ctrl Pts',(20.3391022206673,109.472573330654,8.21684685299311));
#1591=CARTESIAN_POINT('Ctrl Pts',(14.265002258374,109.269332191476,16.6643526862246));
#1592=CARTESIAN_POINT('Ctrl Pts',(4.98178208942852,109.066091052298,21.3629336769843));
#1593=CARTESIAN_POINT('Ctrl Pts',(-5.4222597301727,108.86284991312,21.2553859817559));
#1594=CARTESIAN_POINT('Ctrl Pts',(-14.6064138694244,108.659608773943,16.3659756940702));
#1595=CARTESIAN_POINT('Ctrl Pts',(-20.5045334936364,108.456367634765,7.79465409604924));
#1596=CARTESIAN_POINT('Ctrl Pts',(-21.7896834095929,108.253126495587,-2.53024819827843));
#1597=CARTESIAN_POINT('Ctrl Pts',(-18.1727483574639,108.049885356409,-12.2859156603172));
#1598=CARTESIAN_POINT('Ctrl Pts',(-10.4674365545486,107.846644217231,-19.277584228651));
#1599=CARTESIAN_POINT('Ctrl Pts',(-0.407236067021542,107.643403078054,-21.9323197742278));
#1600=CARTESIAN_POINT('Ctrl Pts',(9.74458177891307,107.440161938876,-19.6528780292608));
#1601=CARTESIAN_POINT('Ctrl Pts',(17.7041329070718,107.236920799698,-12.952071924864));
#1602=CARTESIAN_POINT('Ctrl Pts',(21.6807344159966,107.03367966052,-3.33740090267882));
#1603=CARTESIAN_POINT('Ctrl Pts',(20.7797587339416,106.830438521342,7.02809476877261));
#1604=CARTESIAN_POINT('Ctrl Pts',(15.2039009991431,106.627197382164,15.8124597680915));
#1605=CARTESIAN_POINT('Ctrl Pts',(6.20757792904037,106.423956242987,21.0394502155964));
#1606=CARTESIAN_POINT('Ctrl Pts',(-4.1852817812337,106.220715103809,21.5331350716484));
#1607=CARTESIAN_POINT('Ctrl Pts',(-13.6365666418516,106.017473964631,17.1824485845426));
#1608=CARTESIAN_POINT('Ctrl Pts',(-20.0199938426876,105.814232825453,8.96617730237804));
#1609=CARTESIAN_POINT('Ctrl Pts',(-21.8994655785379,105.610991686275,-1.26724080888243));
#1610=CARTESIAN_POINT('Ctrl Pts',(-18.8521513382615,105.407750547097,-11.2155638126452));
#1611=CARTESIAN_POINT('Ctrl Pts',(-11.5636149113301,105.20450940792,-18.6406898117692));
#1612=CARTESIAN_POINT('Ctrl Pts',(-1.6735777189097,105.001268268742,-21.8721648826528));
#1613=CARTESIAN_POINT('Ctrl Pts',(8.5929667949847,104.798027129564,-20.1829989825349));
#1614=CARTESIAN_POINT('Ctrl Pts',(16.926331675888,104.594785990386,-13.9531997241364));
#1615=CARTESIAN_POINT('Ctrl Pts',(21.4517208451051,104.391544851208,-4.58432182536994));
#1616=CARTESIAN_POINT('Ctrl Pts',(21.1510763532989,104.188303712031,5.81593132444839));
#1617=CARTESIAN_POINT('Ctrl Pts',(16.0919675529663,103.985062572853,14.9077000290647));
#1618=CARTESIAN_POINT('Ctrl Pts',(7.41270031739305,103.781821433675,20.6457628910345));
#1619=CARTESIAN_POINT('Ctrl Pts',(-2.93442704627712,103.578580294497,21.738829987792));
#1620=CARTESIAN_POINT('Ctrl Pts',(-12.6209297159524,103.375339155319,17.9418014753883));
#1621=CARTESIAN_POINT('Ctrl Pts',(-19.4688761475165,103.172098016141,10.1071888962654));
#1622=CARTESIAN_POINT('Ctrl Pts',(-21.1120426850639,103.036603923356,3.37001440414399));
#1623=CARTESIAN_POINT('Ctrl Pts',(-21.1120426850639,102.968856876964,1.55128772986355E-14));
#1624=CARTESIAN_POINT('Ctrl Pts',(0.816062667488945,110.57107577473,-20.7880909655135));
#1625=CARTESIAN_POINT('Ctrl Pts',(4.13436620796057,110.503328728338,-20.6578267847733));
#1626=CARTESIAN_POINT('Ctrl Pts',(10.7046479847747,110.367834635553,-18.7794556279426));
#1627=CARTESIAN_POINT('Ctrl Pts',(18.1543433026925,110.164593496375,-11.733748568454));
#1628=CARTESIAN_POINT('Ctrl Pts',(21.5186876234574,109.961352357197,-2.04910957348297));
#1629=CARTESIAN_POINT('Ctrl Pts',(20.0424362222561,109.758111218019,8.09699598401235));
#1630=CARTESIAN_POINT('Ctrl Pts',(14.0569330382381,109.554870078841,16.4212865580396));
#1631=CARTESIAN_POINT('Ctrl Pts',(4.90911785177471,109.351628939663,21.0513340803297));
#1632=CARTESIAN_POINT('Ctrl Pts',(-5.34317068882542,109.148387800486,20.9453550750089));
#1633=CARTESIAN_POINT('Ctrl Pts',(-14.3933648219902,108.945146661308,16.1272616905424));
#1634=CARTESIAN_POINT('Ctrl Pts',(-20.2054545158698,108.74190552213,7.68096132757861));
#1635=CARTESIAN_POINT('Ctrl Pts',(-21.471859244414,108.538664382952,-2.49334201629328));
#1636=CARTESIAN_POINT('Ctrl Pts',(-17.9076807808889,108.335423243774,-12.1067133830376));
#1637=CARTESIAN_POINT('Ctrl Pts',(-10.3147586004004,108.132182104596,-18.9964015240211));
#1638=CARTESIAN_POINT('Ctrl Pts',(-0.401296124682824,107.928940965419,-21.6124151160623));
#1639=CARTESIAN_POINT('Ctrl Pts',(9.60244737931287,107.725699826241,-19.36622129196));
#1640=CARTESIAN_POINT('Ctrl Pts',(17.445900552079,107.522458687063,-12.7631530971106));
#1641=CARTESIAN_POINT('Ctrl Pts',(21.3644993800531,107.319217547885,-3.28872159716424));
#1642=CARTESIAN_POINT('Ctrl Pts',(20.4766653228034,107.115976408707,6.92558302912521));
#1643=CARTESIAN_POINT('Ctrl Pts',(14.9821370087408,106.912735269529,15.581819343871));
#1644=CARTESIAN_POINT('Ctrl Pts',(6.11703424210404,106.709494130352,20.7325689463784));
#1645=CARTESIAN_POINT('Ctrl Pts',(-4.12423529133503,106.506252991174,21.2190529186779));
#1646=CARTESIAN_POINT('Ctrl Pts',(-13.4376637790893,106.303011851996,16.9318255133186));
#1647=CARTESIAN_POINT('Ctrl Pts',(-19.7279823567778,106.099770712818,8.8353967048628));
#1648=CARTESIAN_POINT('Ctrl Pts',(-21.580040131434,105.89652957364,-1.2487568435768));
#1649=CARTESIAN_POINT('Ctrl Pts',(-18.5771739947049,105.693288434463,-11.0519736797021));
#1650=CARTESIAN_POINT('Ctrl Pts',(-11.3949481075699,105.490047295285,-18.368796844514));
#1651=CARTESIAN_POINT('Ctrl Pts',(-1.64916692636279,105.286806156107,-21.5531376433022));
#1652=CARTESIAN_POINT('Ctrl Pts',(8.46762984324065,105.083565016929,-19.88860990483));
#1653=CARTESIAN_POINT('Ctrl Pts',(16.6794443240478,104.880323877751,-13.7496784535178));
#1654=CARTESIAN_POINT('Ctrl Pts',(21.1388261994562,104.677082738574,-4.51745494026328));
#1655=CARTESIAN_POINT('Ctrl Pts',(20.8425669060408,104.473841599396,5.73110019206411));
#1656=CARTESIAN_POINT('Ctrl Pts',(15.8572502302099,104.270600460218,14.6902564238773));
#1657=CARTESIAN_POINT('Ctrl Pts',(7.30457872398524,104.06735932104,20.3446239422953));
#1658=CARTESIAN_POINT('Ctrl Pts',(-2.89162551452788,103.864118181862,21.421747570257));
#1659=CARTESIAN_POINT('Ctrl Pts',(-12.4368409260718,103.660877042684,17.6801024883709));
#1660=CARTESIAN_POINT('Ctrl Pts',(-19.1849032603367,103.457635903507,9.9597655118647));
#1661=CARTESIAN_POINT('Ctrl Pts',(-20.8041025826093,103.322141810721,3.32085939833209));
#1662=CARTESIAN_POINT('Ctrl Pts',(-20.8041025826094,103.254394764329,1.52866065821554E-14));
#1663=CARTESIAN_POINT('Ctrl Pts',(0.803983395122449,110.856613662096,-20.4803878653036));
#1664=CARTESIAN_POINT('Ctrl Pts',(4.073169761317,110.788866615703,-20.3520518410413));
#1665=CARTESIAN_POINT('Ctrl Pts',(10.5461989296385,110.653372522918,-18.5014841332749));
#1666=CARTESIAN_POINT('Ctrl Pts',(17.8856246538381,110.45013138374,-11.5600668764897));
#1667=CARTESIAN_POINT('Ctrl Pts',(21.2001703096179,110.246890244562,-2.01877887262753));
#1668=CARTESIAN_POINT('Ctrl Pts',(19.7457702238448,110.043649105384,7.97714511503158));
#1669=CARTESIAN_POINT('Ctrl Pts',(13.8488638181021,109.840407966206,16.1782204298546));
#1670=CARTESIAN_POINT('Ctrl Pts',(4.83645361412091,109.637166827029,20.7397344836751));
#1671=CARTESIAN_POINT('Ctrl Pts',(-5.26408164747814,109.433925687851,20.6353241682618));
#1672=CARTESIAN_POINT('Ctrl Pts',(-14.1803157745559,109.230684548673,15.8885476870146));
#1673=CARTESIAN_POINT('Ctrl Pts',(-19.9063755381033,109.027443409495,7.56726855910797));
#1674=CARTESIAN_POINT('Ctrl Pts',(-21.1540350792351,108.824202270317,-2.45643583430812));
#1675=CARTESIAN_POINT('Ctrl Pts',(-17.6426132043139,108.62096113114,-11.9275111057581));
#1676=CARTESIAN_POINT('Ctrl Pts',(-10.1620806462523,108.417719991962,-18.7152188193913));
#1677=CARTESIAN_POINT('Ctrl Pts',(-0.395356182344113,108.214478852784,-21.2925104578967));
#1678=CARTESIAN_POINT('Ctrl Pts',(9.46031297971269,108.011237713606,-19.0795645546591));
#1679=CARTESIAN_POINT('Ctrl Pts',(17.1876681970862,107.807996574428,-12.5742342693572));
#1680=CARTESIAN_POINT('Ctrl Pts',(21.0482643441096,107.60475543525,-3.24004229164968));
#1681=CARTESIAN_POINT('Ctrl Pts',(20.1735719116652,107.401514296073,6.82307128947782));
#1682=CARTESIAN_POINT('Ctrl Pts',(14.7603730183384,107.198273156895,15.3511789196505));
#1683=CARTESIAN_POINT('Ctrl Pts',(6.02649055516768,106.995032017717,20.4256876771603));
#1684=CARTESIAN_POINT('Ctrl Pts',(-4.06318880143635,106.791790878539,20.9049707657074));
#1685=CARTESIAN_POINT('Ctrl Pts',(-13.2387609163269,106.588549739361,16.6812024420945));
#1686=CARTESIAN_POINT('Ctrl Pts',(-19.435970870868,106.385308600184,8.70461610734757));
#1687=CARTESIAN_POINT('Ctrl Pts',(-21.26061468433,106.182067461006,-1.23027287827117));
#1688=CARTESIAN_POINT('Ctrl Pts',(-18.3021966511483,105.978826321828,-10.8883835467589));
#1689=CARTESIAN_POINT('Ctrl Pts',(-11.2262813038096,105.77558518265,-18.0969038772589));
#1690=CARTESIAN_POINT('Ctrl Pts',(-1.62475613381588,105.572344043472,-21.2341104039517));
#1691=CARTESIAN_POINT('Ctrl Pts',(8.34229289149661,105.369102904294,-19.5942208271251));
#1692=CARTESIAN_POINT('Ctrl Pts',(16.4325569722076,105.165861765117,-13.5461571828991));
#1693=CARTESIAN_POINT('Ctrl Pts',(20.8259315538073,104.962620625939,-4.45058805515663));
#1694=CARTESIAN_POINT('Ctrl Pts',(20.5340574587827,104.759379486761,5.64626905967983));
#1695=CARTESIAN_POINT('Ctrl Pts',(15.6225329074536,104.556138347583,14.4728128186898));
#1696=CARTESIAN_POINT('Ctrl Pts',(7.19645713057743,104.352897208405,20.0434849935561));
#1697=CARTESIAN_POINT('Ctrl Pts',(-2.84882398277865,104.149656069227,21.104665152722));
#1698=CARTESIAN_POINT('Ctrl Pts',(-12.2527521361911,103.94641493005,17.4184035013535));
#1699=CARTESIAN_POINT('Ctrl Pts',(-18.9009303731569,103.743173790872,9.81234212746404));
#1700=CARTESIAN_POINT('Ctrl Pts',(-20.4961624801548,103.607679698087,3.27170439252019));
#1701=CARTESIAN_POINT('Ctrl Pts',(-20.4961624801548,103.539932651694,1.50603358656754E-14));
#1702=CARTESIAN_POINT('Ctrl Pts',(0.840221212221938,110.,-21.4034971659334));
#1703=CARTESIAN_POINT('Ctrl Pts',(1.27467593978137,110.,-21.3771363786271));
#1704=CARTESIAN_POINT('Ctrl Pts',(1.7076378587877,110.,-21.3373346212896));
#1705=CARTESIAN_POINT('Ctrl Pts',(2.1385415732322,110.,-21.2843958249023));
#1706=CARTESIAN_POINT('Ctrl Pts',(2.57360867840939,110.,-21.2309455339817));
#1707=CARTESIAN_POINT('Ctrl Pts',(3.00657811651179,110.,-21.1641030193494));
#1708=CARTESIAN_POINT('Ctrl Pts',(3.43686845958124,110.,-21.0841272657241));
#1709=CARTESIAN_POINT('Ctrl Pts',(3.86937544413979,110.,-21.0037395168576));
#1710=CARTESIAN_POINT('Ctrl Pts',(4.29917618079904,110.,-20.9100827334209));
#1711=CARTESIAN_POINT('Ctrl Pts',(4.72567299159158,110.,-20.8033676113459));
#1712=CARTESIAN_POINT('Ctrl Pts',(5.15220698356081,110.,-20.6966431860506));
#1713=CARTESIAN_POINT('Ctrl Pts',(5.57543699119979,110.,-20.5768579736586));
#1714=CARTESIAN_POINT('Ctrl Pts',(5.99475018411101,110.,-20.4441729100311));
#1715=CARTESIAN_POINT('Ctrl Pts',(6.41006759161332,110.,-20.312752249838));
#1716=CARTESIAN_POINT('Ctrl Pts',(6.82154294517056,110.,-20.1686761892074));
#1717=CARTESIAN_POINT('Ctrl Pts',(7.22855876962399,110.,-20.0120553650888));
#1718=CARTESIAN_POINT('Ctrl Pts',(7.51158785602493,110.,-19.903144983481));
#1719=CARTESIAN_POINT('Ctrl Pts',(7.79246009633048,110.,-19.7881676591123));
#1720=CARTESIAN_POINT('Ctrl Pts',(8.07095968883842,110.,-19.6671482177501));
#1721=CARTESIAN_POINT('Ctrl Pts',(8.27983438321938,110.,-19.5763836367285));
#1722=CARTESIAN_POINT('Ctrl Pts',(8.48737433006656,110.,-19.4822201555749));
#1723=CARTESIAN_POINT('Ctrl Pts',(8.69348553459176,110.,-19.3846646419265));
#1724=CARTESIAN_POINT('Ctrl Pts',(8.73275039417335,110.,-19.3660799970324));
#1725=CARTESIAN_POINT('Ctrl Pts',(8.77196339459549,110.,-19.3473722413584));
#1726=CARTESIAN_POINT('Ctrl Pts',(8.81112387455888,110.,-19.328541409964));
#1727=CARTESIAN_POINT('Ctrl Pts',(8.84628417950147,110.,-19.3116341152944));
#1728=CARTESIAN_POINT('Ctrl Pts',(8.88139754800201,110.,-19.2946297996608));
#1729=CARTESIAN_POINT('Ctrl Pts',(8.91645662703673,110.,-19.2775319784566));
#1730=CARTESIAN_POINT('Ctrl Pts',(9.31035212766653,110.,-19.0854346664815));
#1731=CARTESIAN_POINT('Ctrl Pts',(9.69766404657619,110.,-18.8814095686548));
#1732=CARTESIAN_POINT('Ctrl Pts',(10.0778196055733,110.,-18.6656776678141));
#1733=CARTESIAN_POINT('Ctrl Pts',(10.2196070995209,110.,-18.5852156441482));
#1734=CARTESIAN_POINT('Ctrl Pts',(10.3603989234636,110.,-18.5031246113895));
#1735=CARTESIAN_POINT('Ctrl Pts',(10.5001647048472,110.,-18.4194142977788));
#1736=CARTESIAN_POINT('Ctrl Pts',(10.8731910184511,110.,-18.1959965957654));
#1737=CARTESIAN_POINT('Ctrl Pts',(11.2389104965209,110.,-17.9610477040052));
#1738=CARTESIAN_POINT('Ctrl Pts',(11.5969190169226,110.,-17.7150676121056));
#1739=CARTESIAN_POINT('Ctrl Pts',(11.9568791510305,110.,-17.4677466076537));
#1740=CARTESIAN_POINT('Ctrl Pts',(12.3090444347806,110.,-17.2092734472069));
#1741=CARTESIAN_POINT('Ctrl Pts',(12.6529743507962,110.,-16.9401125781867));
#1742=CARTESIAN_POINT('Ctrl Pts',(12.9970097012762,110.,-16.6708691957509));
#1743=CARTESIAN_POINT('Ctrl Pts',(13.3328050219503,110.,-16.3909311585796));
#1744=CARTESIAN_POINT('Ctrl Pts',(13.6598837726365,110.,-16.1007253750697));
#1745=CARTESIAN_POINT('Ctrl Pts',(13.9917012258233,110.,-15.8063151029799));
#1746=CARTESIAN_POINT('Ctrl Pts',(14.314548225308,110.,-15.5013370831583));
#1747=CARTESIAN_POINT('Ctrl Pts',(14.627883588796,110.,-15.1862033188207));
#1748=CARTESIAN_POINT('Ctrl Pts',(14.8628851114119,110.,-14.9498529955674));
#1749=CARTESIAN_POINT('Ctrl Pts',(15.0925354791157,110.,-14.7077893308139));
#1750=CARTESIAN_POINT('Ctrl Pts',(15.3165879905783,110.,-14.4601757210314));
#1751=CARTESIAN_POINT('Ctrl Pts',(15.3528114610467,110.,-14.4201430330559));
#1752=CARTESIAN_POINT('Ctrl Pts',(15.3888919215227,110.,-14.3799614489091));
#1753=CARTESIAN_POINT('Ctrl Pts',(15.4248081525321,110.,-14.3396544110101));
#1754=CARTESIAN_POINT('Ctrl Pts',(15.7142522544489,110.,-14.0148253836398));
#1755=CARTESIAN_POINT('Ctrl Pts',(15.993259428663,110.,-13.6816056344771));
#1756=CARTESIAN_POINT('Ctrl Pts',(16.261431217663,110.,-13.3404768241622));
#1757=CARTESIAN_POINT('Ctrl Pts',(16.530101364006,110.,-12.9987140767423));
#1758=CARTESIAN_POINT('Ctrl Pts',(16.7878961959375,110.,-12.6490124511914));
#1759=CARTESIAN_POINT('Ctrl Pts',(17.0343785269227,110.,-12.2918191060733));
#1760=CARTESIAN_POINT('Ctrl Pts',(17.0778251121798,110.,-12.2288578744917));
#1761=CARTESIAN_POINT('Ctrl Pts',(17.1209201194793,110.,-12.1656637915123));
#1762=CARTESIAN_POINT('Ctrl Pts',(17.1636610233856,110.,-12.1022392007904));
#1763=CARTESIAN_POINT('',(-20.,104.,1.46957615897682E-14));
#1764=CARTESIAN_POINT('Origin',(-20.4461882384293,102.5,1.5023615388574E-14));
#1765=CARTESIAN_POINT('Origin',(0.,110.,0.));
#1766=UNCERTAINTY_MEASURE_WITH_UNIT(LENGTH_MEASURE(0.01),#1770,
'DISTANCE_ACCURACY_VALUE',
'Maximum model space distance between geometric entities at asserted c
onnectivities');
#1767=UNCERTAINTY_MEASURE_WITH_UNIT(LENGTH_MEASURE(0.01),#1770,
'DISTANCE_ACCURACY_VALUE',
'Maximum model space distance between geometric entities at asserted c
onnectivities');
#1768=(
GEOMETRIC_REPRESENTATION_CONTEXT(3)
GLOBAL_UNCERTAINTY_ASSIGNED_CONTEXT((#1766))
GLOBAL_UNIT_ASSIGNED_CONTEXT((#1770,#1772,#1773))
REPRESENTATION_CONTEXT('','3D')
);
#1769=(
GEOMETRIC_REPRESENTATION_CONTEXT(3)
GLOBAL_UNCERTAINTY_ASSIGNED_CONTEXT((#1767))
GLOBAL_UNIT_ASSIGNED_CONTEXT((#1770,#1772,#1773))
REPRESENTATION_CONTEXT('','3D')
);
#1770=(
LENGTH_UNIT()
NAMED_UNIT(*)
SI_UNIT(.MILLI.,.METRE.)
);
#1771=(
LENGTH_UNIT()
NAMED_UNIT(*)
SI_UNIT(.CENTI.,.METRE.)
);
#1772=(
NAMED_UNIT(*)
PLANE_ANGLE_UNIT()
SI_UNIT($,.RADIAN.)
);
#1773=(
NAMED_UNIT(*)
SI_UNIT($,.STERADIAN.)
SOLID_ANGLE_UNIT()
);
#1774=SHAPE_DEFINITION_REPRESENTATION(#1775,#1776);
#1775=PRODUCT_DEFINITION_SHAPE('',$,#1778);
#1776=SHAPE_REPRESENTATION('',(#323),#1768);
#1777=PRODUCT_DEFINITION_CONTEXT('part definition',#1782,'design');
#1778=PRODUCT_DEFINITION('BTM cover_V2-00_26-02-24',
'BTM cover_V2-00_26-02-24',#1779,#1777);
#1779=PRODUCT_DEFINITION_FORMATION('',$,#1784);
#1780=PRODUCT_RELATED_PRODUCT_CATEGORY('BTM cover_V2-00_26-02-24',
'BTM cover_V2-00_26-02-24',(#1784));
#1781=APPLICATION_PROTOCOL_DEFINITION('international standard',
'automotive_design',2009,#1782);
#1782=APPLICATION_CONTEXT(
'Core Data for Automotive Mechanical Design Process');
#1783=PRODUCT_CONTEXT('part definition',#1782,'mechanical');
#1784=PRODUCT('BTM cover_V2-00_26-02-24','BTM cover_V2-00_26-02-24',$,(#1783));
#1785=PRESENTATION_STYLE_ASSIGNMENT((#1786));
#1786=SURFACE_STYLE_USAGE(.BOTH.,#1789);
#1787=SURFACE_STYLE_RENDERING_WITH_PROPERTIES($,#1793,(#1788));
#1788=SURFACE_STYLE_TRANSPARENT(0.);
#1789=SURFACE_SIDE_STYLE('',(#1790,#1787));
#1790=SURFACE_STYLE_FILL_AREA(#1791);
#1791=FILL_AREA_STYLE('',(#1792));
#1792=FILL_AREA_STYLE_COLOUR('',#1793);
#1793=COLOUR_RGB('',0.749019607843137,0.749019607843137,0.749019607843137);
ENDSEC;
END-ISO-10303-21;
